-- phpMyAdmin SQL Dump
-- version 4.9.7deb1
-- https://www.phpmyadmin.net/
--
-- Host: localhost:3306
-- Generation Time: Mar 08, 2021 at 01:29 PM
-- Server version: 8.0.23-0ubuntu0.20.10.1
-- PHP Version: 7.4.9

SET SQL_MODE = "NO_AUTO_VALUE_ON_ZERO";
SET AUTOCOMMIT = 0;
START TRANSACTION;
SET time_zone = "+00:00";


/*!40101 SET @OLD_CHARACTER_SET_CLIENT=@@CHARACTER_SET_CLIENT */;
/*!40101 SET @OLD_CHARACTER_SET_RESULTS=@@CHARACTER_SET_RESULTS */;
/*!40101 SET @OLD_COLLATION_CONNECTION=@@COLLATION_CONNECTION */;
/*!40101 SET NAMES utf8mb4 */;

--
-- Database: `geobd_mar7`
--
-- --------------------------------------------------------

--
-- Dumping data for table `divisions`
--

INSERT INTO `divisions` (`id`, `name`, `bn_name`, `created_at`, `updated_at`) VALUES
(1, 'Barisal', 'বরিশাল', '0000-00-00 00:00:00', '0000-00-00 00:00:00'),
(2, 'Chittagong', 'চট্টগ্রাম', '0000-00-00 00:00:00', '0000-00-00 00:00:00'),
(3, 'Dhaka', 'ঢাকা', '0000-00-00 00:00:00', '0000-00-00 00:00:00'),
(4, 'Khulna', 'খুলনা', '0000-00-00 00:00:00', '0000-00-00 00:00:00'),
(5, 'Rajshahi', 'রাজশাহী', '0000-00-00 00:00:00', '0000-00-00 00:00:00'),
(6, 'Rangpur', 'রংপুর', '0000-00-00 00:00:00', '0000-00-00 00:00:00'),
(7, 'Sylhet', 'সিলেট', '0000-00-00 00:00:00', '0000-00-00 00:00:00'),
(8, 'Mymensingh', 'ময়মনসিংহ', '0000-00-00 00:00:00', '0000-00-00 00:00:00');

-- --------------------------------------------------------

--
-- Dumping data for table `districts`
--

INSERT INTO `districts` (`id`, `name`, `bn_name`, `lat`, `lng`, `website`, `division_id`, `created_at`, `updated_at`) VALUES
(1, 'Dhaka', 'ঢাকা', 23.7115253, 90.4111451, 'www.dhaka.gov.bd', 3, '0000-00-00 00:00:00', '0000-00-00 00:00:00'),
(2, 'Faridpur', 'ফরিদপুর', 23.6070822, 89.8429406, 'www.faridpur.gov.bd', 3, '0000-00-00 00:00:00', '0000-00-00 00:00:00'),
(3, 'Gazipur', 'গাজীপুর', 24.0022858, 90.4264283, 'www.gazipur.gov.bd', 3, '0000-00-00 00:00:00', '0000-00-00 00:00:00'),
(4, 'Gopalganj', 'গোপালগঞ্জ', 23.0050857, 89.8266059, 'www.gopalganj.gov.bd', 3, '0000-00-00 00:00:00', '0000-00-00 00:00:00'),
(5, 'Jamalpur', 'জামালপুর', 24.937533, 89.937775, 'www.jamalpur.gov.bd', 8, '0000-00-00 00:00:00', '0000-00-00 00:00:00'),
(6, 'Kishoreganj', 'কিশোরগঞ্জ', 24.444937, 90.776575, 'www.kishoreganj.gov.bd', 3, '0000-00-00 00:00:00', '0000-00-00 00:00:00'),
(7, 'Madaripur', 'মাদারীপুর', 23.164102, 90.1896805, 'www.madaripur.gov.bd', 3, '0000-00-00 00:00:00', '0000-00-00 00:00:00'),
(8, 'Manikganj', 'মানিকগঞ্জ', 0, 0, 'www.manikganj.gov.bd', 3, '0000-00-00 00:00:00', '0000-00-00 00:00:00'),
(9, 'Munshiganj', 'মুন্সিগঞ্জ', 0, 0, 'www.munshiganj.gov.bd', 3, '0000-00-00 00:00:00', '0000-00-00 00:00:00'),
(10, 'Mymensingh', 'ময়মনসিং', 0, 0, 'www.mymensingh.gov.bd', 8, '0000-00-00 00:00:00', '0000-00-00 00:00:00'),
(11, 'Narayanganj', 'নারায়াণগঞ্জ', 23.63366, 90.496482, 'www.narayanganj.gov.bd', 3, '0000-00-00 00:00:00', '0000-00-00 00:00:00'),
(12, 'Narsingdi', 'নরসিংদী', 23.932233, 90.71541, 'www.narsingdi.gov.bd', 3, '0000-00-00 00:00:00', '0000-00-00 00:00:00'),
(13, 'Netrokona', 'নেত্রকোনা', 24.870955, 90.727887, 'www.netrokona.gov.bd', 8, '0000-00-00 00:00:00', '0000-00-00 00:00:00'),
(14, 'Rajbari', 'রাজবাড়ি', 23.7574305, 89.6444665, 'www.rajbari.gov.bd', 3, '0000-00-00 00:00:00', '0000-00-00 00:00:00'),
(15, 'Shariatpur', 'শরীয়তপুর', 0, 0, 'www.shariatpur.gov.bd', 3, '0000-00-00 00:00:00', '0000-00-00 00:00:00'),
(16, 'Sherpur', 'শেরপুর', 25.0204933, 90.0152966, 'www.sherpur.gov.bd', 8, '0000-00-00 00:00:00', '0000-00-00 00:00:00'),
(17, 'Tangail', 'টাঙ্গাইল', 0, 0, 'www.tangail.gov.bd', 3, '0000-00-00 00:00:00', '0000-00-00 00:00:00'),
(18, 'Bogra', 'বগুড়া', 24.8465228, 89.377755, 'www.bogra.gov.bd', 5, '0000-00-00 00:00:00', '0000-00-00 00:00:00'),
(19, 'Joypurhat', 'জয়পুরহাট', 0, 0, 'www.joypurhat.gov.bd', 5, '0000-00-00 00:00:00', '0000-00-00 00:00:00'),
(20, 'Naogaon', 'নওগাঁ', 0, 0, 'www.naogaon.gov.bd', 5, '0000-00-00 00:00:00', '0000-00-00 00:00:00'),
(21, 'Natore', 'নাটোর', 24.420556, 89.000282, 'www.natore.gov.bd', 5, '0000-00-00 00:00:00', '0000-00-00 00:00:00'),
(22, 'Chapainawabganj', 'চাঁপাইনবাবগঞ্জ', 24.5965034, 88.2775122, 'www.chapainawabganj.gov.bd', 5, '0000-00-00 00:00:00', '0000-00-00 00:00:00'),
(23, 'Pabna', 'পাবনা', 23.998524, 89.233645, 'www.pabna.gov.bd', 5, '0000-00-00 00:00:00', '0000-00-00 00:00:00'),
(24, 'Rajshahi', 'রাজশাহী', 0, 0, 'www.rajshahi.gov.bd', 5, '0000-00-00 00:00:00', '0000-00-00 00:00:00'),
(25, 'Sirajganj', 'সিরাজগঞ্জ', 24.4533978, 89.7006815, 'www.sirajganj.gov.bd', 5, '0000-00-00 00:00:00', '0000-00-00 00:00:00'),
(26, 'Dinajpur', 'দিনাজপুর', 25.6217061, 88.6354504, 'www.dinajpur.gov.bd', 6, '0000-00-00 00:00:00', '0000-00-00 00:00:00'),
(27, 'Gaibandha', 'গাইবান্ধা', 25.328751, 89.528088, 'www.gaibandha.gov.bd', 6, '0000-00-00 00:00:00', '0000-00-00 00:00:00'),
(28, 'Kurigram', 'কুড়িগ্রাম', 25.805445, 89.636174, 'www.kurigram.gov.bd', 6, '0000-00-00 00:00:00', '0000-00-00 00:00:00'),
(29, 'Lalmonirhat', 'লালমনিরহাট', 0, 0, 'www.lalmonirhat.gov.bd', 6, '0000-00-00 00:00:00', '0000-00-00 00:00:00'),
(30, 'Nilphamari', 'নীলফামারী', 25.931794, 88.856006, 'www.nilphamari.gov.bd', 6, '0000-00-00 00:00:00', '0000-00-00 00:00:00'),
(31, 'Panchagarh', 'পঞ্চগড়', 26.3411, 88.5541606, 'www.panchagarh.gov.bd', 6, '0000-00-00 00:00:00', '0000-00-00 00:00:00'),
(32, 'Rangpur', 'রংপুর', 25.7558096, 89.244462, 'www.rangpur.gov.bd', 6, '0000-00-00 00:00:00', '0000-00-00 00:00:00'),
(33, 'Thakurgaon', 'ঠাকুরগাঁও', 26.0336945, 88.4616834, 'www.thakurgaon.gov.bd', 6, '0000-00-00 00:00:00', '0000-00-00 00:00:00'),
(34, 'Barguna', 'বরগুনা', 0, 0, 'www.barguna.gov.bd', 1, '0000-00-00 00:00:00', '0000-00-00 00:00:00'),
(35, 'Barisal', 'বরিশাল', 0, 0, 'www.barisal.gov.bd', 1, '0000-00-00 00:00:00', '0000-00-00 00:00:00'),
(36, 'Bhola', 'ভোলা', 22.685923, 90.648179, 'www.bhola.gov.bd', 1, '0000-00-00 00:00:00', '0000-00-00 00:00:00'),
(37, 'Jhalokati', 'ঝালকাঠি', 0, 0, 'www.jhalakathi.gov.bd', 1, '0000-00-00 00:00:00', '0000-00-00 00:00:00'),
(38, 'Patuakhali', 'পটুয়াখালী', 22.3596316, 90.3298712, 'www.patuakhali.gov.bd', 1, '0000-00-00 00:00:00', '0000-00-00 00:00:00'),
(39, 'Pirojpur', 'পিরোজপুর', 0, 0, 'www.pirojpur.gov.bd', 1, '0000-00-00 00:00:00', '0000-00-00 00:00:00'),
(40, 'Bandarban', 'বান্দরবান', 22.1953275, 92.2183773, 'www.bandarban.gov.bd', 2, '0000-00-00 00:00:00', '0000-00-00 00:00:00'),
(41, 'Brahmanbaria', 'ব্রাহ্মণবাড়িয়া', 23.9570904, 91.1119286, 'www.brahmanbaria.gov.bd', 2, '0000-00-00 00:00:00', '0000-00-00 00:00:00'),
(42, 'Chandpur', 'চাঁদপুর', 23.2332585, 90.6712912, 'www.chandpur.gov.bd', 2, '0000-00-00 00:00:00', '0000-00-00 00:00:00'),
(43, 'Chittagong', 'চট্টগ্রাম', 22.335109, 91.834073, 'www.chittagong.gov.bd', 2, '0000-00-00 00:00:00', '0000-00-00 00:00:00'),
(44, 'Comilla', 'কুমিল্লা', 23.4682747, 91.1788135, 'www.comilla.gov.bd', 2, '0000-00-00 00:00:00', '0000-00-00 00:00:00'),
(45, 'Cox\'s Bazar', 'কক্স বাজার', 0, 0, 'www.coxsbazar.gov.bd', 2, '0000-00-00 00:00:00', '0000-00-00 00:00:00'),
(46, 'Feni', 'ফেনী', 23.023231, 91.3840844, 'www.feni.gov.bd', 2, '0000-00-00 00:00:00', '0000-00-00 00:00:00'),
(47, 'Khagrachari', 'খাগড়াছড়ি', 23.119285, 91.984663, 'www.khagrachhari.gov.bd', 2, '0000-00-00 00:00:00', '0000-00-00 00:00:00'),
(48, 'Lakshmipur', 'লক্ষ্মীপুর', 22.942477, 90.841184, 'www.lakshmipur.gov.bd', 2, '0000-00-00 00:00:00', '0000-00-00 00:00:00'),
(49, 'Noakhali', 'নোয়াখালী', 22.869563, 91.099398, 'www.noakhali.gov.bd', 2, '0000-00-00 00:00:00', '0000-00-00 00:00:00'),
(50, 'Rangamati', 'রাঙ্গামাটি', 0, 0, 'www.rangamati.gov.bd', 2, '0000-00-00 00:00:00', '0000-00-00 00:00:00'),
(51, 'Habiganj', 'হবিগঞ্জ', 24.374945, 91.41553, 'www.habiganj.gov.bd', 7, '0000-00-00 00:00:00', '0000-00-00 00:00:00'),
(52, 'Moulvibazar', 'মৌলভীবাজার', 24.482934, 91.777417, 'www.moulvibazar.gov.bd', 7, '0000-00-00 00:00:00', '0000-00-00 00:00:00'),
(53, 'Sunamganj', 'সুনামগঞ্জ', 25.0658042, 91.3950115, 'www.sunamganj.gov.bd', 7, '0000-00-00 00:00:00', '0000-00-00 00:00:00'),
(54, 'Sylhet', 'সিলেট', 24.8897956, 91.8697894, 'www.sylhet.gov.bd', 7, '0000-00-00 00:00:00', '0000-00-00 00:00:00'),
(55, 'Bagerhat', 'বাগেরহাট', 22.651568, 89.785938, 'www.bagerhat.gov.bd', 4, '0000-00-00 00:00:00', '0000-00-00 00:00:00'),
(56, 'Chuadanga', 'চুয়াডাঙ্গা', 23.6401961, 88.841841, 'www.chuadanga.gov.bd', 4, '0000-00-00 00:00:00', '0000-00-00 00:00:00'),
(57, 'Jessore', 'যশোর', 23.16643, 89.2081126, 'www.jessore.gov.bd', 4, '0000-00-00 00:00:00', '0000-00-00 00:00:00'),
(58, 'Jhenaidah', 'ঝিনাইদহ', 23.5448176, 89.1539213, 'www.jhenaidah.gov.bd', 4, '0000-00-00 00:00:00', '0000-00-00 00:00:00'),
(59, 'Khulna', 'খুলনা', 22.815774, 89.568679, 'www.khulna.gov.bd', 4, '0000-00-00 00:00:00', '0000-00-00 00:00:00'),
(60, 'Kushtia', 'কুষ্টিয়া', 23.901258, 89.120482, 'www.kushtia.gov.bd', 4, '0000-00-00 00:00:00', '0000-00-00 00:00:00'),
(61, 'Magura', 'মাগুরা', 23.487337, 89.419956, 'www.magura.gov.bd', 4, '0000-00-00 00:00:00', '0000-00-00 00:00:00'),
(62, 'Meherpur', 'মেহেরপুর', 23.762213, 88.631821, 'www.meherpur.gov.bd', 4, '0000-00-00 00:00:00', '0000-00-00 00:00:00'),
(63, 'Narail', 'নড়াইল', 23.172534, 89.512672, 'www.narail.gov.bd', 4, '0000-00-00 00:00:00', '0000-00-00 00:00:00'),
(64, 'Satkhira', 'সাতক্ষীরা', 0, 0, 'www.satkhira.gov.bd', 4, '0000-00-00 00:00:00', '0000-00-00 00:00:00');

--
-- Dumping data for table `thanas`
--

INSERT INTO `thanas` (`id`, `name`, `bn_name`, `district_id`, `created_at`, `updated_at`) VALUES
(1, 'Amtali', 'আমতলী', 34, '0000-00-00 00:00:00', '0000-00-00 00:00:00'),
(2, 'Bamna', 'বামনা', 34, '0000-00-00 00:00:00', '0000-00-00 00:00:00'),
(3, 'Barguna Sadar', 'বরগুনা সদর', 34, '0000-00-00 00:00:00', '0000-00-00 00:00:00'),
(4, 'Betagi', 'বেতাগি', 34, '0000-00-00 00:00:00', '0000-00-00 00:00:00'),
(5, 'Patharghata', 'পাথরঘাটা', 34, '0000-00-00 00:00:00', '0000-00-00 00:00:00'),
(6, 'Taltali', 'তালতলী', 34, '0000-00-00 00:00:00', '0000-00-00 00:00:00'),
(7, 'Muladi', 'মুলাদি', 35, '0000-00-00 00:00:00', '0000-00-00 00:00:00'),
(8, 'Babuganj', 'বাবুগঞ্জ', 35, '0000-00-00 00:00:00', '0000-00-00 00:00:00'),
(9, 'Agailjhara', 'আগাইলঝরা', 35, '0000-00-00 00:00:00', '0000-00-00 00:00:00'),
(10, 'Barisal Sadar', 'বরিশাল সদর', 35, '0000-00-00 00:00:00', '0000-00-00 00:00:00'),
(11, 'Bakerganj', 'বাকেরগঞ্জ', 35, '0000-00-00 00:00:00', '0000-00-00 00:00:00'),
(12, 'Banaripara', 'বানাড়িপারা', 35, '0000-00-00 00:00:00', '0000-00-00 00:00:00'),
(13, 'Gaurnadi', 'গৌরনদী', 35, '0000-00-00 00:00:00', '0000-00-00 00:00:00'),
(14, 'Hizla', 'হিজলা', 35, '0000-00-00 00:00:00', '0000-00-00 00:00:00'),
(15, 'Mehendiganj', 'মেহেদিগঞ্জ', 35, '0000-00-00 00:00:00', '0000-00-00 00:00:00'),
(16, 'Wazirpur', 'ওয়াজিরপুর', 35, '0000-00-00 00:00:00', '0000-00-00 00:00:00'),
(17, 'Bhola Sadar', 'ভোলা সদর', 36, '0000-00-00 00:00:00', '0000-00-00 00:00:00'),
(18, 'Burhanuddin', 'বুরহানউদ্দিন', 36, '0000-00-00 00:00:00', '0000-00-00 00:00:00'),
(19, 'Char Fasson', 'চর ফ্যাশন', 36, '0000-00-00 00:00:00', '0000-00-00 00:00:00'),
(20, 'Daulatkhan', 'দৌলতখান', 36, '0000-00-00 00:00:00', '0000-00-00 00:00:00'),
(21, 'Lalmohan', 'লালমোহন', 36, '0000-00-00 00:00:00', '0000-00-00 00:00:00'),
(22, 'Manpura', 'মনপুরা', 36, '0000-00-00 00:00:00', '0000-00-00 00:00:00'),
(23, 'Tazumuddin', 'তাজুমুদ্দিন', 36, '0000-00-00 00:00:00', '0000-00-00 00:00:00'),
(24, 'Jhalokati Sadar', 'ঝালকাঠি সদর', 37, '0000-00-00 00:00:00', '0000-00-00 00:00:00'),
(25, 'Kathalia', 'কাঁঠালিয়া', 37, '0000-00-00 00:00:00', '0000-00-00 00:00:00'),
(26, 'Nalchity', 'নালচিতি', 37, '0000-00-00 00:00:00', '0000-00-00 00:00:00'),
(27, 'Rajapur', 'রাজাপুর', 37, '0000-00-00 00:00:00', '0000-00-00 00:00:00'),
(28, 'Bauphal', 'বাউফল', 38, '0000-00-00 00:00:00', '0000-00-00 00:00:00'),
(29, 'Dashmina', 'দশমিনা', 38, '0000-00-00 00:00:00', '0000-00-00 00:00:00'),
(30, 'Galachipa', 'গলাচিপা', 38, '0000-00-00 00:00:00', '0000-00-00 00:00:00'),
(31, 'Kalapara', 'কালাপারা', 38, '0000-00-00 00:00:00', '0000-00-00 00:00:00'),
(32, 'Mirzaganj', 'মির্জাগঞ্জ', 38, '0000-00-00 00:00:00', '0000-00-00 00:00:00'),
(33, 'Patuakhali Sadar', 'পটুয়াখালী সদর', 38, '0000-00-00 00:00:00', '0000-00-00 00:00:00'),
(34, 'Dumki', 'ডুমকি', 38, '0000-00-00 00:00:00', '0000-00-00 00:00:00'),
(35, 'Rangabali', 'রাঙ্গাবালি', 38, '0000-00-00 00:00:00', '0000-00-00 00:00:00'),
(36, 'Bhandaria', 'ভ্যান্ডারিয়া', 39, '0000-00-00 00:00:00', '0000-00-00 00:00:00'),
(37, 'Kaukhali', 'কাউখালি', 39, '0000-00-00 00:00:00', '0000-00-00 00:00:00'),
(38, 'Mathbaria', 'মাঠবাড়িয়া', 39, '0000-00-00 00:00:00', '0000-00-00 00:00:00'),
(39, 'Nazirpur', 'নাজিরপুর', 39, '0000-00-00 00:00:00', '0000-00-00 00:00:00'),
(40, 'Nesarabad', 'নেসারাবাদ', 39, '0000-00-00 00:00:00', '0000-00-00 00:00:00'),
(41, 'Pirojpur Sadar', 'পিরোজপুর সদর', 39, '0000-00-00 00:00:00', '0000-00-00 00:00:00'),
(42, 'Zianagar', 'জিয়ানগর', 39, '0000-00-00 00:00:00', '0000-00-00 00:00:00'),
(43, 'Bandarban Sadar', 'বান্দরবন সদর', 40, '0000-00-00 00:00:00', '0000-00-00 00:00:00'),
(44, 'Thanchi', 'থানচি', 40, '0000-00-00 00:00:00', '0000-00-00 00:00:00'),
(45, 'Lama', 'লামা', 40, '0000-00-00 00:00:00', '0000-00-00 00:00:00'),
(46, 'Naikhongchhari', 'নাইখংছড়ি', 40, '0000-00-00 00:00:00', '0000-00-00 00:00:00'),
(47, 'Ali kadam', 'আলী কদম', 40, '0000-00-00 00:00:00', '0000-00-00 00:00:00'),
(48, 'Rowangchhari', 'রউয়াংছড়ি', 40, '0000-00-00 00:00:00', '0000-00-00 00:00:00'),
(49, 'Ruma', 'রুমা', 40, '0000-00-00 00:00:00', '0000-00-00 00:00:00'),
(50, 'Brahmanbaria Sadar', 'ব্রাহ্মণবাড়িয়া সদর', 41, '0000-00-00 00:00:00', '0000-00-00 00:00:00'),
(51, 'Ashuganj', 'আশুগঞ্জ', 41, '0000-00-00 00:00:00', '0000-00-00 00:00:00'),
(52, 'Nasirnagar', 'নাসির নগর', 41, '0000-00-00 00:00:00', '0000-00-00 00:00:00'),
(53, 'Nabinagar', 'নবীনগর', 41, '0000-00-00 00:00:00', '0000-00-00 00:00:00'),
(54, 'Sarail', 'সরাইল', 41, '0000-00-00 00:00:00', '0000-00-00 00:00:00'),
(55, 'Shahbazpur Town', 'শাহবাজপুর টাউন', 41, '0000-00-00 00:00:00', '0000-00-00 00:00:00'),
(56, 'Kasba', 'কসবা', 41, '0000-00-00 00:00:00', '0000-00-00 00:00:00'),
(57, 'Akhaura', 'আখাউরা', 41, '0000-00-00 00:00:00', '0000-00-00 00:00:00'),
(58, 'Bancharampur', 'বাঞ্ছারামপুর', 41, '0000-00-00 00:00:00', '0000-00-00 00:00:00'),
(59, 'Bijoynagar', 'বিজয় নগর', 41, '0000-00-00 00:00:00', '0000-00-00 00:00:00'),
(60, 'Chandpur Sadar', 'চাঁদপুর সদর', 42, '0000-00-00 00:00:00', '0000-00-00 00:00:00'),
(61, 'Faridganj', 'ফরিদগঞ্জ', 42, '0000-00-00 00:00:00', '0000-00-00 00:00:00'),
(62, 'Haimchar', 'হাইমচর', 42, '0000-00-00 00:00:00', '0000-00-00 00:00:00'),
(63, 'Haziganj', 'হাজীগঞ্জ', 42, '0000-00-00 00:00:00', '0000-00-00 00:00:00'),
(64, 'Kachua', 'কচুয়া', 42, '0000-00-00 00:00:00', '0000-00-00 00:00:00'),
(65, 'Matlab Uttar', 'মতলব উত্তর', 42, '0000-00-00 00:00:00', '0000-00-00 00:00:00'),
(66, 'Matlab Dakkhin', 'মতলব দক্ষিণ', 42, '0000-00-00 00:00:00', '0000-00-00 00:00:00'),
(67, 'Shahrasti', 'শাহরাস্তি', 42, '0000-00-00 00:00:00', '0000-00-00 00:00:00'),
(68, 'Chittagong Sadar', 'চট্টগ্রাম সদর', 43, '0000-00-00 00:00:00', '0000-00-00 00:00:00'),
(69, 'Anwara', 'আনোয়ারা', 43, '0000-00-00 00:00:00', '0000-00-00 00:00:00'),
(70, 'Banshkhali', 'বাশখালি', 43, '0000-00-00 00:00:00', '0000-00-00 00:00:00'),
(71, 'Boalkhali', 'বোয়ালখালি', 43, '0000-00-00 00:00:00', '0000-00-00 00:00:00'),
(72, 'Chandanaish', 'চন্দনাইশ', 43, '0000-00-00 00:00:00', '0000-00-00 00:00:00'),
(73, 'Fatikchhari', 'ফটিকছড়ি', 43, '0000-00-00 00:00:00', '0000-00-00 00:00:00'),
(74, 'Hathazari', 'হাঠহাজারী', 43, '0000-00-00 00:00:00', '0000-00-00 00:00:00'),
(75, 'Lohagara', 'লোহাগারা', 43, '0000-00-00 00:00:00', '0000-00-00 00:00:00'),
(76, 'Mirsharai', 'মিরসরাই', 43, '0000-00-00 00:00:00', '0000-00-00 00:00:00'),
(77, 'Patiya', 'পটিয়া', 43, '0000-00-00 00:00:00', '0000-00-00 00:00:00'),
(78, 'Rangunia', 'রাঙ্গুনিয়া', 43, '0000-00-00 00:00:00', '0000-00-00 00:00:00'),
(79, 'Raozan', 'রাউজান', 43, '0000-00-00 00:00:00', '0000-00-00 00:00:00'),
(80, 'Sandwip', 'সন্দ্বীপ', 43, '0000-00-00 00:00:00', '0000-00-00 00:00:00'),
(81, 'Satkania', 'সাতকানিয়া', 43, '0000-00-00 00:00:00', '0000-00-00 00:00:00'),
(82, 'Sitakunda', 'সীতাকুণ্ড', 43, '0000-00-00 00:00:00', '0000-00-00 00:00:00'),
(83, 'Barura', 'বড়ুরা', 44, '0000-00-00 00:00:00', '0000-00-00 00:00:00'),
(84, 'Brahmanpara', 'ব্রাহ্মণপাড়া', 44, '0000-00-00 00:00:00', '0000-00-00 00:00:00'),
(85, 'Burichong', 'বুড়িচং', 44, '0000-00-00 00:00:00', '0000-00-00 00:00:00'),
(86, 'Chandina', 'চান্দিনা', 44, '0000-00-00 00:00:00', '0000-00-00 00:00:00'),
(87, 'Chauddagram', 'চৌদ্দগ্রাম', 44, '0000-00-00 00:00:00', '0000-00-00 00:00:00'),
(88, 'Daudkandi', 'দাউদকান্দি', 44, '0000-00-00 00:00:00', '0000-00-00 00:00:00'),
(89, 'Debidwar', 'দেবীদ্বার', 44, '0000-00-00 00:00:00', '0000-00-00 00:00:00'),
(90, 'Homna', 'হোমনা', 44, '0000-00-00 00:00:00', '0000-00-00 00:00:00'),
(91, 'Comilla Sadar', 'কুমিল্লা সদর', 44, '0000-00-00 00:00:00', '0000-00-00 00:00:00'),
(92, 'Laksam', 'লাকসাম', 44, '0000-00-00 00:00:00', '0000-00-00 00:00:00'),
(93, 'Monohorgonj', 'মনোহরগঞ্জ', 44, '0000-00-00 00:00:00', '0000-00-00 00:00:00'),
(94, 'Meghna', 'মেঘনা', 44, '0000-00-00 00:00:00', '0000-00-00 00:00:00'),
(95, 'Muradnagar', 'মুরাদনগর', 44, '0000-00-00 00:00:00', '0000-00-00 00:00:00'),
(96, 'Nangalkot', 'নাঙ্গালকোট', 44, '0000-00-00 00:00:00', '0000-00-00 00:00:00'),
(97, 'Comilla Sadar South', 'কুমিল্লা সদর দক্ষিণ', 44, '0000-00-00 00:00:00', '0000-00-00 00:00:00'),
(98, 'Titas', 'তিতাস', 44, '0000-00-00 00:00:00', '0000-00-00 00:00:00'),
(99, 'Chakaria', 'চকরিয়া', 45, '0000-00-00 00:00:00', '0000-00-00 00:00:00'),
(100, 'Cox\'s Bazar Sadar', 'কক্স বাজার সদর', 45, '0000-00-00 00:00:00', '0000-00-00 00:00:00'),
(101, 'Kutubdia', 'কুতুবদিয়া', 45, '0000-00-00 00:00:00', '0000-00-00 00:00:00'),
(102, 'Maheshkhali', 'মহেশখালী', 45, '0000-00-00 00:00:00', '0000-00-00 00:00:00'),
(103, 'Ramu', 'রামু', 45, '0000-00-00 00:00:00', '0000-00-00 00:00:00'),
(104, 'Teknaf', 'টেকনাফ', 45, '0000-00-00 00:00:00', '0000-00-00 00:00:00'),
(105, 'Ukhia', 'উখিয়া', 45, '0000-00-00 00:00:00', '0000-00-00 00:00:00'),
(106, 'Pekua', 'পেকুয়া', 45, '0000-00-00 00:00:00', '0000-00-00 00:00:00'),
(107, 'Feni Sadar', 'ফেনী সদর', 46, '0000-00-00 00:00:00', '0000-00-00 00:00:00'),
(108, 'Chagalnaiya', 'ছাগল নাইয়া', 46, '0000-00-00 00:00:00', '0000-00-00 00:00:00'),
(109, 'Daganbhyan', 'দাগানভিয়া', 46, '0000-00-00 00:00:00', '0000-00-00 00:00:00'),
(110, 'Parshuram', 'পরশুরাম', 46, '0000-00-00 00:00:00', '0000-00-00 00:00:00'),
(111, 'Fhulgazi', 'ফুলগাজি', 46, '0000-00-00 00:00:00', '0000-00-00 00:00:00'),
(112, 'Sonagazi', 'সোনাগাজি', 46, '0000-00-00 00:00:00', '0000-00-00 00:00:00'),
(113, 'Dighinala', 'দিঘিনালা', 47, '0000-00-00 00:00:00', '0000-00-00 00:00:00'),
(114, 'Khagrachhari', 'খাগড়াছড়ি', 47, '0000-00-00 00:00:00', '0000-00-00 00:00:00'),
(115, 'Lakshmichhari', 'লক্ষ্মীছড়ি', 47, '0000-00-00 00:00:00', '0000-00-00 00:00:00'),
(116, 'Mahalchhari', 'মহলছড়ি', 47, '0000-00-00 00:00:00', '0000-00-00 00:00:00'),
(117, 'Manikchhari', 'মানিকছড়ি', 47, '0000-00-00 00:00:00', '0000-00-00 00:00:00'),
(118, 'Matiranga', 'মাটিরাঙ্গা', 47, '0000-00-00 00:00:00', '0000-00-00 00:00:00'),
(119, 'Panchhari', 'পানছড়ি', 47, '0000-00-00 00:00:00', '0000-00-00 00:00:00'),
(120, 'Ramgarh', 'রামগড়', 47, '0000-00-00 00:00:00', '0000-00-00 00:00:00'),
(121, 'Lakshmipur Sadar', 'লক্ষ্মীপুর সদর', 48, '0000-00-00 00:00:00', '0000-00-00 00:00:00'),
(122, 'Raipur', 'রায়পুর', 48, '0000-00-00 00:00:00', '0000-00-00 00:00:00'),
(123, 'Ramganj', 'রামগঞ্জ', 48, '0000-00-00 00:00:00', '0000-00-00 00:00:00'),
(124, 'Ramgati', 'রামগতি', 48, '0000-00-00 00:00:00', '0000-00-00 00:00:00'),
(125, 'Komol Nagar', 'কমল নগর', 48, '0000-00-00 00:00:00', '0000-00-00 00:00:00'),
(126, 'Noakhali Sadar', 'নোয়াখালী সদর', 49, '0000-00-00 00:00:00', '0000-00-00 00:00:00'),
(127, 'Begumganj', 'বেগমগঞ্জ', 49, '0000-00-00 00:00:00', '0000-00-00 00:00:00'),
(128, 'Chatkhil', 'চাটখিল', 49, '0000-00-00 00:00:00', '0000-00-00 00:00:00'),
(129, 'Companyganj', 'কোম্পানীগঞ্জ', 49, '0000-00-00 00:00:00', '0000-00-00 00:00:00'),
(130, 'Shenbag', 'শেনবাগ', 49, '0000-00-00 00:00:00', '0000-00-00 00:00:00'),
(131, 'Hatia', 'হাতিয়া', 49, '0000-00-00 00:00:00', '0000-00-00 00:00:00'),
(132, 'Kobirhat', 'কবিরহাট', 49, '0000-00-00 00:00:00', '0000-00-00 00:00:00'),
(133, 'Sonaimuri', 'সোনাইমুরি', 49, '0000-00-00 00:00:00', '0000-00-00 00:00:00'),
(134, 'Suborno Char', 'সুবর্ণ চর', 49, '0000-00-00 00:00:00', '0000-00-00 00:00:00'),
(135, 'Rangamati Sadar', 'রাঙ্গামাটি সদর', 50, '0000-00-00 00:00:00', '0000-00-00 00:00:00'),
(136, 'Belaichhari', 'বেলাইছড়ি', 50, '0000-00-00 00:00:00', '0000-00-00 00:00:00'),
(137, 'Bagaichhari', 'বাঘাইছড়ি', 50, '0000-00-00 00:00:00', '0000-00-00 00:00:00'),
(138, 'Barkal', 'বরকল', 50, '0000-00-00 00:00:00', '0000-00-00 00:00:00'),
(139, 'Juraichhari', 'জুরাইছড়ি', 50, '0000-00-00 00:00:00', '0000-00-00 00:00:00'),
(140, 'Rajasthali', 'রাজাস্থলি', 50, '0000-00-00 00:00:00', '0000-00-00 00:00:00'),
(141, 'Kaptai', 'কাপ্তাই', 50, '0000-00-00 00:00:00', '0000-00-00 00:00:00'),
(142, 'Langadu', 'লাঙ্গাডু', 50, '0000-00-00 00:00:00', '0000-00-00 00:00:00'),
(143, 'Nannerchar', 'নান্নেরচর', 50, '0000-00-00 00:00:00', '0000-00-00 00:00:00'),
(144, 'Kaukhali', 'কাউখালি', 50, '0000-00-00 00:00:00', '0000-00-00 00:00:00'),
(145, 'Faridpur Sadar', 'ফরিদপুর সদর', 2, '0000-00-00 00:00:00', '0000-00-00 00:00:00'),
(146, 'Boalmari', 'বোয়ালমারী', 2, '0000-00-00 00:00:00', '0000-00-00 00:00:00'),
(147, 'Alfadanga', 'আলফাডাঙ্গা', 2, '0000-00-00 00:00:00', '0000-00-00 00:00:00'),
(148, 'Madhukhali', 'মধুখালি', 2, '0000-00-00 00:00:00', '0000-00-00 00:00:00'),
(149, 'Bhanga', 'ভাঙ্গা', 2, '0000-00-00 00:00:00', '0000-00-00 00:00:00'),
(150, 'Nagarkanda', 'নগরকান্দা', 2, '0000-00-00 00:00:00', '0000-00-00 00:00:00'),
(151, 'Charbhadrasan', 'চরভদ্রাসন', 2, '0000-00-00 00:00:00', '0000-00-00 00:00:00'),
(152, 'Sadarpur', 'সদরপুর', 2, '0000-00-00 00:00:00', '0000-00-00 00:00:00'),
(153, 'Shaltha', 'শালথা', 2, '0000-00-00 00:00:00', '0000-00-00 00:00:00'),
(154, 'Gazipur Sadar', 'গাজীপুর সদর', 3, '0000-00-00 00:00:00', '0000-00-00 00:00:00'),
(155, 'Joydebpur', 'জয়দেবপুর', 3, '0000-00-00 00:00:00', '0000-00-00 00:00:00'),
(156, 'Kaliakior', 'কালিয়াকৈর', 3, '0000-00-00 00:00:00', '0000-00-00 00:00:00'),
(157, 'Kapasia', 'কাপাসিয়া', 3, '0000-00-00 00:00:00', '0000-00-00 00:00:00'),
(158, 'Sripur', 'শ্রীপুর', 3, '0000-00-00 00:00:00', '0000-00-00 00:00:00'),
(159, 'Kaliganj', 'কালীগঞ্জ', 3, '0000-00-00 00:00:00', '0000-00-00 00:00:00'),
(160, 'Tongi', 'টঙ্গি', 3, '0000-00-00 00:00:00', '0000-00-00 00:00:00'),
(161, 'Gopalganj Sadar', 'গোপালগঞ্জ সদর', 4, '0000-00-00 00:00:00', '0000-00-00 00:00:00'),
(162, 'Kashiani', 'কাশিয়ানি', 4, '0000-00-00 00:00:00', '0000-00-00 00:00:00'),
(163, 'Kotalipara', 'কোটালিপাড়া', 4, '0000-00-00 00:00:00', '0000-00-00 00:00:00'),
(164, 'Muksudpur', 'মুকসুদপুর', 4, '0000-00-00 00:00:00', '0000-00-00 00:00:00'),
(165, 'Tungipara', 'টুঙ্গিপাড়া', 4, '0000-00-00 00:00:00', '0000-00-00 00:00:00'),
(166, 'Dewanganj', 'দেওয়ানগঞ্জ', 5, '0000-00-00 00:00:00', '0000-00-00 00:00:00'),
(167, 'Baksiganj', 'বকসিগঞ্জ', 5, '0000-00-00 00:00:00', '0000-00-00 00:00:00'),
(168, 'Islampur', 'ইসলামপুর', 5, '0000-00-00 00:00:00', '0000-00-00 00:00:00'),
(169, 'Jamalpur Sadar', 'জামালপুর সদর', 5, '0000-00-00 00:00:00', '0000-00-00 00:00:00'),
(170, 'Madarganj', 'মাদারগঞ্জ', 5, '0000-00-00 00:00:00', '0000-00-00 00:00:00'),
(171, 'Melandaha', 'মেলানদাহা', 5, '0000-00-00 00:00:00', '0000-00-00 00:00:00'),
(172, 'Sarishabari', 'সরিষাবাড়ি', 5, '0000-00-00 00:00:00', '0000-00-00 00:00:00'),
(173, 'Narundi Police I.C', 'নারুন্দি', 5, '0000-00-00 00:00:00', '0000-00-00 00:00:00'),
(174, 'Astagram', 'অষ্টগ্রাম', 6, '0000-00-00 00:00:00', '0000-00-00 00:00:00'),
(175, 'Bajitpur', 'বাজিতপুর', 6, '0000-00-00 00:00:00', '0000-00-00 00:00:00'),
(176, 'Bhairab', 'ভৈরব', 6, '0000-00-00 00:00:00', '0000-00-00 00:00:00'),
(177, 'Hossainpur', 'হোসেনপুর', 6, '0000-00-00 00:00:00', '0000-00-00 00:00:00'),
(178, 'Itna', 'ইটনা', 6, '0000-00-00 00:00:00', '0000-00-00 00:00:00'),
(179, 'Karimganj', 'করিমগঞ্জ', 6, '0000-00-00 00:00:00', '0000-00-00 00:00:00'),
(180, 'Katiadi', 'কতিয়াদি', 6, '0000-00-00 00:00:00', '0000-00-00 00:00:00'),
(181, 'Kishoreganj Sadar', 'কিশোরগঞ্জ সদর', 6, '0000-00-00 00:00:00', '0000-00-00 00:00:00'),
(182, 'Kuliarchar', 'কুলিয়ারচর', 6, '0000-00-00 00:00:00', '0000-00-00 00:00:00'),
(183, 'Mithamain', 'মিঠামাইন', 6, '0000-00-00 00:00:00', '0000-00-00 00:00:00'),
(184, 'Nikli', 'নিকলি', 6, '0000-00-00 00:00:00', '0000-00-00 00:00:00'),
(185, 'Pakundia', 'পাকুন্ডা', 6, '0000-00-00 00:00:00', '0000-00-00 00:00:00'),
(186, 'Tarail', 'তাড়াইল', 6, '0000-00-00 00:00:00', '0000-00-00 00:00:00'),
(187, 'Madaripur Sadar', 'মাদারীপুর সদর', 7, '0000-00-00 00:00:00', '0000-00-00 00:00:00'),
(188, 'Kalkini', 'কালকিনি', 7, '0000-00-00 00:00:00', '0000-00-00 00:00:00'),
(189, 'Rajoir', 'রাজইর', 7, '0000-00-00 00:00:00', '0000-00-00 00:00:00'),
(190, 'Shibchar', 'শিবচর', 7, '0000-00-00 00:00:00', '0000-00-00 00:00:00'),
(191, 'Manikganj Sadar', 'মানিকগঞ্জ সদর', 8, '0000-00-00 00:00:00', '0000-00-00 00:00:00'),
(192, 'Singair', 'সিঙ্গাইর', 8, '0000-00-00 00:00:00', '0000-00-00 00:00:00'),
(193, 'Shibalaya', 'শিবালয়', 8, '0000-00-00 00:00:00', '0000-00-00 00:00:00'),
(194, 'Saturia', 'সাঠুরিয়া', 8, '0000-00-00 00:00:00', '0000-00-00 00:00:00'),
(195, 'Harirampur', 'হরিরামপুর', 8, '0000-00-00 00:00:00', '0000-00-00 00:00:00'),
(196, 'Ghior', 'ঘিওর', 8, '0000-00-00 00:00:00', '0000-00-00 00:00:00'),
(197, 'Daulatpur', 'দৌলতপুর', 8, '0000-00-00 00:00:00', '0000-00-00 00:00:00'),
(198, 'Lohajang', 'লোহাজং', 9, '0000-00-00 00:00:00', '0000-00-00 00:00:00'),
(199, 'Sreenagar', 'শ্রীনগর', 9, '0000-00-00 00:00:00', '0000-00-00 00:00:00'),
(200, 'Munshiganj Sadar', 'মুন্সিগঞ্জ সদর', 9, '0000-00-00 00:00:00', '0000-00-00 00:00:00'),
(201, 'Sirajdikhan', 'সিরাজদিখান', 9, '0000-00-00 00:00:00', '0000-00-00 00:00:00'),
(202, 'Tongibari', 'টঙ্গিবাড়ি', 9, '0000-00-00 00:00:00', '0000-00-00 00:00:00'),
(203, 'Gazaria', 'গজারিয়া', 9, '0000-00-00 00:00:00', '0000-00-00 00:00:00'),
(204, 'Bhaluka', 'ভালুকা', 10, '0000-00-00 00:00:00', '0000-00-00 00:00:00'),
(205, 'Trishal', 'ত্রিশাল', 10, '0000-00-00 00:00:00', '0000-00-00 00:00:00'),
(206, 'Haluaghat', 'হালুয়াঘাট', 10, '0000-00-00 00:00:00', '0000-00-00 00:00:00'),
(207, 'Muktagachha', 'মুক্তাগাছা', 10, '0000-00-00 00:00:00', '0000-00-00 00:00:00'),
(208, 'Dhobaura', 'ধবারুয়া', 10, '0000-00-00 00:00:00', '0000-00-00 00:00:00'),
(209, 'Fulbaria', 'ফুলবাড়িয়া', 10, '0000-00-00 00:00:00', '0000-00-00 00:00:00'),
(210, 'Gaffargaon', 'গফরগাঁও', 10, '0000-00-00 00:00:00', '0000-00-00 00:00:00'),
(211, 'Gauripur', 'গৌরিপুর', 10, '0000-00-00 00:00:00', '0000-00-00 00:00:00'),
(212, 'Ishwarganj', 'ঈশ্বরগঞ্জ', 10, '0000-00-00 00:00:00', '0000-00-00 00:00:00'),
(213, 'Mymensingh Sadar', 'ময়মনসিং সদর', 10, '0000-00-00 00:00:00', '0000-00-00 00:00:00'),
(214, 'Nandail', 'নন্দাইল', 10, '0000-00-00 00:00:00', '0000-00-00 00:00:00'),
(215, 'Phulpur', 'ফুলপুর', 10, '0000-00-00 00:00:00', '0000-00-00 00:00:00'),
(216, 'Araihazar', 'আড়াইহাজার', 11, '0000-00-00 00:00:00', '0000-00-00 00:00:00'),
(217, 'Sonargaon', 'সোনারগাঁও', 11, '0000-00-00 00:00:00', '0000-00-00 00:00:00'),
(218, 'Bandar', 'বান্দার', 11, '0000-00-00 00:00:00', '0000-00-00 00:00:00'),
(219, 'Naryanganj Sadar', 'নারায়ানগঞ্জ সদর', 11, '0000-00-00 00:00:00', '0000-00-00 00:00:00'),
(220, 'Rupganj', 'রূপগঞ্জ', 11, '0000-00-00 00:00:00', '0000-00-00 00:00:00'),
(221, 'Siddirgonj', 'সিদ্ধিরগঞ্জ', 11, '0000-00-00 00:00:00', '0000-00-00 00:00:00'),
(222, 'Belabo', 'বেলাবো', 12, '0000-00-00 00:00:00', '0000-00-00 00:00:00'),
(223, 'Monohardi', 'মনোহরদি', 12, '0000-00-00 00:00:00', '0000-00-00 00:00:00'),
(224, 'Narsingdi Sadar', 'নরসিংদী সদর', 12, '0000-00-00 00:00:00', '0000-00-00 00:00:00'),
(225, 'Palash', 'পলাশ', 12, '0000-00-00 00:00:00', '0000-00-00 00:00:00'),
(226, 'Raipura', 'রায়পুর', 12, '0000-00-00 00:00:00', '0000-00-00 00:00:00'),
(227, 'Shibpur', 'শিবপুর', 12, '0000-00-00 00:00:00', '0000-00-00 00:00:00'),
(228, 'Kendua', 'কেন্দুয়া', 13, '0000-00-00 00:00:00', '0000-00-00 00:00:00'),
(229, 'Atpara', 'আটপাড়া', 13, '0000-00-00 00:00:00', '0000-00-00 00:00:00'),
(230, 'Barhatta', 'বরহাট্টা', 13, '0000-00-00 00:00:00', '0000-00-00 00:00:00'),
(231, 'Durgapur', 'দুর্গাপুর', 13, '0000-00-00 00:00:00', '0000-00-00 00:00:00'),
(232, 'Kalmakanda', 'কলমাকান্দা', 13, '0000-00-00 00:00:00', '0000-00-00 00:00:00'),
(233, 'Madan', 'মদন', 13, '0000-00-00 00:00:00', '0000-00-00 00:00:00'),
(234, 'Mohanganj', 'মোহনগঞ্জ', 13, '0000-00-00 00:00:00', '0000-00-00 00:00:00'),
(235, 'Netrakona Sadar', 'নেত্রকোনা সদর', 13, '0000-00-00 00:00:00', '0000-00-00 00:00:00'),
(236, 'Purbadhala', 'পূর্বধলা', 13, '0000-00-00 00:00:00', '0000-00-00 00:00:00'),
(237, 'Khaliajuri', 'খালিয়াজুরি', 13, '0000-00-00 00:00:00', '0000-00-00 00:00:00'),
(238, 'Baliakandi', 'বালিয়াকান্দি', 14, '0000-00-00 00:00:00', '0000-00-00 00:00:00'),
(239, 'Goalandaghat', 'গোয়ালন্দ ঘাট', 14, '0000-00-00 00:00:00', '0000-00-00 00:00:00'),
(240, 'Pangsha', 'পাংশা', 14, '0000-00-00 00:00:00', '0000-00-00 00:00:00'),
(241, 'Kalukhali', 'কালুখালি', 14, '0000-00-00 00:00:00', '0000-00-00 00:00:00'),
(242, 'Rajbari Sadar', 'রাজবাড়ি সদর', 14, '0000-00-00 00:00:00', '0000-00-00 00:00:00'),
(243, 'Shariatpur Sadar -Palong', 'শরীয়তপুর সদর', 15, '0000-00-00 00:00:00', '0000-00-00 00:00:00'),
(244, 'Damudya', 'দামুদিয়া', 15, '0000-00-00 00:00:00', '0000-00-00 00:00:00'),
(245, 'Naria', 'নড়িয়া', 15, '0000-00-00 00:00:00', '0000-00-00 00:00:00'),
(246, 'Jajira', 'জাজিরা', 15, '0000-00-00 00:00:00', '0000-00-00 00:00:00'),
(247, 'Bhedarganj', 'ভেদারগঞ্জ', 15, '0000-00-00 00:00:00', '0000-00-00 00:00:00'),
(248, 'Gosairhat', 'গোসাইর হাট', 15, '0000-00-00 00:00:00', '0000-00-00 00:00:00'),
(249, 'Jhenaigati', 'ঝিনাইগাতি', 16, '0000-00-00 00:00:00', '0000-00-00 00:00:00'),
(250, 'Nakla', 'নাকলা', 16, '0000-00-00 00:00:00', '0000-00-00 00:00:00'),
(251, 'Nalitabari', 'নালিতাবাড়ি', 16, '0000-00-00 00:00:00', '0000-00-00 00:00:00'),
(252, 'Sherpur Sadar', 'শেরপুর সদর', 16, '0000-00-00 00:00:00', '0000-00-00 00:00:00'),
(253, 'Sreebardi', 'শ্রীবরদি', 16, '0000-00-00 00:00:00', '0000-00-00 00:00:00'),
(254, 'Tangail Sadar', 'টাঙ্গাইল সদর', 17, '0000-00-00 00:00:00', '0000-00-00 00:00:00'),
(255, 'Sakhipur', 'সখিপুর', 17, '0000-00-00 00:00:00', '0000-00-00 00:00:00'),
(256, 'Basail', 'বসাইল', 17, '0000-00-00 00:00:00', '0000-00-00 00:00:00'),
(257, 'Madhupur', 'মধুপুর', 17, '0000-00-00 00:00:00', '0000-00-00 00:00:00'),
(258, 'Ghatail', 'ঘাটাইল', 17, '0000-00-00 00:00:00', '0000-00-00 00:00:00'),
(259, 'Kalihati', 'কালিহাতি', 17, '0000-00-00 00:00:00', '0000-00-00 00:00:00'),
(260, 'Nagarpur', 'নগরপুর', 17, '0000-00-00 00:00:00', '0000-00-00 00:00:00'),
(261, 'Mirzapur', 'মির্জাপুর', 17, '0000-00-00 00:00:00', '0000-00-00 00:00:00'),
(262, 'Gopalpur', 'গোপালপুর', 17, '0000-00-00 00:00:00', '0000-00-00 00:00:00'),
(263, 'Delduar', 'দেলদুয়ার', 17, '0000-00-00 00:00:00', '0000-00-00 00:00:00'),
(264, 'Bhuapur', 'ভুয়াপুর', 17, '0000-00-00 00:00:00', '0000-00-00 00:00:00'),
(265, 'Dhanbari', 'ধানবাড়ি', 17, '0000-00-00 00:00:00', '0000-00-00 00:00:00'),
(266, 'Bagerhat Sadar', 'বাগেরহাট সদর', 55, '0000-00-00 00:00:00', '0000-00-00 00:00:00'),
(267, 'Chitalmari', 'চিতলমাড়ি', 55, '0000-00-00 00:00:00', '0000-00-00 00:00:00'),
(268, 'Fakirhat', 'ফকিরহাট', 55, '0000-00-00 00:00:00', '0000-00-00 00:00:00'),
(269, 'Kachua', 'কচুয়া', 55, '0000-00-00 00:00:00', '0000-00-00 00:00:00'),
(270, 'Mollahat', 'মোল্লাহাট', 55, '0000-00-00 00:00:00', '0000-00-00 00:00:00'),
(271, 'Mongla', 'মংলা', 55, '0000-00-00 00:00:00', '0000-00-00 00:00:00'),
(272, 'Morrelganj', 'মরেলগঞ্জ', 55, '0000-00-00 00:00:00', '0000-00-00 00:00:00'),
(273, 'Rampal', 'রামপাল', 55, '0000-00-00 00:00:00', '0000-00-00 00:00:00'),
(274, 'Sarankhola', 'স্মরণখোলা', 55, '0000-00-00 00:00:00', '0000-00-00 00:00:00'),
(275, 'Damurhuda', 'দামুরহুদা', 56, '0000-00-00 00:00:00', '0000-00-00 00:00:00'),
(276, 'Chuadanga Sadar', 'চুয়াডাঙ্গা সদর', 56, '0000-00-00 00:00:00', '0000-00-00 00:00:00'),
(277, 'Jibannagar', 'জীবন নগর', 56, '0000-00-00 00:00:00', '0000-00-00 00:00:00'),
(278, 'Alamdanga', 'আলমডাঙ্গা', 56, '0000-00-00 00:00:00', '0000-00-00 00:00:00'),
(279, 'Abhaynagar', 'অভয়নগর', 57, '0000-00-00 00:00:00', '0000-00-00 00:00:00'),
(280, 'Keshabpur', 'কেশবপুর', 57, '0000-00-00 00:00:00', '0000-00-00 00:00:00'),
(281, 'Bagherpara', 'বাঘের পাড়া', 57, '0000-00-00 00:00:00', '0000-00-00 00:00:00'),
(282, 'Jessore Sadar', 'যশোর সদর', 57, '0000-00-00 00:00:00', '0000-00-00 00:00:00'),
(283, 'Chaugachha', 'চৌগাছা', 57, '0000-00-00 00:00:00', '0000-00-00 00:00:00'),
(284, 'Manirampur', 'মনিরামপুর', 57, '0000-00-00 00:00:00', '0000-00-00 00:00:00'),
(285, 'Jhikargachha', 'ঝিকরগাছা', 57, '0000-00-00 00:00:00', '0000-00-00 00:00:00'),
(286, 'Sharsha', 'সারশা', 57, '0000-00-00 00:00:00', '0000-00-00 00:00:00'),
(287, 'Jhenaidah Sadar', 'ঝিনাইদহ সদর', 58, '0000-00-00 00:00:00', '0000-00-00 00:00:00'),
(288, 'Maheshpur', 'মহেশপুর', 58, '0000-00-00 00:00:00', '0000-00-00 00:00:00'),
(289, 'Kaliganj', 'কালীগঞ্জ', 58, '0000-00-00 00:00:00', '0000-00-00 00:00:00'),
(290, 'Kotchandpur', 'কোট চাঁদপুর', 58, '0000-00-00 00:00:00', '0000-00-00 00:00:00'),
(291, 'Shailkupa', 'শৈলকুপা', 58, '0000-00-00 00:00:00', '0000-00-00 00:00:00'),
(292, 'Harinakunda', 'হাড়িনাকুন্দা', 58, '0000-00-00 00:00:00', '0000-00-00 00:00:00'),
(293, 'Terokhada', 'তেরোখাদা', 59, '0000-00-00 00:00:00', '0000-00-00 00:00:00'),
(294, 'Batiaghata', 'বাটিয়াঘাটা', 59, '0000-00-00 00:00:00', '0000-00-00 00:00:00'),
(295, 'Dacope', 'ডাকপে', 59, '0000-00-00 00:00:00', '0000-00-00 00:00:00'),
(296, 'Dumuria', 'ডুমুরিয়া', 59, '0000-00-00 00:00:00', '0000-00-00 00:00:00'),
(297, 'Dighalia', 'দিঘলিয়া', 59, '0000-00-00 00:00:00', '0000-00-00 00:00:00'),
(298, 'Koyra', 'কয়ড়া', 59, '0000-00-00 00:00:00', '0000-00-00 00:00:00'),
(299, 'Paikgachha', 'পাইকগাছা', 59, '0000-00-00 00:00:00', '0000-00-00 00:00:00'),
(300, 'Phultala', 'ফুলতলা', 59, '0000-00-00 00:00:00', '0000-00-00 00:00:00'),
(301, 'Rupsa', 'রূপসা', 59, '0000-00-00 00:00:00', '0000-00-00 00:00:00'),
(302, 'Kushtia Sadar', 'কুষ্টিয়া সদর', 60, '0000-00-00 00:00:00', '0000-00-00 00:00:00'),
(303, 'Kumarkhali', 'কুমারখালি', 60, '0000-00-00 00:00:00', '0000-00-00 00:00:00'),
(304, 'Daulatpur', 'দৌলতপুর', 60, '0000-00-00 00:00:00', '0000-00-00 00:00:00'),
(305, 'Mirpur', 'মিরপুর', 60, '0000-00-00 00:00:00', '0000-00-00 00:00:00'),
(306, 'Bheramara', 'ভেরামারা', 60, '0000-00-00 00:00:00', '0000-00-00 00:00:00'),
(307, 'Khoksa', 'খোকসা', 60, '0000-00-00 00:00:00', '0000-00-00 00:00:00'),
(308, 'Magura Sadar', 'মাগুরা সদর', 61, '0000-00-00 00:00:00', '0000-00-00 00:00:00'),
(309, 'Mohammadpur', 'মোহাম্মাদপুর', 61, '0000-00-00 00:00:00', '0000-00-00 00:00:00'),
(310, 'Shalikha', 'শালিখা', 61, '0000-00-00 00:00:00', '0000-00-00 00:00:00'),
(311, 'Sreepur', 'শ্রীপুর', 61, '0000-00-00 00:00:00', '0000-00-00 00:00:00'),
(312, 'Gangni', 'গাংনী', 62, '0000-00-00 00:00:00', '0000-00-00 00:00:00'),
(313, 'Mujib Nagar', 'মুজিব নগর', 62, '0000-00-00 00:00:00', '0000-00-00 00:00:00'),
(314, 'Meherpur Sadar', 'মেহেরপুর সদর', 62, '0000-00-00 00:00:00', '0000-00-00 00:00:00'),
(315, 'Narail Sadar', 'নড়াইল সদর', 63, '0000-00-00 00:00:00', '0000-00-00 00:00:00'),
(316, 'Lohagara', 'লোহাগাড়া', 63, '0000-00-00 00:00:00', '0000-00-00 00:00:00'),
(317, 'Kalia', 'কালিয়া', 63, '0000-00-00 00:00:00', '0000-00-00 00:00:00'),
(318, 'Satkhira Sadar', 'সাতক্ষীরা সদর', 64, '0000-00-00 00:00:00', '0000-00-00 00:00:00'),
(319, 'Assasuni', 'আসসাশুনি', 64, '0000-00-00 00:00:00', '0000-00-00 00:00:00'),
(320, 'Debhata', 'দেভাটা', 64, '0000-00-00 00:00:00', '0000-00-00 00:00:00'),
(321, 'Tala', 'তালা', 64, '0000-00-00 00:00:00', '0000-00-00 00:00:00'),
(322, 'Kalaroa', 'কলরোয়া', 64, '0000-00-00 00:00:00', '0000-00-00 00:00:00'),
(323, 'Kaliganj', 'কালীগঞ্জ', 64, '0000-00-00 00:00:00', '0000-00-00 00:00:00'),
(324, 'Shyamnagar', 'শ্যামনগর', 64, '0000-00-00 00:00:00', '0000-00-00 00:00:00'),
(325, 'Adamdighi', 'আদমদিঘী', 18, '0000-00-00 00:00:00', '0000-00-00 00:00:00'),
(326, 'Bogra Sadar', 'বগুড়া সদর', 18, '0000-00-00 00:00:00', '0000-00-00 00:00:00'),
(327, 'Sherpur', 'শেরপুর', 18, '0000-00-00 00:00:00', '0000-00-00 00:00:00'),
(328, 'Dhunat', 'ধুনট', 18, '0000-00-00 00:00:00', '0000-00-00 00:00:00'),
(329, 'Dhupchanchia', 'দুপচাচিয়া', 18, '0000-00-00 00:00:00', '0000-00-00 00:00:00'),
(330, 'Gabtali', 'গাবতলি', 18, '0000-00-00 00:00:00', '0000-00-00 00:00:00'),
(331, 'Kahaloo', 'কাহালু', 18, '0000-00-00 00:00:00', '0000-00-00 00:00:00'),
(332, 'Nandigram', 'নন্দিগ্রাম', 18, '0000-00-00 00:00:00', '0000-00-00 00:00:00'),
(333, 'Sahajanpur', 'শাহজাহানপুর', 18, '0000-00-00 00:00:00', '0000-00-00 00:00:00'),
(334, 'Sariakandi', 'সারিয়াকান্দি', 18, '0000-00-00 00:00:00', '0000-00-00 00:00:00'),
(335, 'Shibganj', 'শিবগঞ্জ', 18, '0000-00-00 00:00:00', '0000-00-00 00:00:00'),
(336, 'Sonatala', 'সোনাতলা', 18, '0000-00-00 00:00:00', '0000-00-00 00:00:00'),
(337, 'Joypurhat Sadar', 'জয়পুরহাট সদর', 19, '0000-00-00 00:00:00', '0000-00-00 00:00:00'),
(338, 'Akkelpur', 'আক্কেলপুর', 19, '0000-00-00 00:00:00', '0000-00-00 00:00:00'),
(339, 'Kalai', 'কালাই', 19, '0000-00-00 00:00:00', '0000-00-00 00:00:00'),
(340, 'Khetlal', 'খেতলাল', 19, '0000-00-00 00:00:00', '0000-00-00 00:00:00'),
(341, 'Panchbibi', 'পাঁচবিবি', 19, '0000-00-00 00:00:00', '0000-00-00 00:00:00'),
(342, 'Naogaon Sadar', 'নওগাঁ সদর', 20, '0000-00-00 00:00:00', '0000-00-00 00:00:00'),
(343, 'Mohadevpur', 'মহাদেবপুর', 20, '0000-00-00 00:00:00', '0000-00-00 00:00:00'),
(344, 'Manda', 'মান্দা', 20, '0000-00-00 00:00:00', '0000-00-00 00:00:00'),
(345, 'Niamatpur', 'নিয়ামতপুর', 20, '0000-00-00 00:00:00', '0000-00-00 00:00:00'),
(346, 'Atrai', 'আত্রাই', 20, '0000-00-00 00:00:00', '0000-00-00 00:00:00'),
(347, 'Raninagar', 'রাণীনগর', 20, '0000-00-00 00:00:00', '0000-00-00 00:00:00'),
(348, 'Patnitala', 'পত্নীতলা', 20, '0000-00-00 00:00:00', '0000-00-00 00:00:00'),
(349, 'Dhamoirhat', 'ধামইরহাট', 20, '0000-00-00 00:00:00', '0000-00-00 00:00:00'),
(350, 'Sapahar', 'সাপাহার', 20, '0000-00-00 00:00:00', '0000-00-00 00:00:00'),
(351, 'Porsha', 'পোরশা', 20, '0000-00-00 00:00:00', '0000-00-00 00:00:00'),
(352, 'Badalgachhi', 'বদলগাছি', 20, '0000-00-00 00:00:00', '0000-00-00 00:00:00'),
(353, 'Natore Sadar', 'নাটোর সদর', 21, '0000-00-00 00:00:00', '0000-00-00 00:00:00'),
(354, 'Baraigram', 'বড়াইগ্রাম', 21, '0000-00-00 00:00:00', '0000-00-00 00:00:00'),
(355, 'Bagatipara', 'বাগাতিপাড়া', 21, '0000-00-00 00:00:00', '0000-00-00 00:00:00'),
(356, 'Lalpur', 'লালপুর', 21, '0000-00-00 00:00:00', '0000-00-00 00:00:00'),
(357, 'Natore Sadar', 'নাটোর সদর', 21, '0000-00-00 00:00:00', '0000-00-00 00:00:00'),
(358, 'Baraigram', 'বড়াই গ্রাম', 21, '0000-00-00 00:00:00', '0000-00-00 00:00:00'),
(359, 'Bholahat', 'ভোলাহাট', 22, '0000-00-00 00:00:00', '0000-00-00 00:00:00'),
(360, 'Gomastapur', 'গোমস্তাপুর', 22, '0000-00-00 00:00:00', '0000-00-00 00:00:00'),
(361, 'Nachole', 'নাচোল', 22, '0000-00-00 00:00:00', '0000-00-00 00:00:00'),
(362, 'Chapainawabganj Sadar', 'নবাবগঞ্জ সদর', 22, '0000-00-00 00:00:00', '0000-00-00 00:00:00'),
(363, 'Shibganj', 'শিবগঞ্জ', 22, '0000-00-00 00:00:00', '0000-00-00 00:00:00'),
(364, 'Atgharia', 'আটঘরিয়া', 23, '0000-00-00 00:00:00', '0000-00-00 00:00:00'),
(365, 'Bera', 'বেড়া', 23, '0000-00-00 00:00:00', '0000-00-00 00:00:00'),
(366, 'Bhangura', 'ভাঙ্গুরা', 23, '0000-00-00 00:00:00', '0000-00-00 00:00:00'),
(367, 'Chatmohar', 'চাটমোহর', 23, '0000-00-00 00:00:00', '0000-00-00 00:00:00'),
(368, 'Faridpur', 'ফরিদপুর', 23, '0000-00-00 00:00:00', '0000-00-00 00:00:00'),
(369, 'Ishwardi', 'ঈশ্বরদী', 23, '0000-00-00 00:00:00', '0000-00-00 00:00:00'),
(370, 'Pabna Sadar', 'পাবনা সদর', 23, '0000-00-00 00:00:00', '0000-00-00 00:00:00'),
(371, 'Santhia', 'সাথিয়া', 23, '0000-00-00 00:00:00', '0000-00-00 00:00:00'),
(372, 'Sujanagar', 'সুজানগর', 23, '0000-00-00 00:00:00', '0000-00-00 00:00:00'),
(373, 'Bagha', 'বাঘা', 24, '0000-00-00 00:00:00', '0000-00-00 00:00:00'),
(374, 'Bagmara', 'বাগমারা', 24, '0000-00-00 00:00:00', '0000-00-00 00:00:00'),
(375, 'Charghat', 'চারঘাট', 24, '0000-00-00 00:00:00', '0000-00-00 00:00:00'),
(376, 'Durgapur', 'দুর্গাপুর', 24, '0000-00-00 00:00:00', '0000-00-00 00:00:00'),
(377, 'Godagari', 'গোদাগারি', 24, '0000-00-00 00:00:00', '0000-00-00 00:00:00'),
(378, 'Mohanpur', 'মোহনপুর', 24, '0000-00-00 00:00:00', '0000-00-00 00:00:00'),
(379, 'Paba', 'পবা', 24, '0000-00-00 00:00:00', '0000-00-00 00:00:00'),
(380, 'Puthia', 'পুঠিয়া', 24, '0000-00-00 00:00:00', '0000-00-00 00:00:00'),
(381, 'Tanore', 'তানোর', 24, '0000-00-00 00:00:00', '0000-00-00 00:00:00'),
(382, 'Sirajganj Sadar', 'সিরাজগঞ্জ সদর', 25, '0000-00-00 00:00:00', '0000-00-00 00:00:00'),
(383, 'Belkuchi', 'বেলকুচি', 25, '0000-00-00 00:00:00', '0000-00-00 00:00:00'),
(384, 'Chauhali', 'চৌহালি', 25, '0000-00-00 00:00:00', '0000-00-00 00:00:00'),
(385, 'Kamarkhanda', 'কামারখান্দা', 25, '0000-00-00 00:00:00', '0000-00-00 00:00:00'),
(386, 'Kazipur', 'কাজীপুর', 25, '0000-00-00 00:00:00', '0000-00-00 00:00:00'),
(387, 'Raiganj', 'রায়গঞ্জ', 25, '0000-00-00 00:00:00', '0000-00-00 00:00:00'),
(388, 'Shahjadpur', 'শাহজাদপুর', 25, '0000-00-00 00:00:00', '0000-00-00 00:00:00'),
(389, 'Tarash', 'তারাশ', 25, '0000-00-00 00:00:00', '0000-00-00 00:00:00'),
(390, 'Ullahpara', 'উল্লাপাড়া', 25, '0000-00-00 00:00:00', '0000-00-00 00:00:00'),
(391, 'Birampur', 'বিরামপুর', 26, '0000-00-00 00:00:00', '0000-00-00 00:00:00'),
(392, 'Birganj', 'বীরগঞ্জ', 26, '0000-00-00 00:00:00', '0000-00-00 00:00:00'),
(393, 'Biral', 'বিড়াল', 26, '0000-00-00 00:00:00', '0000-00-00 00:00:00'),
(394, 'Bochaganj', 'বোচাগঞ্জ', 26, '0000-00-00 00:00:00', '0000-00-00 00:00:00'),
(395, 'Chirirbandar', 'চিরিরবন্দর', 26, '0000-00-00 00:00:00', '0000-00-00 00:00:00'),
(396, 'Phulbari', 'ফুলবাড়ি', 26, '0000-00-00 00:00:00', '0000-00-00 00:00:00'),
(397, 'Ghoraghat', 'ঘোড়াঘাট', 26, '0000-00-00 00:00:00', '0000-00-00 00:00:00'),
(398, 'Hakimpur', 'হাকিমপুর', 26, '0000-00-00 00:00:00', '0000-00-00 00:00:00'),
(399, 'Kaharole', 'কাহারোল', 26, '0000-00-00 00:00:00', '0000-00-00 00:00:00'),
(400, 'Khansama', 'খানসামা', 26, '0000-00-00 00:00:00', '0000-00-00 00:00:00'),
(401, 'Dinajpur Sadar', 'দিনাজপুর সদর', 26, '0000-00-00 00:00:00', '0000-00-00 00:00:00'),
(402, 'Nawabganj', 'নবাবগঞ্জ', 26, '0000-00-00 00:00:00', '0000-00-00 00:00:00'),
(403, 'Parbatipur', 'পার্বতীপুর', 26, '0000-00-00 00:00:00', '0000-00-00 00:00:00'),
(404, 'Fulchhari', 'ফুলছড়ি', 27, '0000-00-00 00:00:00', '0000-00-00 00:00:00'),
(405, 'Gaibandha sadar', 'গাইবান্ধা সদর', 27, '0000-00-00 00:00:00', '0000-00-00 00:00:00'),
(406, 'Gobindaganj', 'গোবিন্দগঞ্জ', 27, '0000-00-00 00:00:00', '0000-00-00 00:00:00'),
(407, 'Palashbari', 'পলাশবাড়ী', 27, '0000-00-00 00:00:00', '0000-00-00 00:00:00'),
(408, 'Sadullapur', 'সাদুল্যাপুর', 27, '0000-00-00 00:00:00', '0000-00-00 00:00:00'),
(409, 'Saghata', 'সাঘাটা', 27, '0000-00-00 00:00:00', '0000-00-00 00:00:00'),
(410, 'Sundarganj', 'সুন্দরগঞ্জ', 27, '0000-00-00 00:00:00', '0000-00-00 00:00:00'),
(411, 'Kurigram Sadar', 'কুড়িগ্রাম সদর', 28, '0000-00-00 00:00:00', '0000-00-00 00:00:00'),
(412, 'Nageshwari', 'নাগেশ্বরী', 28, '0000-00-00 00:00:00', '0000-00-00 00:00:00'),
(413, 'Bhurungamari', 'ভুরুঙ্গামারি', 28, '0000-00-00 00:00:00', '0000-00-00 00:00:00'),
(414, 'Phulbari', 'ফুলবাড়ি', 28, '0000-00-00 00:00:00', '0000-00-00 00:00:00'),
(415, 'Rajarhat', 'রাজারহাট', 28, '0000-00-00 00:00:00', '0000-00-00 00:00:00'),
(416, 'Ulipur', 'উলিপুর', 28, '0000-00-00 00:00:00', '0000-00-00 00:00:00'),
(417, 'Chilmari', 'চিলমারি', 28, '0000-00-00 00:00:00', '0000-00-00 00:00:00'),
(418, 'Rowmari', 'রউমারি', 28, '0000-00-00 00:00:00', '0000-00-00 00:00:00'),
(419, 'Char Rajibpur', 'চর রাজিবপুর', 28, '0000-00-00 00:00:00', '0000-00-00 00:00:00'),
(420, 'Lalmanirhat Sadar', 'লালমনিরহাট সদর', 29, '0000-00-00 00:00:00', '0000-00-00 00:00:00'),
(421, 'Aditmari', 'আদিতমারি', 29, '0000-00-00 00:00:00', '0000-00-00 00:00:00'),
(422, 'Kaliganj', 'কালীগঞ্জ', 29, '0000-00-00 00:00:00', '0000-00-00 00:00:00'),
(423, 'Hatibandha', 'হাতিবান্ধা', 29, '0000-00-00 00:00:00', '0000-00-00 00:00:00'),
(424, 'Patgram', 'পাটগ্রাম', 29, '0000-00-00 00:00:00', '0000-00-00 00:00:00'),
(425, 'Nilphamari Sadar', 'নীলফামারী সদর', 30, '0000-00-00 00:00:00', '0000-00-00 00:00:00'),
(426, 'Saidpur', 'সৈয়দপুর', 30, '0000-00-00 00:00:00', '0000-00-00 00:00:00'),
(427, 'Jaldhaka', 'জলঢাকা', 30, '0000-00-00 00:00:00', '0000-00-00 00:00:00'),
(428, 'Kishoreganj', 'কিশোরগঞ্জ', 30, '0000-00-00 00:00:00', '0000-00-00 00:00:00'),
(429, 'Domar', 'ডোমার', 30, '0000-00-00 00:00:00', '0000-00-00 00:00:00'),
(430, 'Dimla', 'ডিমলা', 30, '0000-00-00 00:00:00', '0000-00-00 00:00:00'),
(431, 'Panchagarh Sadar', 'পঞ্চগড় সদর', 31, '0000-00-00 00:00:00', '0000-00-00 00:00:00'),
(432, 'Debiganj', 'দেবীগঞ্জ', 31, '0000-00-00 00:00:00', '0000-00-00 00:00:00'),
(433, 'Boda', 'বোদা', 31, '0000-00-00 00:00:00', '0000-00-00 00:00:00'),
(434, 'Atwari', 'আটোয়ারি', 31, '0000-00-00 00:00:00', '0000-00-00 00:00:00'),
(435, 'Tetulia', 'তেতুলিয়া', 31, '0000-00-00 00:00:00', '0000-00-00 00:00:00'),
(436, 'Badarganj', 'বদরগঞ্জ', 32, '0000-00-00 00:00:00', '0000-00-00 00:00:00'),
(437, 'Mithapukur', 'মিঠাপুকুর', 32, '0000-00-00 00:00:00', '0000-00-00 00:00:00'),
(438, 'Gangachara', 'গঙ্গাচরা', 32, '0000-00-00 00:00:00', '0000-00-00 00:00:00'),
(439, 'Kaunia', 'কাউনিয়া', 32, '0000-00-00 00:00:00', '0000-00-00 00:00:00'),
(440, 'Rangpur Sadar', 'রংপুর সদর', 32, '0000-00-00 00:00:00', '0000-00-00 00:00:00'),
(441, 'Pirgachha', 'পীরগাছা', 32, '0000-00-00 00:00:00', '0000-00-00 00:00:00'),
(442, 'Pirganj', 'পীরগঞ্জ', 32, '0000-00-00 00:00:00', '0000-00-00 00:00:00'),
(443, 'Taraganj', 'তারাগঞ্জ', 32, '0000-00-00 00:00:00', '0000-00-00 00:00:00'),
(444, 'Thakurgaon Sadar', 'ঠাকুরগাঁও সদর', 33, '0000-00-00 00:00:00', '0000-00-00 00:00:00'),
(445, 'Pirganj', 'পীরগঞ্জ', 33, '0000-00-00 00:00:00', '0000-00-00 00:00:00'),
(446, 'Baliadangi', 'বালিয়াডাঙ্গি', 33, '0000-00-00 00:00:00', '0000-00-00 00:00:00'),
(447, 'Haripur', 'হরিপুর', 33, '0000-00-00 00:00:00', '0000-00-00 00:00:00'),
(448, 'Ranisankail', 'রাণীসংকইল', 33, '0000-00-00 00:00:00', '0000-00-00 00:00:00'),
(449, 'Ajmiriganj', 'আজমিরিগঞ্জ', 51, '0000-00-00 00:00:00', '0000-00-00 00:00:00'),
(450, 'Baniachang', 'বানিয়াচং', 51, '0000-00-00 00:00:00', '0000-00-00 00:00:00'),
(451, 'Bahubal', 'বাহুবল', 51, '0000-00-00 00:00:00', '0000-00-00 00:00:00'),
(452, 'Chunarughat', 'চুনারুঘাট', 51, '0000-00-00 00:00:00', '0000-00-00 00:00:00'),
(453, 'Habiganj Sadar', 'হবিগঞ্জ সদর', 51, '0000-00-00 00:00:00', '0000-00-00 00:00:00'),
(454, 'Lakhai', 'লাক্ষাই', 51, '0000-00-00 00:00:00', '0000-00-00 00:00:00'),
(455, 'Madhabpur', 'মাধবপুর', 51, '0000-00-00 00:00:00', '0000-00-00 00:00:00'),
(456, 'Nabiganj', 'নবীগঞ্জ', 51, '0000-00-00 00:00:00', '0000-00-00 00:00:00'),
(457, 'Shaistagonj', 'শায়েস্তাগঞ্জ', 51, '0000-00-00 00:00:00', '0000-00-00 00:00:00'),
(458, 'Moulvibazar Sadar', 'মৌলভীবাজার', 52, '0000-00-00 00:00:00', '0000-00-00 00:00:00'),
(459, 'Barlekha', 'বড়লেখা', 52, '0000-00-00 00:00:00', '0000-00-00 00:00:00'),
(460, 'Juri', 'জুড়ি', 52, '0000-00-00 00:00:00', '0000-00-00 00:00:00'),
(461, 'Kamalganj', 'কামালগঞ্জ', 52, '0000-00-00 00:00:00', '0000-00-00 00:00:00'),
(462, 'Kulaura', 'কুলাউরা', 52, '0000-00-00 00:00:00', '0000-00-00 00:00:00'),
(463, 'Rajnagar', 'রাজনগর', 52, '0000-00-00 00:00:00', '0000-00-00 00:00:00'),
(464, 'Sreemangal', 'শ্রীমঙ্গল', 52, '0000-00-00 00:00:00', '0000-00-00 00:00:00'),
(465, 'Bishwambarpur', 'বিসশম্ভারপুর', 53, '0000-00-00 00:00:00', '0000-00-00 00:00:00'),
(466, 'Chhatak', 'ছাতক', 53, '0000-00-00 00:00:00', '0000-00-00 00:00:00'),
(467, 'Derai', 'দেড়াই', 53, '0000-00-00 00:00:00', '0000-00-00 00:00:00'),
(468, 'Dharampasha', 'ধরমপাশা', 53, '0000-00-00 00:00:00', '0000-00-00 00:00:00'),
(469, 'Dowarabazar', 'দোয়ারাবাজার', 53, '0000-00-00 00:00:00', '0000-00-00 00:00:00'),
(470, 'Jagannathpur', 'জগন্নাথপুর', 53, '0000-00-00 00:00:00', '0000-00-00 00:00:00'),
(471, 'Jamalganj', 'জামালগঞ্জ', 53, '0000-00-00 00:00:00', '0000-00-00 00:00:00'),
(472, 'Sulla', 'সুল্লা', 53, '0000-00-00 00:00:00', '0000-00-00 00:00:00'),
(473, 'Sunamganj Sadar', 'সুনামগঞ্জ সদর', 53, '0000-00-00 00:00:00', '0000-00-00 00:00:00'),
(474, 'Shanthiganj', 'শান্তিগঞ্জ', 53, '0000-00-00 00:00:00', '0000-00-00 00:00:00'),
(475, 'Tahirpur', 'তাহিরপুর', 53, '0000-00-00 00:00:00', '0000-00-00 00:00:00'),
(476, 'Sylhet Sadar', 'সিলেট সদর', 54, '0000-00-00 00:00:00', '0000-00-00 00:00:00'),
(477, 'Beanibazar', 'বেয়ানিবাজার', 54, '0000-00-00 00:00:00', '0000-00-00 00:00:00'),
(478, 'Bishwanath', 'বিশ্বনাথ', 54, '0000-00-00 00:00:00', '0000-00-00 00:00:00'),
(479, 'Dakshin Surma', 'দক্ষিণ সুরমা', 54, '0000-00-00 00:00:00', '0000-00-00 00:00:00'),
(480, 'Balaganj', 'বালাগঞ্জ', 54, '0000-00-00 00:00:00', '0000-00-00 00:00:00'),
(481, 'Companiganj', 'কোম্পানিগঞ্জ', 54, '0000-00-00 00:00:00', '0000-00-00 00:00:00'),
(482, 'Fenchuganj', 'ফেঞ্চুগঞ্জ', 54, '0000-00-00 00:00:00', '0000-00-00 00:00:00'),
(483, 'Golapganj', 'গোলাপগঞ্জ', 54, '0000-00-00 00:00:00', '0000-00-00 00:00:00'),
(484, 'Gowainghat', 'গোয়াইনঘাট', 54, '0000-00-00 00:00:00', '0000-00-00 00:00:00'),
(485, 'Jaintiapur', 'জয়ন্তপুর', 54, '0000-00-00 00:00:00', '0000-00-00 00:00:00'),
(486, 'Kanaighat', 'কানাইঘাট', 54, '0000-00-00 00:00:00', '0000-00-00 00:00:00'),
(487, 'Zakiganj', 'জাকিগঞ্জ', 54, '0000-00-00 00:00:00', '0000-00-00 00:00:00'),
(488, 'Nobigonj', 'নবীগঞ্জ', 54, '0000-00-00 00:00:00', '0000-00-00 00:00:00'),
(489, 'Adabor', 'আদাবর', 1, '0000-00-00 00:00:00', '0000-00-00 00:00:00'),
(490, 'Airport', 'এয়ারপোর্ট', 1, '0000-00-00 00:00:00', '0000-00-00 00:00:00'),
(491, 'Badda', 'বাড্ডা', 1, '0000-00-00 00:00:00', '0000-00-00 00:00:00'),
(492, 'Banani', 'বনানী', 1, '0000-00-00 00:00:00', '0000-00-00 00:00:00'),
(493, 'Bangshal', 'বংশাল', 1, '0000-00-00 00:00:00', '0000-00-00 00:00:00'),
(494, 'Bhashantek', 'ভাসানটেক', 1, '0000-00-00 00:00:00', '0000-00-00 00:00:00'),
(495, 'Cantonment', 'সেনানিবাস', 1, '0000-00-00 00:00:00', '0000-00-00 00:00:00'),
(496, 'Chackbazar', 'চকবাজার', 1, '0000-00-00 00:00:00', '0000-00-00 00:00:00'),
(497, 'Darussalam', 'দারুসালাম', 1, '0000-00-00 00:00:00', '0000-00-00 00:00:00'),
(498, 'Daskhinkhan', 'দাশখিখন', 1, '0000-00-00 00:00:00', '0000-00-00 00:00:00'),
(499, 'Demra', 'ডেমরা', 1, '0000-00-00 00:00:00', '0000-00-00 00:00:00'),
(500, 'Dhamrai', 'ধামরাই', 1, '0000-00-00 00:00:00', '0000-00-00 00:00:00'),
(501, 'Dhanmondi', 'ধানমন্ডি', 1, '0000-00-00 00:00:00', '0000-00-00 00:00:00'),
(502, 'Dohar', 'দোহার', 1, '0000-00-00 00:00:00', '0000-00-00 00:00:00'),
(503, 'Gandaria', 'গেন্ডারিয়া', 1, '0000-00-00 00:00:00', '0000-00-00 00:00:00'),
(504, 'Gulshan', 'গুলশান', 1, '0000-00-00 00:00:00', '0000-00-00 00:00:00'),
(505, 'Hazaribag', 'হাজারীবাগ', 1, '0000-00-00 00:00:00', '0000-00-00 00:00:00'),
(506, 'Jatrabari', 'যাত্রাবাড়ী', 1, '0000-00-00 00:00:00', '0000-00-00 00:00:00'),
(507, 'Kafrul', 'কাফরুল', 1, '0000-00-00 00:00:00', '0000-00-00 00:00:00'),
(508, 'Kalabagan', 'কলাবাগান', 1, '0000-00-00 00:00:00', '0000-00-00 00:00:00'),
(509, 'Kamrangirchar', 'কামরাঙ্গীরচর', 1, '0000-00-00 00:00:00', '0000-00-00 00:00:00'),
(510, 'Keraniganj', 'কেরানীগঞ্জ', 1, '0000-00-00 00:00:00', '0000-00-00 00:00:00'),
(511, 'Khilgaon', 'খিলগাঁও', 1, '0000-00-00 00:00:00', '0000-00-00 00:00:00'),
(512, 'Khilkhet', 'খিলক্ষেত', 1, '0000-00-00 00:00:00', '0000-00-00 00:00:00'),
(513, 'Kotwali', 'কোতোয়ালি', 1, '0000-00-00 00:00:00', '0000-00-00 00:00:00'),
(514, 'Lalbag', 'লালবাগ', 1, '0000-00-00 00:00:00', '0000-00-00 00:00:00'),
(515, 'Mirpur Model', 'মিরপুর মডেল', 1, '0000-00-00 00:00:00', '0000-00-00 00:00:00'),
(516, 'Mohammadpur', 'মোহাম্মদপুর', 1, '0000-00-00 00:00:00', '0000-00-00 00:00:00'),
(517, 'Motijheel', 'মতিঝিল', 1, '0000-00-00 00:00:00', '0000-00-00 00:00:00'),
(518, 'Mugda', 'মুগদা', 1, '0000-00-00 00:00:00', '0000-00-00 00:00:00'),
(519, 'Nawabganj', 'নবাবগঞ্জ', 1, '0000-00-00 00:00:00', '0000-00-00 00:00:00'),
(520, 'New Market', 'নতুন বাজার', 1, '0000-00-00 00:00:00', '0000-00-00 00:00:00'),
(521, 'Pallabi', 'পল্লবী', 1, '0000-00-00 00:00:00', '0000-00-00 00:00:00'),
(522, 'Paltan', 'পল্টন', 1, '0000-00-00 00:00:00', '0000-00-00 00:00:00'),
(523, 'Ramna', 'রমনা', 1, '0000-00-00 00:00:00', '0000-00-00 00:00:00'),
(524, 'Rampura', 'রামপুরা', 1, '0000-00-00 00:00:00', '0000-00-00 00:00:00'),
(525, 'Rupnagar', 'রূপনগর', 1, '0000-00-00 00:00:00', '0000-00-00 00:00:00'),
(526, 'Sabujbag', 'সবুজবাগ', 1, '0000-00-00 00:00:00', '0000-00-00 00:00:00'),
(527, 'Savar', 'সাভার', 1, '0000-00-00 00:00:00', '0000-00-00 00:00:00'),
(528, 'Shah Ali', 'শাহ আলী', 1, '0000-00-00 00:00:00', '0000-00-00 00:00:00'),
(529, 'Shahbag', 'শাহবাগ', 1, '0000-00-00 00:00:00', '0000-00-00 00:00:00'),
(530, 'Shahjahanpur', 'শাহজাহানপুর', 1, '0000-00-00 00:00:00', '0000-00-00 00:00:00'),
(531, 'Sherebanglanagar', 'শেরেবাংলনগর', 1, '0000-00-00 00:00:00', '0000-00-00 00:00:00'),
(532, 'Shyampur', 'শ্যামপুর', 1, '0000-00-00 00:00:00', '0000-00-00 00:00:00'),
(533, 'Sutrapur', 'সূত্রাপুর', 1, '0000-00-00 00:00:00', '0000-00-00 00:00:00'),
(534, 'Tejgaon', 'তেজগাঁও', 1, '0000-00-00 00:00:00', '0000-00-00 00:00:00'),
(535, 'Tejgaon I/A', 'তেজগাঁও আই / এ', 1, '0000-00-00 00:00:00', '0000-00-00 00:00:00'),
(536, 'Turag', 'তুরাগ', 1, '0000-00-00 00:00:00', '0000-00-00 00:00:00'),
(537, 'Uttara', 'উত্তরা', 1, '0000-00-00 00:00:00', '0000-00-00 00:00:00'),
(538, 'Uttara West', 'উত্তরা পশ্চিম', 1, '0000-00-00 00:00:00', '0000-00-00 00:00:00'),
(539, 'Uttarkhan', 'উত্তরখান', 1, '0000-00-00 00:00:00', '0000-00-00 00:00:00'),
(540, 'Vatara', 'ভাতারা', 1, '0000-00-00 00:00:00', '0000-00-00 00:00:00'),
(541, 'Wari', 'ওয়ারী', 1, '0000-00-00 00:00:00', '0000-00-00 00:00:00'),
(542, 'Others', 'অন্যান্য', 1, '0000-00-00 00:00:00', '0000-00-00 00:00:00'),
(543, 'Airport', 'এয়ারপোর্ট', 35, '0000-00-00 00:00:00', '0000-00-00 00:00:00'),
(544, 'Kawnia', 'কাউনিয়া', 35, '0000-00-00 00:00:00', '0000-00-00 00:00:00'),
(545, 'Bondor', 'বন্দর', 35, '0000-00-00 00:00:00', '0000-00-00 00:00:00'),
(546, 'Others', 'অন্যান্য', 35, '0000-00-00 00:00:00', '0000-00-00 00:00:00'),
(547, 'Boalia', 'বোয়ালিয়া', 24, '0000-00-00 00:00:00', '0000-00-00 00:00:00'),
(548, 'Motihar', 'মতিহার', 24, '0000-00-00 00:00:00', '0000-00-00 00:00:00'),
(549, 'Shahmokhdum', 'শাহ্ মকখদুম', 24, '0000-00-00 00:00:00', '0000-00-00 00:00:00'),
(550, 'Rajpara', 'রাজপারা', 24, '0000-00-00 00:00:00', '0000-00-00 00:00:00'),
(551, 'Others', 'অন্যান্য', 24, '0000-00-00 00:00:00', '0000-00-00 00:00:00'),
(552, 'Akborsha', 'আকবোরশা', 43, '0000-00-00 00:00:00', '0000-00-00 00:00:00'),
(553, 'Baijid bostami', 'বাইজিদ বোস্তামী', 43, '0000-00-00 00:00:00', '0000-00-00 00:00:00'),
(554, 'Bakolia', 'বাকোলিয়া', 43, '0000-00-00 00:00:00', '0000-00-00 00:00:00'),
(555, 'Bandar', 'বন্দর', 43, '0000-00-00 00:00:00', '0000-00-00 00:00:00'),
(556, 'Chandgaon', 'চাঁদগাও', 43, '0000-00-00 00:00:00', '0000-00-00 00:00:00'),
(557, 'Chokbazar', 'চকবাজার', 43, '0000-00-00 00:00:00', '0000-00-00 00:00:00'),
(558, 'Doublemooring', 'ডাবল মুরিং', 43, '0000-00-00 00:00:00', '0000-00-00 00:00:00'),
(559, 'EPZ', 'ইপিজেড', 43, '0000-00-00 00:00:00', '0000-00-00 00:00:00'),
(560, 'Hali Shohor', 'হলী শহর', 43, '0000-00-00 00:00:00', '0000-00-00 00:00:00'),
(561, 'Kornafuli', 'কর্ণফুলি', 43, '0000-00-00 00:00:00', '0000-00-00 00:00:00'),
(562, 'Kotwali', 'কোতোয়ালী', 43, '0000-00-00 00:00:00', '0000-00-00 00:00:00'),
(563, 'Kulshi', 'কুলশি', 43, '0000-00-00 00:00:00', '0000-00-00 00:00:00'),
(564, 'Pahartali', 'পাহাড়তলী', 43, '0000-00-00 00:00:00', '0000-00-00 00:00:00'),
(565, 'Panchlaish', 'পাঁচলাইশ', 43, '0000-00-00 00:00:00', '0000-00-00 00:00:00'),
(566, 'Potenga', 'পতেঙ্গা', 43, '0000-00-00 00:00:00', '0000-00-00 00:00:00'),
(567, 'Shodhorgat', 'সদরঘাট', 43, '0000-00-00 00:00:00', '0000-00-00 00:00:00'),
(568, 'Others', 'অন্যান্য', 43, '0000-00-00 00:00:00', '0000-00-00 00:00:00'),
(569, 'Others', 'অন্যান্য', 44, '0000-00-00 00:00:00', '0000-00-00 00:00:00'),
(570, 'Aranghata', 'আড়াংঘাটা', 59, '0000-00-00 00:00:00', '0000-00-00 00:00:00'),
(571, 'Daulatpur', 'দৌলতপুর', 59, '0000-00-00 00:00:00', '0000-00-00 00:00:00'),
(572, 'Harintana', 'হারিন্তানা', 59, '0000-00-00 00:00:00', '0000-00-00 00:00:00'),
(573, 'Horintana', 'হরিণতানা', 59, '0000-00-00 00:00:00', '0000-00-00 00:00:00'),
(574, 'Khalishpur', 'খালিশপুর', 59, '0000-00-00 00:00:00', '0000-00-00 00:00:00'),
(575, 'Khanjahan Ali', 'খানজাহান আলী', 59, '0000-00-00 00:00:00', '0000-00-00 00:00:00'),
(576, 'Khulna Sadar', 'খুলনা সদর', 59, '0000-00-00 00:00:00', '0000-00-00 00:00:00'),
(577, 'Labanchora', 'লাবানছোরা', 59, '0000-00-00 00:00:00', '0000-00-00 00:00:00'),
(578, 'Sonadanga', 'সোনাডাঙ্গা', 59, '0000-00-00 00:00:00', '0000-00-00 00:00:00'),
(579, 'Others', 'অন্যান্য', 59, '0000-00-00 00:00:00', '0000-00-00 00:00:00'),
(580, 'Others', 'অন্যান্য', 2, '0000-00-00 00:00:00', '0000-00-00 00:00:00'),
(581, 'Others', 'অন্যান্য', 4, '0000-00-00 00:00:00', '0000-00-00 00:00:00'),
(582, 'Others', 'অন্যান্য', 5, '0000-00-00 00:00:00', '0000-00-00 00:00:00'),
(583, 'Airport', 'বিমানবন্দর', 54, '0000-00-00 00:00:00', '0000-00-00 00:00:00'),
(584, 'Hazrat Shah Paran', 'হযরত শাহ পরাণ', 54, '0000-00-00 00:00:00', '0000-00-00 00:00:00'),
(585, 'Jalalabad', 'জালালাবাদ', 54, '0000-00-00 00:00:00', '0000-00-00 00:00:00'),
(586, 'Kowtali', 'কোতোয়ালী', 54, '0000-00-00 00:00:00', '0000-00-00 00:00:00'),
(587, 'Moglabazar', 'মোগলাবাজার', 54, '0000-00-00 00:00:00', '0000-00-00 00:00:00'),
(588, 'Osmani Nagar', 'ওসমানী নগর', 54, '0000-00-00 00:00:00', '0000-00-00 00:00:00'),
(589, 'South Surma', 'দক্ষিণ সুরমা', 54, '0000-00-00 00:00:00', '0000-00-00 00:00:00'),
(590, 'Others', 'অন্যান্য', 54, '0000-00-00 00:00:00', '0000-00-00 00:00:00'),
(591, 'Dhaka Cantt.', NULL, 1, '2021-03-08 06:08:10', '2021-03-08 06:08:10'),
(592, 'Joypara', NULL, 1, '2021-03-08 06:08:11', '2021-03-08 06:08:11'),
(593, 'Mirpur', NULL, 1, '2021-03-08 06:08:13', '2021-03-08 06:08:13'),
(594, 'Tejgaon Industrial Area', NULL, 1, '2021-03-08 06:08:18', '2021-03-08 06:08:18'),
(595, 'Shriangan', NULL, 2, '2021-03-08 06:08:20', '2021-03-08 06:08:20'),
(596, 'Monnunagar', NULL, 3, '2021-03-08 06:08:23', '2021-03-08 06:08:23'),
(597, 'Hossenpur', NULL, 6, '2021-03-08 06:08:27', '2021-03-08 06:08:27'),
(598, 'Ostagram', NULL, 6, '2021-03-08 06:08:29', '2021-03-08 06:08:29'),
(599, 'Barhamganj', NULL, 7, '2021-03-08 06:08:29', '2021-03-08 06:08:29'),
(600, 'Lechhraganj', NULL, 8, '2021-03-08 06:08:31', '2021-03-08 06:08:31'),
(601, 'Baidder Bazar', NULL, 11, '2021-03-08 06:08:39', '2021-03-08 06:08:39'),
(602, 'Fatullah', NULL, 11, '2021-03-08 06:08:40', '2021-03-08 06:08:40'),
(603, 'Kashkaolia', NULL, 17, '2021-03-08 06:08:53', '2021-03-08 06:08:53'),
(604, 'Kalauk', NULL, 51, '2021-03-08 06:08:58', '2021-03-08 06:08:58'),
(605, 'Ghungiar', NULL, 53, '2021-03-08 06:09:05', '2021-03-08 06:09:05'),
(606, 'Sachna', NULL, 53, '2021-03-08 06:09:06', '2021-03-08 06:09:06'),
(607, 'Naikhong', NULL, 40, '2021-03-08 06:09:15', '2021-03-08 06:09:15'),
(608, 'Matlobganj', NULL, 42, '2021-03-08 06:09:24', '2021-03-08 06:09:24'),
(609, 'East Joara', NULL, 43, '2021-03-08 06:09:31', '2021-03-08 06:09:31'),
(610, 'Jaldi', NULL, 43, '2021-03-08 06:09:34', '2021-03-08 06:09:34'),
(611, 'Chiringga', NULL, 45, '2021-03-08 06:09:47', '2021-03-08 06:09:47'),
(612, 'Gorakghat', NULL, 45, '2021-03-08 06:09:49', '2021-03-08 06:09:49'),
(613, 'Pashurampur', NULL, 46, '2021-03-08 06:09:52', '2021-03-08 06:09:52'),
(614, 'Laxmichhari', NULL, 47, '2021-03-08 06:09:54', '2021-03-08 06:09:54'),
(615, 'Char Alexandar', NULL, 48, '2021-03-08 06:09:55', '2021-03-08 06:09:55'),
(616, 'Basurhat', NULL, 49, '2021-03-08 06:09:59', '2021-03-08 06:09:59'),
(617, 'Bilaichhari', NULL, 50, '2021-03-08 06:10:08', '2021-03-08 06:10:08'),
(618, 'Jarachhari', NULL, 50, '2021-03-08 06:10:08', '2021-03-08 06:10:08'),
(619, 'Kalampati', NULL, 50, '2021-03-08 06:10:08', '2021-03-08 06:10:08'),
(620, 'Longachh', NULL, 50, '2021-03-08 06:10:09', '2021-03-08 06:10:09'),
(621, 'Marishya', NULL, 50, '2021-03-08 06:10:10', '2021-03-08 06:10:10'),
(622, 'Rajsthali', NULL, 50, '2021-03-08 06:10:10', '2021-03-08 06:10:10'),
(623, 'Bangla Hili', NULL, 26, '2021-03-08 06:10:11', '2021-03-08 06:10:11'),
(624, 'Maharajganj', NULL, 26, '2021-03-08 06:10:13', '2021-03-08 06:10:13'),
(625, 'Osmanpur', NULL, 26, '2021-03-08 06:10:14', '2021-03-08 06:10:14'),
(626, 'Setabganj', NULL, 26, '2021-03-08 06:10:15', '2021-03-08 06:10:15'),
(627, 'Bonarpara', NULL, 27, '2021-03-08 06:10:15', '2021-03-08 06:10:15'),
(628, 'Tushbhandar', NULL, 29, '2021-03-08 06:10:20', '2021-03-08 06:10:20');
INSERT INTO `thanas` (`id`, `name`, `bn_name`, `district_id`, `created_at`, `updated_at`) VALUES
(629, 'Chotto Dab', NULL, 31, '2021-03-08 06:10:23', '2021-03-08 06:10:23'),
(630, 'Jibanpur', NULL, 33, '2021-03-08 06:10:26', '2021-03-08 06:10:26'),
(631, 'Alamdighi', NULL, 18, '2021-03-08 06:10:27', '2021-03-08 06:10:27'),
(632, 'Dupchachia', NULL, 18, '2021-03-08 06:10:28', '2021-03-08 06:10:28'),
(633, 'Gabtoli', NULL, 18, '2021-03-08 06:10:28', '2021-03-08 06:10:28'),
(634, 'Rohanpur', NULL, 22, '2021-03-08 06:10:31', '2021-03-08 06:10:31'),
(635, 'Ahsanganj', NULL, 20, '2021-03-08 06:10:33', '2021-03-08 06:10:33'),
(636, 'Nitpur', NULL, 20, '2021-03-08 06:10:34', '2021-03-08 06:10:34'),
(637, 'Prasadpur', NULL, 20, '2021-03-08 06:10:35', '2021-03-08 06:10:35'),
(638, 'Gopalpur UPO', NULL, 21, '2021-03-08 06:10:36', '2021-03-08 06:10:36'),
(639, 'Harua', NULL, 21, '2021-03-08 06:10:36', '2021-03-08 06:10:36'),
(640, 'Hatgurudaspur', NULL, 21, '2021-03-08 06:10:37', '2021-03-08 06:10:37'),
(641, 'Laxman', NULL, 21, '2021-03-08 06:10:37', '2021-03-08 06:10:37'),
(642, 'Singra', NULL, 21, '2021-03-08 06:10:38', '2021-03-08 06:10:38'),
(643, 'Banwarinagar', NULL, 23, '2021-03-08 06:10:39', '2021-03-08 06:10:39'),
(644, 'Debottar', NULL, 23, '2021-03-08 06:10:40', '2021-03-08 06:10:40'),
(645, 'Bhabaniganj', NULL, 24, '2021-03-08 06:10:42', '2021-03-08 06:10:42'),
(646, 'Lalitganj', NULL, 24, '2021-03-08 06:10:43', '2021-03-08 06:10:43'),
(647, 'Rajshahi Sadar', NULL, 24, '2021-03-08 06:10:44', '2021-03-08 06:10:44'),
(648, 'Baiddya Jam Toil', NULL, 25, '2021-03-08 06:10:45', '2021-03-08 06:10:45'),
(649, 'Dhangora', NULL, 25, '2021-03-08 06:10:47', '2021-03-08 06:10:47'),
(650, 'Dharampasha', NULL, 13, '2021-03-08 06:10:58', '2021-03-08 06:10:58'),
(651, 'Dhobaura', NULL, 13, '2021-03-08 06:10:59', '2021-03-08 06:10:59'),
(652, 'Moddhynagar', NULL, 13, '2021-03-08 06:11:00', '2021-03-08 06:11:00'),
(653, 'Purbadhola', NULL, 13, '2021-03-08 06:11:01', '2021-03-08 06:11:01'),
(654, 'Baksiganj', NULL, 16, '2021-03-08 06:11:01', '2021-03-08 06:11:01'),
(655, 'Jhinaigati', NULL, 16, '2021-03-08 06:11:02', '2021-03-08 06:11:02'),
(656, 'Sherpur Shadar', NULL, 16, '2021-03-08 06:11:02', '2021-03-08 06:11:02'),
(657, 'Shribardi', NULL, 16, '2021-03-08 06:11:03', '2021-03-08 06:11:03'),
(658, 'Barajalia', NULL, 35, '2021-03-08 06:11:06', '2021-03-08 06:11:06'),
(659, 'Mahendiganj', NULL, 35, '2021-03-08 06:11:07', '2021-03-08 06:11:07'),
(660, 'Sahebganj', NULL, 35, '2021-03-08 06:11:08', '2021-03-08 06:11:08'),
(661, 'Uzirpur', NULL, 35, '2021-03-08 06:11:09', '2021-03-08 06:11:09'),
(662, 'Hajirhat', NULL, 36, '2021-03-08 06:11:11', '2021-03-08 06:11:11'),
(663, 'Hatshoshiganj', NULL, 36, '2021-03-08 06:11:11', '2021-03-08 06:11:11'),
(664, 'Khepupara', NULL, 38, '2021-03-08 06:11:14', '2021-03-08 06:11:14'),
(665, 'Subidkhali', NULL, 38, '2021-03-08 06:11:16', '2021-03-08 06:11:16'),
(666, 'Banaripara', NULL, 39, '2021-03-08 06:11:16', '2021-03-08 06:11:16'),
(667, 'Swarupkathi', NULL, 39, '2021-03-08 06:11:20', '2021-03-08 06:11:20'),
(668, 'Doulatganj', NULL, 56, '2021-03-08 06:11:21', '2021-03-08 06:11:21'),
(669, 'Chalna Ankorage', NULL, 55, '2021-03-08 06:11:22', '2021-03-08 06:11:22'),
(670, 'Rayenda', NULL, 55, '2021-03-08 06:11:25', '2021-03-08 06:11:25'),
(671, 'Noapara', NULL, 57, '2021-03-08 06:11:27', '2021-03-08 06:11:27'),
(672, 'Naldanga', NULL, 58, '2021-03-08 06:11:29', '2021-03-08 06:11:29'),
(673, 'Alaipur', NULL, 59, '2021-03-08 06:11:30', '2021-03-08 06:11:30'),
(674, 'Chalna Bazar', NULL, 59, '2021-03-08 06:11:31', '2021-03-08 06:11:31'),
(675, 'Madinabad', NULL, 59, '2021-03-08 06:11:34', '2021-03-08 06:11:34'),
(676, 'Sajiara', NULL, 59, '2021-03-08 06:11:35', '2021-03-08 06:11:35'),
(677, 'Janipur', NULL, 60, '2021-03-08 06:11:37', '2021-03-08 06:11:37'),
(678, 'Rafayetpur', NULL, 60, '2021-03-08 06:11:38', '2021-03-08 06:11:38'),
(679, 'Arpara', NULL, 61, '2021-03-08 06:11:39', '2021-03-08 06:11:39'),
(680, 'Laxmipasha', NULL, 63, '2021-03-08 06:11:41', '2021-03-08 06:11:41'),
(681, 'Mohajan', NULL, 63, '2021-03-08 06:11:42', '2021-03-08 06:11:42'),
(682, 'Nakipur', NULL, 64, '2021-03-08 06:11:44', '2021-03-08 06:11:44');



--
-- Dumping data for table `post_offices`
--

INSERT INTO `post_offices` (`id`, `name`, `bn_name`, `code`, `thana_id`, `created_at`, `updated_at`) VALUES
(1, 'Demra', NULL, '1360', 499, '2021-03-08 06:08:09', '2021-03-08 06:08:09'),
(2, 'Matuail', NULL, '1362', 499, '2021-03-08 06:08:09', '2021-03-08 06:08:09'),
(3, 'Sarulia', NULL, '1361', 499, '2021-03-08 06:08:09', '2021-03-08 06:08:09'),
(4, 'Dhaka CantonmentTSO', NULL, '1206', 591, '2021-03-08 06:08:10', '2021-03-08 06:08:10'),
(5, 'Dhamrai', NULL, '1350', 500, '2021-03-08 06:08:10', '2021-03-08 06:08:10'),
(6, 'Kamalpur', NULL, '1351', 500, '2021-03-08 06:08:10', '2021-03-08 06:08:10'),
(7, 'Jigatala TSO', NULL, '1209', 501, '2021-03-08 06:08:10', '2021-03-08 06:08:10'),
(8, 'Banani TSO', NULL, '1213', 504, '2021-03-08 06:08:10', '2021-03-08 06:08:10'),
(9, 'Gulshan Model Town', NULL, '1212', 504, '2021-03-08 06:08:10', '2021-03-08 06:08:10'),
(10, 'Dhania TSO', NULL, '1232', 506, '2021-03-08 06:08:10', '2021-03-08 06:08:10'),
(11, 'Joypara', NULL, '1330', 592, '2021-03-08 06:08:11', '2021-03-08 06:08:11'),
(12, 'Narisha', NULL, '1332', 592, '2021-03-08 06:08:11', '2021-03-08 06:08:11'),
(13, 'Palamganj', NULL, '1331', 592, '2021-03-08 06:08:11', '2021-03-08 06:08:11'),
(14, 'Ati', NULL, '1312', 510, '2021-03-08 06:08:11', '2021-03-08 06:08:11'),
(15, 'Dhaka Jute Mills', NULL, '1311', 510, '2021-03-08 06:08:12', '2021-03-08 06:08:12'),
(16, 'Kalatia', NULL, '1313', 510, '2021-03-08 06:08:12', '2021-03-08 06:08:12'),
(17, 'Keraniganj', NULL, '1310', 510, '2021-03-08 06:08:12', '2021-03-08 06:08:12'),
(18, 'KhilgaonTSO', NULL, '1219', 511, '2021-03-08 06:08:12', '2021-03-08 06:08:12'),
(19, 'KhilkhetTSO', NULL, '1229', 512, '2021-03-08 06:08:13', '2021-03-08 06:08:13'),
(20, 'Posta TSO', NULL, '1211', 514, '2021-03-08 06:08:13', '2021-03-08 06:08:13'),
(21, 'Mirpur TSO', NULL, '1216', 593, '2021-03-08 06:08:13', '2021-03-08 06:08:13'),
(22, 'Mohammadpur Housing', NULL, '1207', 516, '2021-03-08 06:08:13', '2021-03-08 06:08:13'),
(23, 'Sangsad BhabanTSO', NULL, '1225', 516, '2021-03-08 06:08:13', '2021-03-08 06:08:13'),
(24, 'BangabhabanTSO', NULL, '1222', 517, '2021-03-08 06:08:13', '2021-03-08 06:08:13'),
(25, 'DilkushaTSO', NULL, '1223', 517, '2021-03-08 06:08:14', '2021-03-08 06:08:14'),
(26, 'Agla', NULL, '1323', 519, '2021-03-08 06:08:14', '2021-03-08 06:08:14'),
(27, 'Churain', NULL, '1325', 519, '2021-03-08 06:08:14', '2021-03-08 06:08:14'),
(28, 'Daudpur', NULL, '1322', 519, '2021-03-08 06:08:14', '2021-03-08 06:08:14'),
(29, 'Hasnabad', NULL, '1321', 519, '2021-03-08 06:08:14', '2021-03-08 06:08:14'),
(30, 'Khalpar', NULL, '1324', 519, '2021-03-08 06:08:15', '2021-03-08 06:08:15'),
(31, 'Nawabganj', NULL, '1320', 519, '2021-03-08 06:08:15', '2021-03-08 06:08:15'),
(32, 'New Market TSO', NULL, '1205', 520, '2021-03-08 06:08:15', '2021-03-08 06:08:15'),
(33, 'Dhaka GPO', NULL, '1000', 522, '2021-03-08 06:08:15', '2021-03-08 06:08:15'),
(34, 'Shantinagr TSO', NULL, '1217', 523, '2021-03-08 06:08:15', '2021-03-08 06:08:15'),
(35, 'Basabo TSO', NULL, '1214', 526, '2021-03-08 06:08:15', '2021-03-08 06:08:15'),
(36, 'Amin Bazar', NULL, '1348', 527, '2021-03-08 06:08:15', '2021-03-08 06:08:15'),
(37, 'Dairy Farm', NULL, '1341', 527, '2021-03-08 06:08:16', '2021-03-08 06:08:16'),
(38, 'EPZ', NULL, '1349', 527, '2021-03-08 06:08:16', '2021-03-08 06:08:16'),
(39, 'Jahangirnagar Univer', NULL, '1342', 527, '2021-03-08 06:08:16', '2021-03-08 06:08:16'),
(40, 'Kashem Cotton Mills', NULL, '1346', 527, '2021-03-08 06:08:16', '2021-03-08 06:08:16'),
(41, 'Rajphulbaria', NULL, '1347', 527, '2021-03-08 06:08:16', '2021-03-08 06:08:16'),
(42, 'Savar', NULL, '1340', 527, '2021-03-08 06:08:16', '2021-03-08 06:08:16'),
(43, 'Savar Canttonment', NULL, '1344', 527, '2021-03-08 06:08:16', '2021-03-08 06:08:16'),
(44, 'Saver P.A.T.C', NULL, '1343', 527, '2021-03-08 06:08:17', '2021-03-08 06:08:17'),
(45, 'Shimulia', NULL, '1345', 527, '2021-03-08 06:08:17', '2021-03-08 06:08:17'),
(46, 'Dhaka Sadar HO', NULL, '1100', 533, '2021-03-08 06:08:17', '2021-03-08 06:08:17'),
(47, 'Gendaria TSO', NULL, '1204', 533, '2021-03-08 06:08:17', '2021-03-08 06:08:17'),
(48, 'Wari TSO', NULL, '1203', 533, '2021-03-08 06:08:17', '2021-03-08 06:08:17'),
(49, 'Tejgaon TSO', NULL, '1215', 534, '2021-03-08 06:08:17', '2021-03-08 06:08:17'),
(50, 'Dhaka Politechnic', NULL, '1208', 594, '2021-03-08 06:08:18', '2021-03-08 06:08:18'),
(51, 'Uttara Model TwonTSO', NULL, '1230', 537, '2021-03-08 06:08:18', '2021-03-08 06:08:18'),
(52, 'Alfadanga', NULL, '7870', 147, '2021-03-08 06:08:18', '2021-03-08 06:08:18'),
(53, 'Bhanga', NULL, '7830', 149, '2021-03-08 06:08:18', '2021-03-08 06:08:18'),
(54, 'Boalmari', NULL, '7860', 146, '2021-03-08 06:08:18', '2021-03-08 06:08:18'),
(55, 'Rupatpat', NULL, '7861', 146, '2021-03-08 06:08:18', '2021-03-08 06:08:18'),
(56, 'Charbadrashan', NULL, '7810', 151, '2021-03-08 06:08:19', '2021-03-08 06:08:19'),
(57, 'Ambikapur', NULL, '7802', 145, '2021-03-08 06:08:19', '2021-03-08 06:08:19'),
(58, 'Baitulaman Politecni', NULL, '7803', 145, '2021-03-08 06:08:19', '2021-03-08 06:08:19'),
(59, 'Faridpursadar', NULL, '7800', 145, '2021-03-08 06:08:19', '2021-03-08 06:08:19'),
(60, 'Kanaipur', NULL, '7801', 145, '2021-03-08 06:08:19', '2021-03-08 06:08:19'),
(61, 'Kamarkali', NULL, '7851', 148, '2021-03-08 06:08:19', '2021-03-08 06:08:19'),
(62, 'Madhukhali', NULL, '7850', 148, '2021-03-08 06:08:19', '2021-03-08 06:08:19'),
(63, 'Nagarkanda', NULL, '7840', 150, '2021-03-08 06:08:20', '2021-03-08 06:08:20'),
(64, 'Talma', NULL, '7841', 150, '2021-03-08 06:08:20', '2021-03-08 06:08:20'),
(65, 'Bishwa jaker Manjil', NULL, '7822', 152, '2021-03-08 06:08:20', '2021-03-08 06:08:20'),
(66, 'Hat Krishapur', NULL, '7821', 152, '2021-03-08 06:08:20', '2021-03-08 06:08:20'),
(67, 'Sadarpur', NULL, '7820', 152, '2021-03-08 06:08:20', '2021-03-08 06:08:20'),
(68, 'Shriangan', NULL, '7804', 595, '2021-03-08 06:08:20', '2021-03-08 06:08:20'),
(69, 'B.O.F', NULL, '1703', 154, '2021-03-08 06:08:20', '2021-03-08 06:08:20'),
(70, 'B.R.R', NULL, '1701', 154, '2021-03-08 06:08:21', '2021-03-08 06:08:21'),
(71, 'Chandna', NULL, '1702', 154, '2021-03-08 06:08:21', '2021-03-08 06:08:21'),
(72, 'Gazipur Sadar', NULL, '1700', 154, '2021-03-08 06:08:21', '2021-03-08 06:08:21'),
(73, 'National University', NULL, '1704', 154, '2021-03-08 06:08:21', '2021-03-08 06:08:21'),
(74, 'Kaliakior', NULL, '1750', 156, '2021-03-08 06:08:21', '2021-03-08 06:08:21'),
(75, 'Safipur', NULL, '1751', 156, '2021-03-08 06:08:22', '2021-03-08 06:08:22'),
(76, 'Kaliganj', NULL, '1720', 159, '2021-03-08 06:08:22', '2021-03-08 06:08:22'),
(77, 'Pubail', NULL, '1721', 159, '2021-03-08 06:08:22', '2021-03-08 06:08:22'),
(78, 'Santanpara', NULL, '1722', 159, '2021-03-08 06:08:22', '2021-03-08 06:08:22'),
(79, 'Vaoal Jamalpur', NULL, '1723', 159, '2021-03-08 06:08:22', '2021-03-08 06:08:22'),
(80, 'Kapasia', NULL, '1730', 157, '2021-03-08 06:08:22', '2021-03-08 06:08:22'),
(81, 'Ershad Nagar', NULL, '1712', 596, '2021-03-08 06:08:23', '2021-03-08 06:08:23'),
(82, 'Monnunagar', NULL, '1710', 596, '2021-03-08 06:08:23', '2021-03-08 06:08:23'),
(83, 'Nishat Nagar', NULL, '1711', 596, '2021-03-08 06:08:23', '2021-03-08 06:08:23'),
(84, 'Barmi', NULL, '1743', 158, '2021-03-08 06:08:23', '2021-03-08 06:08:23'),
(85, 'Bashamur', NULL, '1747', 158, '2021-03-08 06:08:23', '2021-03-08 06:08:23'),
(86, 'Boubi', NULL, '1748', 158, '2021-03-08 06:08:23', '2021-03-08 06:08:23'),
(87, 'Kawraid', NULL, '1745', 158, '2021-03-08 06:08:23', '2021-03-08 06:08:23'),
(88, 'Satkhamair', NULL, '1744', 158, '2021-03-08 06:08:23', '2021-03-08 06:08:23'),
(89, 'Sripur', NULL, '1740', 158, '2021-03-08 06:08:24', '2021-03-08 06:08:24'),
(90, 'Rajendrapur', NULL, '1741', 158, '2021-03-08 06:08:24', '2021-03-08 06:08:24'),
(91, 'Rajendrapur Canttome', NULL, '1742', 158, '2021-03-08 06:08:24', '2021-03-08 06:08:24'),
(92, 'Barfa', NULL, '8102', 161, '2021-03-08 06:08:24', '2021-03-08 06:08:24'),
(93, 'Chandradighalia', NULL, '8013', 161, '2021-03-08 06:08:24', '2021-03-08 06:08:24'),
(94, 'Gopalganj Sadar', NULL, '8100', 161, '2021-03-08 06:08:24', '2021-03-08 06:08:24'),
(95, 'Ulpur', NULL, '8101', 161, '2021-03-08 06:08:24', '2021-03-08 06:08:24'),
(96, 'Jonapur', NULL, '8133', 162, '2021-03-08 06:08:24', '2021-03-08 06:08:24'),
(97, 'Kashiani', NULL, '8130', 162, '2021-03-08 06:08:25', '2021-03-08 06:08:25'),
(98, 'Ramdia College', NULL, '8131', 162, '2021-03-08 06:08:25', '2021-03-08 06:08:25'),
(99, 'Ratoil', NULL, '8132', 162, '2021-03-08 06:08:25', '2021-03-08 06:08:25'),
(100, 'Kotalipara', NULL, '8110', 163, '2021-03-08 06:08:25', '2021-03-08 06:08:25'),
(101, 'Batkiamari', NULL, '8141', 164, '2021-03-08 06:08:25', '2021-03-08 06:08:25'),
(102, 'Khandarpara', NULL, '8142', 164, '2021-03-08 06:08:25', '2021-03-08 06:08:25'),
(103, 'Muksudpur', NULL, '8140', 164, '2021-03-08 06:08:26', '2021-03-08 06:08:26'),
(104, 'Patgati', NULL, '8121', 165, '2021-03-08 06:08:26', '2021-03-08 06:08:26'),
(105, 'Tungipara', NULL, '8120', 165, '2021-03-08 06:08:26', '2021-03-08 06:08:26'),
(106, 'Bajitpur', NULL, '2336', 175, '2021-03-08 06:08:26', '2021-03-08 06:08:26'),
(107, 'Laksmipur', NULL, '2338', 175, '2021-03-08 06:08:26', '2021-03-08 06:08:26'),
(108, 'Sararchar', NULL, '2337', 175, '2021-03-08 06:08:27', '2021-03-08 06:08:27'),
(109, 'Bhairab', NULL, '2350', 176, '2021-03-08 06:08:27', '2021-03-08 06:08:27'),
(110, 'Hossenpur', NULL, '2320', 597, '2021-03-08 06:08:27', '2021-03-08 06:08:27'),
(111, 'Itna', NULL, '2390', 178, '2021-03-08 06:08:27', '2021-03-08 06:08:27'),
(112, 'Karimganj', NULL, '2310', 179, '2021-03-08 06:08:27', '2021-03-08 06:08:27'),
(113, 'Gochhihata', NULL, '2331', 180, '2021-03-08 06:08:27', '2021-03-08 06:08:27'),
(114, 'Katiadi', NULL, '2330', 180, '2021-03-08 06:08:27', '2021-03-08 06:08:27'),
(115, 'Kishoreganj S.Mills', NULL, '2301', 181, '2021-03-08 06:08:28', '2021-03-08 06:08:28'),
(116, 'Kishoreganj Sadar', NULL, '2300', 181, '2021-03-08 06:08:28', '2021-03-08 06:08:28'),
(117, 'Maizhati', NULL, '2302', 181, '2021-03-08 06:08:28', '2021-03-08 06:08:28'),
(118, 'Nilganj', NULL, '2303', 181, '2021-03-08 06:08:28', '2021-03-08 06:08:28'),
(119, 'Chhoysuti', NULL, '2341', 182, '2021-03-08 06:08:28', '2021-03-08 06:08:28'),
(120, 'Kuliarchar', NULL, '2340', 182, '2021-03-08 06:08:28', '2021-03-08 06:08:28'),
(121, 'Abdullahpur', NULL, '2371', 183, '2021-03-08 06:08:28', '2021-03-08 06:08:28'),
(122, 'Mithamain', NULL, '2370', 183, '2021-03-08 06:08:29', '2021-03-08 06:08:29'),
(123, 'Nikli', NULL, '2360', 184, '2021-03-08 06:08:29', '2021-03-08 06:08:29'),
(124, 'Ostagram', NULL, '2380', 598, '2021-03-08 06:08:29', '2021-03-08 06:08:29'),
(125, 'Pakundia', NULL, '2326', 185, '2021-03-08 06:08:29', '2021-03-08 06:08:29'),
(126, 'Tarail', NULL, '2316', 186, '2021-03-08 06:08:29', '2021-03-08 06:08:29'),
(127, 'Bahadurpur', NULL, '7932', 599, '2021-03-08 06:08:29', '2021-03-08 06:08:29'),
(128, 'Barhamganj', NULL, '7930', 599, '2021-03-08 06:08:29', '2021-03-08 06:08:29'),
(129, 'Nilaksmibandar', NULL, '7931', 599, '2021-03-08 06:08:30', '2021-03-08 06:08:30'),
(130, 'Umedpur', NULL, '7933', 599, '2021-03-08 06:08:30', '2021-03-08 06:08:30'),
(131, 'Kalkini', NULL, '7920', 188, '2021-03-08 06:08:30', '2021-03-08 06:08:30'),
(132, 'Sahabrampur', NULL, '7921', 188, '2021-03-08 06:08:30', '2021-03-08 06:08:30'),
(133, 'Charmugria', NULL, '7901', 187, '2021-03-08 06:08:30', '2021-03-08 06:08:30'),
(134, 'Habiganj', NULL, '7903', 187, '2021-03-08 06:08:30', '2021-03-08 06:08:30'),
(135, 'Kulpaddi', NULL, '7902', 187, '2021-03-08 06:08:30', '2021-03-08 06:08:30'),
(136, 'Madaripur Sadar', NULL, '7900', 187, '2021-03-08 06:08:30', '2021-03-08 06:08:30'),
(137, 'Mustafapur', NULL, '7904', 187, '2021-03-08 06:08:31', '2021-03-08 06:08:31'),
(138, 'Khalia', NULL, '7911', 189, '2021-03-08 06:08:31', '2021-03-08 06:08:31'),
(139, 'Rajoir', NULL, '7910', 189, '2021-03-08 06:08:31', '2021-03-08 06:08:31'),
(140, 'Daulatpur', NULL, '1860', 197, '2021-03-08 06:08:31', '2021-03-08 06:08:31'),
(141, 'Ghior', NULL, '1840', 196, '2021-03-08 06:08:31', '2021-03-08 06:08:31'),
(142, 'Jhitka', NULL, '1831', 600, '2021-03-08 06:08:31', '2021-03-08 06:08:31'),
(143, 'Lechhraganj', NULL, '1830', 600, '2021-03-08 06:08:31', '2021-03-08 06:08:31'),
(144, 'Barangail', NULL, '1804', 191, '2021-03-08 06:08:32', '2021-03-08 06:08:32'),
(145, 'Gorpara', NULL, '1802', 191, '2021-03-08 06:08:32', '2021-03-08 06:08:32'),
(146, 'Mahadebpur', NULL, '1803', 191, '2021-03-08 06:08:32', '2021-03-08 06:08:32'),
(147, 'Manikganj Bazar', NULL, '1801', 191, '2021-03-08 06:08:32', '2021-03-08 06:08:32'),
(148, 'Manikganj Sadar', NULL, '1800', 191, '2021-03-08 06:08:32', '2021-03-08 06:08:32'),
(149, 'Baliati', NULL, '1811', 194, '2021-03-08 06:08:32', '2021-03-08 06:08:32'),
(150, 'Saturia', NULL, '1810', 194, '2021-03-08 06:08:32', '2021-03-08 06:08:32'),
(151, 'Aricha', NULL, '1851', 193, '2021-03-08 06:08:33', '2021-03-08 06:08:33'),
(152, 'Shibaloy', NULL, '1850', 193, '2021-03-08 06:08:33', '2021-03-08 06:08:33'),
(153, 'Tewta', NULL, '1852', 193, '2021-03-08 06:08:33', '2021-03-08 06:08:33'),
(154, 'Uthli', NULL, '1853', 193, '2021-03-08 06:08:33', '2021-03-08 06:08:33'),
(155, 'Baira', NULL, '1821', 192, '2021-03-08 06:08:33', '2021-03-08 06:08:33'),
(156, 'joymantop', NULL, '1822', 192, '2021-03-08 06:08:33', '2021-03-08 06:08:33'),
(157, 'Singair', NULL, '1820', 192, '2021-03-08 06:08:34', '2021-03-08 06:08:34'),
(158, 'Gazaria', NULL, '1510', 203, '2021-03-08 06:08:34', '2021-03-08 06:08:34'),
(159, 'Hossendi', NULL, '1511', 203, '2021-03-08 06:08:34', '2021-03-08 06:08:34'),
(160, 'Rasulpur', NULL, '1512', 203, '2021-03-08 06:08:34', '2021-03-08 06:08:34'),
(161, 'Gouragonj', NULL, '1334', 198, '2021-03-08 06:08:34', '2021-03-08 06:08:34'),
(162, 'Gouragonj', NULL, '1534', 198, '2021-03-08 06:08:34', '2021-03-08 06:08:34'),
(163, 'Haldia SO', NULL, '1532', 198, '2021-03-08 06:08:34', '2021-03-08 06:08:34'),
(164, 'Haridia', NULL, '1333', 198, '2021-03-08 06:08:35', '2021-03-08 06:08:35'),
(165, 'Haridia DESO', NULL, '1533', 198, '2021-03-08 06:08:35', '2021-03-08 06:08:35'),
(166, 'Korhati', NULL, '1531', 198, '2021-03-08 06:08:35', '2021-03-08 06:08:35'),
(167, 'Lohajang', NULL, '1530', 198, '2021-03-08 06:08:35', '2021-03-08 06:08:35'),
(168, 'Madini Mandal', NULL, '1335', 198, '2021-03-08 06:08:35', '2021-03-08 06:08:35'),
(169, 'Medini Mandal EDSO', NULL, '1535', 198, '2021-03-08 06:08:35', '2021-03-08 06:08:35'),
(170, 'Kathakhali', NULL, '1503', 200, '2021-03-08 06:08:36', '2021-03-08 06:08:36'),
(171, 'Mirkadim', NULL, '1502', 200, '2021-03-08 06:08:36', '2021-03-08 06:08:36'),
(172, 'Munshiganj Sadar', NULL, '1500', 200, '2021-03-08 06:08:36', '2021-03-08 06:08:36'),
(173, 'Rikabibazar', NULL, '1501', 200, '2021-03-08 06:08:36', '2021-03-08 06:08:36'),
(174, 'Ichapur', NULL, '1542', 201, '2021-03-08 06:08:36', '2021-03-08 06:08:36'),
(175, 'Kola', NULL, '1541', 201, '2021-03-08 06:08:36', '2021-03-08 06:08:36'),
(176, 'Malkha Nagar', NULL, '1543', 201, '2021-03-08 06:08:36', '2021-03-08 06:08:36'),
(177, 'Shekher Nagar', NULL, '1544', 201, '2021-03-08 06:08:37', '2021-03-08 06:08:37'),
(178, 'Sirajdikhan', NULL, '1540', 201, '2021-03-08 06:08:37', '2021-03-08 06:08:37'),
(179, 'Baghra', NULL, '1557', 199, '2021-03-08 06:08:37', '2021-03-08 06:08:37'),
(180, 'Barikhal', NULL, '1551', 199, '2021-03-08 06:08:37', '2021-03-08 06:08:37'),
(181, 'Bhaggyakul', NULL, '1558', 199, '2021-03-08 06:08:37', '2021-03-08 06:08:37'),
(182, 'Hashara', NULL, '1553', 199, '2021-03-08 06:08:37', '2021-03-08 06:08:37'),
(183, 'Kolapara', NULL, '1554', 199, '2021-03-08 06:08:37', '2021-03-08 06:08:37'),
(184, 'Kumarbhog', NULL, '1555', 199, '2021-03-08 06:08:37', '2021-03-08 06:08:37'),
(185, 'Mazpara', NULL, '1552', 199, '2021-03-08 06:08:38', '2021-03-08 06:08:38'),
(186, 'Sreenagar', NULL, '1550', 199, '2021-03-08 06:08:38', '2021-03-08 06:08:38'),
(187, 'Vaggyakul SO', NULL, '1556', 199, '2021-03-08 06:08:38', '2021-03-08 06:08:38'),
(188, 'Bajrajugini', NULL, '1523', 202, '2021-03-08 06:08:38', '2021-03-08 06:08:38'),
(189, 'Baligao', NULL, '1522', 202, '2021-03-08 06:08:38', '2021-03-08 06:08:38'),
(190, 'Betkahat', NULL, '1521', 202, '2021-03-08 06:08:38', '2021-03-08 06:08:38'),
(191, 'Dighirpar', NULL, '1525', 202, '2021-03-08 06:08:38', '2021-03-08 06:08:38'),
(192, 'Hasail', NULL, '1524', 202, '2021-03-08 06:08:38', '2021-03-08 06:08:38'),
(193, 'Pura', NULL, '1527', 202, '2021-03-08 06:08:38', '2021-03-08 06:08:38'),
(194, 'Pura EDSO', NULL, '1526', 202, '2021-03-08 06:08:39', '2021-03-08 06:08:39'),
(195, 'Tongibari', NULL, '1520', 202, '2021-03-08 06:08:39', '2021-03-08 06:08:39'),
(196, 'Araihazar', NULL, '1450', 216, '2021-03-08 06:08:39', '2021-03-08 06:08:39'),
(197, 'Gopaldi', NULL, '1451', 216, '2021-03-08 06:08:39', '2021-03-08 06:08:39'),
(198, 'Baidder Bazar', NULL, '1440', 601, '2021-03-08 06:08:39', '2021-03-08 06:08:39'),
(199, 'Bara Nagar', NULL, '1441', 601, '2021-03-08 06:08:39', '2021-03-08 06:08:39'),
(200, 'Barodi', NULL, '1442', 601, '2021-03-08 06:08:40', '2021-03-08 06:08:40'),
(201, 'Bandar', NULL, '1410', 218, '2021-03-08 06:08:40', '2021-03-08 06:08:40'),
(202, 'BIDS', NULL, '1413', 218, '2021-03-08 06:08:40', '2021-03-08 06:08:40'),
(203, 'D.C Mills', NULL, '1411', 218, '2021-03-08 06:08:40', '2021-03-08 06:08:40'),
(204, 'Madanganj', NULL, '1414', 218, '2021-03-08 06:08:40', '2021-03-08 06:08:40'),
(205, 'Nabiganj', NULL, '1412', 218, '2021-03-08 06:08:40', '2021-03-08 06:08:40'),
(206, 'Fatulla Bazar', NULL, '1421', 602, '2021-03-08 06:08:41', '2021-03-08 06:08:41'),
(207, 'Fatullah', NULL, '1420', 602, '2021-03-08 06:08:41', '2021-03-08 06:08:41'),
(208, 'Naryanganj Sadar', NULL, '1400', 219, '2021-03-08 06:08:41', '2021-03-08 06:08:41'),
(209, 'Bhulta', NULL, '1462', 220, '2021-03-08 06:08:41', '2021-03-08 06:08:41'),
(210, 'Kanchan', NULL, '1461', 220, '2021-03-08 06:08:41', '2021-03-08 06:08:41'),
(211, 'Murapara', NULL, '1464', 220, '2021-03-08 06:08:41', '2021-03-08 06:08:41'),
(212, 'Nagri', NULL, '1463', 220, '2021-03-08 06:08:42', '2021-03-08 06:08:42'),
(213, 'Rupganj', NULL, '1460', 220, '2021-03-08 06:08:42', '2021-03-08 06:08:42'),
(214, 'Adamjeenagar', NULL, '1431', 221, '2021-03-08 06:08:42', '2021-03-08 06:08:42'),
(215, 'LN Mills', NULL, '1432', 221, '2021-03-08 06:08:42', '2021-03-08 06:08:42'),
(216, 'Siddirgonj', NULL, '1430', 221, '2021-03-08 06:08:42', '2021-03-08 06:08:42'),
(217, 'Belabo', NULL, '1640', 222, '2021-03-08 06:08:42', '2021-03-08 06:08:42'),
(218, 'Hatirdia', NULL, '1651', 223, '2021-03-08 06:08:43', '2021-03-08 06:08:43'),
(219, 'Katabaria', NULL, '1652', 223, '2021-03-08 06:08:43', '2021-03-08 06:08:43'),
(220, 'Monohardi', NULL, '1650', 223, '2021-03-08 06:08:43', '2021-03-08 06:08:43'),
(221, 'Karimpur', NULL, '1605', 224, '2021-03-08 06:08:43', '2021-03-08 06:08:43'),
(222, 'Madhabdi', NULL, '1604', 224, '2021-03-08 06:08:43', '2021-03-08 06:08:43'),
(223, 'Narsingdi College', NULL, '1602', 224, '2021-03-08 06:08:43', '2021-03-08 06:08:43'),
(224, 'Narsingdi Sadar', NULL, '1600', 224, '2021-03-08 06:08:43', '2021-03-08 06:08:43'),
(225, 'Panchdona', NULL, '1603', 224, '2021-03-08 06:08:44', '2021-03-08 06:08:44'),
(226, 'UMC Jute Mills', NULL, '1601', 224, '2021-03-08 06:08:44', '2021-03-08 06:08:44'),
(227, 'Char Sindhur', NULL, '1612', 225, '2021-03-08 06:08:44', '2021-03-08 06:08:44'),
(228, 'Ghorashal', NULL, '1613', 225, '2021-03-08 06:08:44', '2021-03-08 06:08:44'),
(229, 'Ghorashal Urea Facto', NULL, '1611', 225, '2021-03-08 06:08:44', '2021-03-08 06:08:44'),
(230, 'Palash', NULL, '1610', 225, '2021-03-08 06:08:44', '2021-03-08 06:08:44'),
(231, 'Bazar Hasnabad', NULL, '1631', 226, '2021-03-08 06:08:45', '2021-03-08 06:08:45'),
(232, 'Radhaganj bazar', NULL, '1632', 226, '2021-03-08 06:08:45', '2021-03-08 06:08:45'),
(233, 'Raipura', NULL, '1630', 226, '2021-03-08 06:08:45', '2021-03-08 06:08:45'),
(234, 'Shibpur', NULL, '1620', 227, '2021-03-08 06:08:45', '2021-03-08 06:08:45'),
(235, 'Baliakandi', NULL, '7730', 238, '2021-03-08 06:08:45', '2021-03-08 06:08:45'),
(236, 'Nalia', NULL, '7731', 238, '2021-03-08 06:08:45', '2021-03-08 06:08:45'),
(237, 'Mrigibazar', NULL, '7723', 240, '2021-03-08 06:08:45', '2021-03-08 06:08:45'),
(238, 'Pangsha', NULL, '7720', 240, '2021-03-08 06:08:46', '2021-03-08 06:08:46'),
(239, 'Ramkol', NULL, '7721', 240, '2021-03-08 06:08:46', '2021-03-08 06:08:46'),
(240, 'Ratandia', NULL, '7722', 240, '2021-03-08 06:08:46', '2021-03-08 06:08:46'),
(241, 'Goalanda', NULL, '7710', 242, '2021-03-08 06:08:46', '2021-03-08 06:08:46'),
(242, 'Khankhanapur', NULL, '7711', 242, '2021-03-08 06:08:46', '2021-03-08 06:08:46'),
(243, 'Rajbari Sadar', NULL, '7700', 242, '2021-03-08 06:08:47', '2021-03-08 06:08:47'),
(244, 'Bhedarganj', NULL, '8030', 247, '2021-03-08 06:08:47', '2021-03-08 06:08:47'),
(245, 'Damudya', NULL, '8040', 244, '2021-03-08 06:08:47', '2021-03-08 06:08:47'),
(246, 'Gosairhat', NULL, '8050', 248, '2021-03-08 06:08:47', '2021-03-08 06:08:47'),
(247, 'Jajira', NULL, '8010', 246, '2021-03-08 06:08:47', '2021-03-08 06:08:47'),
(248, 'Bhozeshwar', NULL, '8021', 245, '2021-03-08 06:08:47', '2021-03-08 06:08:47'),
(249, 'Gharisar', NULL, '8022', 245, '2021-03-08 06:08:48', '2021-03-08 06:08:48'),
(250, 'Kartikpur', NULL, '8024', 245, '2021-03-08 06:08:48', '2021-03-08 06:08:48'),
(251, 'Naria', NULL, '8020', 245, '2021-03-08 06:08:48', '2021-03-08 06:08:48'),
(252, 'Upshi', NULL, '8023', 245, '2021-03-08 06:08:48', '2021-03-08 06:08:48'),
(253, 'Angaria', NULL, '8001', 243, '2021-03-08 06:08:48', '2021-03-08 06:08:48'),
(254, 'Chikandi', NULL, '8002', 243, '2021-03-08 06:08:48', '2021-03-08 06:08:48'),
(255, 'Shariatpur Sadar -Palong', NULL, '8000', 243, '2021-03-08 06:08:49', '2021-03-08 06:08:49'),
(256, 'Basail', NULL, '1920', 256, '2021-03-08 06:08:49', '2021-03-08 06:08:49'),
(257, 'Bhuapur', NULL, '1960', 264, '2021-03-08 06:08:49', '2021-03-08 06:08:49'),
(258, 'Delduar', NULL, '1910', 263, '2021-03-08 06:08:49', '2021-03-08 06:08:49'),
(259, 'Elasin', NULL, '1913', 263, '2021-03-08 06:08:49', '2021-03-08 06:08:49'),
(260, 'Hinga Nagar', NULL, '1914', 263, '2021-03-08 06:08:50', '2021-03-08 06:08:50'),
(261, 'Jangalia', NULL, '1911', 263, '2021-03-08 06:08:50', '2021-03-08 06:08:50'),
(262, 'Lowhati', NULL, '1915', 263, '2021-03-08 06:08:50', '2021-03-08 06:08:50'),
(263, 'Patharail', NULL, '1912', 263, '2021-03-08 06:08:50', '2021-03-08 06:08:50'),
(264, 'D. Pakutia', NULL, '1982', 258, '2021-03-08 06:08:50', '2021-03-08 06:08:50'),
(265, 'Dhalapara', NULL, '1983', 258, '2021-03-08 06:08:50', '2021-03-08 06:08:50'),
(266, 'Ghatial', NULL, '1980', 258, '2021-03-08 06:08:50', '2021-03-08 06:08:50'),
(267, 'Lohani', NULL, '1984', 258, '2021-03-08 06:08:51', '2021-03-08 06:08:51'),
(268, 'Zahidganj', NULL, '1981', 258, '2021-03-08 06:08:51', '2021-03-08 06:08:51'),
(269, 'Gopalpur', NULL, '1990', 262, '2021-03-08 06:08:51', '2021-03-08 06:08:51'),
(270, 'Hemnagar', NULL, '1992', 262, '2021-03-08 06:08:51', '2021-03-08 06:08:51'),
(271, 'Jhowail', NULL, '1991', 262, '2021-03-08 06:08:51', '2021-03-08 06:08:51'),
(272, 'Ballabazar', NULL, '1973', 259, '2021-03-08 06:08:51', '2021-03-08 06:08:51'),
(273, 'Elinga', NULL, '1974', 259, '2021-03-08 06:08:52', '2021-03-08 06:08:52'),
(274, 'Kalihati', NULL, '1970', 259, '2021-03-08 06:08:52', '2021-03-08 06:08:52'),
(275, 'Nagarbari', NULL, '1977', 259, '2021-03-08 06:08:52', '2021-03-08 06:08:52'),
(276, 'Nagarbari SO', NULL, '1976', 259, '2021-03-08 06:08:52', '2021-03-08 06:08:52'),
(277, 'Nagbari', NULL, '1972', 259, '2021-03-08 06:08:52', '2021-03-08 06:08:52'),
(278, 'Palisha', NULL, '1975', 259, '2021-03-08 06:08:52', '2021-03-08 06:08:52'),
(279, 'Rajafair', NULL, '1971', 259, '2021-03-08 06:08:52', '2021-03-08 06:08:52'),
(280, 'Kashkawlia', NULL, '1930', 603, '2021-03-08 06:08:53', '2021-03-08 06:08:53'),
(281, 'Dhobari', NULL, '1997', 257, '2021-03-08 06:08:53', '2021-03-08 06:08:53'),
(282, 'Madhupur', NULL, '1996', 257, '2021-03-08 06:08:53', '2021-03-08 06:08:53'),
(283, 'Gorai', NULL, '1941', 261, '2021-03-08 06:08:53', '2021-03-08 06:08:53'),
(284, 'Jarmuki', NULL, '1944', 261, '2021-03-08 06:08:53', '2021-03-08 06:08:53'),
(285, 'M.C. College', NULL, '1942', 261, '2021-03-08 06:08:54', '2021-03-08 06:08:54'),
(286, 'Mirzapur', NULL, '1940', 261, '2021-03-08 06:08:54', '2021-03-08 06:08:54'),
(287, 'Mohera', NULL, '1945', 261, '2021-03-08 06:08:54', '2021-03-08 06:08:54'),
(288, 'Warri paikpara', NULL, '1943', 261, '2021-03-08 06:08:54', '2021-03-08 06:08:54'),
(289, 'Dhuburia', NULL, '1937', 260, '2021-03-08 06:08:54', '2021-03-08 06:08:54'),
(290, 'Nagarpur', NULL, '1936', 260, '2021-03-08 06:08:54', '2021-03-08 06:08:54'),
(291, 'Salimabad', NULL, '1938', 260, '2021-03-08 06:08:55', '2021-03-08 06:08:55'),
(292, 'Kochua', NULL, '1951', 255, '2021-03-08 06:08:55', '2021-03-08 06:08:55'),
(293, 'Sakhipur', NULL, '1950', 255, '2021-03-08 06:08:55', '2021-03-08 06:08:55'),
(294, 'Kagmari', NULL, '1901', 254, '2021-03-08 06:08:55', '2021-03-08 06:08:55'),
(295, 'Korotia', NULL, '1903', 254, '2021-03-08 06:08:55', '2021-03-08 06:08:55'),
(296, 'Purabari', NULL, '1904', 254, '2021-03-08 06:08:55', '2021-03-08 06:08:55'),
(297, 'Santosh', NULL, '1902', 254, '2021-03-08 06:08:55', '2021-03-08 06:08:55'),
(298, 'Tangail Sadar', NULL, '1900', 254, '2021-03-08 06:08:56', '2021-03-08 06:08:56'),
(299, 'Ajmiriganj', NULL, '3360', 449, '2021-03-08 06:08:56', '2021-03-08 06:08:56'),
(300, 'Bahubal', NULL, '3310', 451, '2021-03-08 06:08:56', '2021-03-08 06:08:56'),
(301, 'Baniachang', NULL, '3350', 450, '2021-03-08 06:08:56', '2021-03-08 06:08:56'),
(302, 'Jatrapasha', NULL, '3351', 450, '2021-03-08 06:08:56', '2021-03-08 06:08:56'),
(303, 'Kadirganj', NULL, '3352', 450, '2021-03-08 06:08:56', '2021-03-08 06:08:56'),
(304, 'Chandpurbagan', NULL, '3321', 452, '2021-03-08 06:08:57', '2021-03-08 06:08:57'),
(305, 'Chunarughat', NULL, '3320', 452, '2021-03-08 06:08:57', '2021-03-08 06:08:57'),
(306, 'Narapati', NULL, '3322', 452, '2021-03-08 06:08:57', '2021-03-08 06:08:57'),
(307, 'Gopaya', NULL, '3302', 453, '2021-03-08 06:08:57', '2021-03-08 06:08:57'),
(308, 'Habiganj Sadar', NULL, '3300', 453, '2021-03-08 06:08:57', '2021-03-08 06:08:57'),
(309, 'Shaestaganj', NULL, '3301', 453, '2021-03-08 06:08:57', '2021-03-08 06:08:57'),
(310, 'Kalauk', NULL, '3340', 604, '2021-03-08 06:08:58', '2021-03-08 06:08:58'),
(311, 'Lakhai', NULL, '3341', 604, '2021-03-08 06:08:58', '2021-03-08 06:08:58'),
(312, 'Itakhola', NULL, '3331', 455, '2021-03-08 06:08:58', '2021-03-08 06:08:58'),
(313, 'Madhabpur', NULL, '3330', 455, '2021-03-08 06:08:58', '2021-03-08 06:08:58'),
(314, 'Saihamnagar', NULL, '3333', 455, '2021-03-08 06:08:58', '2021-03-08 06:08:58'),
(315, 'Shahajibazar', NULL, '3332', 455, '2021-03-08 06:08:58', '2021-03-08 06:08:58'),
(316, 'Digalbak', NULL, '3373', 456, '2021-03-08 06:08:59', '2021-03-08 06:08:59'),
(317, 'Golduba', NULL, '3372', 456, '2021-03-08 06:08:59', '2021-03-08 06:08:59'),
(318, 'Goplarbazar', NULL, '3371', 456, '2021-03-08 06:08:59', '2021-03-08 06:08:59'),
(319, 'Inathganj', NULL, '3374', 456, '2021-03-08 06:08:59', '2021-03-08 06:08:59'),
(320, 'Nabiganj', NULL, '3370', 456, '2021-03-08 06:08:59', '2021-03-08 06:08:59'),
(321, 'Barlekha', NULL, '3250', 459, '2021-03-08 06:08:59', '2021-03-08 06:08:59'),
(322, 'Dhakkhinbag', NULL, '3252', 459, '2021-03-08 06:08:59', '2021-03-08 06:08:59'),
(323, 'Juri', NULL, '3251', 459, '2021-03-08 06:09:00', '2021-03-08 06:09:00'),
(324, 'Purbashahabajpur', NULL, '3253', 459, '2021-03-08 06:09:00', '2021-03-08 06:09:00'),
(325, 'Kamalganj', NULL, '3220', 461, '2021-03-08 06:09:00', '2021-03-08 06:09:00'),
(326, 'Keramatnaga', NULL, '3221', 461, '2021-03-08 06:09:00', '2021-03-08 06:09:00'),
(327, 'Munshibazar', NULL, '3224', 461, '2021-03-08 06:09:00', '2021-03-08 06:09:00'),
(328, 'Patrakhola', NULL, '3222', 461, '2021-03-08 06:09:00', '2021-03-08 06:09:00'),
(329, 'Shamsher Nagar', NULL, '3223', 461, '2021-03-08 06:09:01', '2021-03-08 06:09:01'),
(330, 'Baramchal', NULL, '3237', 462, '2021-03-08 06:09:01', '2021-03-08 06:09:01'),
(331, 'Kajaldhara', NULL, '3234', 462, '2021-03-08 06:09:01', '2021-03-08 06:09:01'),
(332, 'Karimpur', NULL, '3235', 462, '2021-03-08 06:09:01', '2021-03-08 06:09:01'),
(333, 'Kulaura', NULL, '3230', 462, '2021-03-08 06:09:01', '2021-03-08 06:09:01'),
(334, 'Langla', NULL, '3232', 462, '2021-03-08 06:09:01', '2021-03-08 06:09:01'),
(335, 'Prithimpasha', NULL, '3233', 462, '2021-03-08 06:09:02', '2021-03-08 06:09:02'),
(336, 'Tillagaon', NULL, '3231', 462, '2021-03-08 06:09:02', '2021-03-08 06:09:02'),
(337, 'Afrozganj', NULL, '3203', 458, '2021-03-08 06:09:02', '2021-03-08 06:09:02'),
(338, 'Barakapan', NULL, '3201', 458, '2021-03-08 06:09:02', '2021-03-08 06:09:02'),
(339, 'Monumukh', NULL, '3202', 458, '2021-03-08 06:09:02', '2021-03-08 06:09:02'),
(340, 'Moulvibazar Sadar', NULL, '3200', 458, '2021-03-08 06:09:02', '2021-03-08 06:09:02'),
(341, 'Rajnagar', NULL, '3240', 463, '2021-03-08 06:09:02', '2021-03-08 06:09:02'),
(342, 'Kalighat', NULL, '3212', 464, '2021-03-08 06:09:02', '2021-03-08 06:09:02'),
(343, 'Khejurichhara', NULL, '3213', 464, '2021-03-08 06:09:03', '2021-03-08 06:09:03'),
(344, 'Narain Chora', NULL, '3211', 464, '2021-03-08 06:09:03', '2021-03-08 06:09:03'),
(345, 'Satgaon', NULL, '3214', 464, '2021-03-08 06:09:03', '2021-03-08 06:09:03'),
(346, 'Sreemangal', NULL, '3210', 464, '2021-03-08 06:09:03', '2021-03-08 06:09:03'),
(347, 'Bishwambarpur', NULL, '3010', 465, '2021-03-08 06:09:03', '2021-03-08 06:09:03'),
(348, 'Chhatak', NULL, '3080', 466, '2021-03-08 06:09:03', '2021-03-08 06:09:03'),
(349, 'Chhatak Cement Facto', NULL, '3081', 466, '2021-03-08 06:09:03', '2021-03-08 06:09:03'),
(350, 'Chhatak Paper Mills', NULL, '3082', 466, '2021-03-08 06:09:04', '2021-03-08 06:09:04'),
(351, 'Chourangi Bazar', NULL, '3893', 466, '2021-03-08 06:09:04', '2021-03-08 06:09:04'),
(352, 'Gabindaganj', NULL, '3083', 466, '2021-03-08 06:09:04', '2021-03-08 06:09:04'),
(353, 'Gabindaganj Natun Ba', NULL, '3084', 466, '2021-03-08 06:09:04', '2021-03-08 06:09:04'),
(354, 'Islamabad', NULL, '3088', 466, '2021-03-08 06:09:04', '2021-03-08 06:09:04'),
(355, 'jahidpur', NULL, '3087', 466, '2021-03-08 06:09:04', '2021-03-08 06:09:04'),
(356, 'Khurma', NULL, '3085', 466, '2021-03-08 06:09:04', '2021-03-08 06:09:04'),
(357, 'Moinpur', NULL, '3086', 466, '2021-03-08 06:09:04', '2021-03-08 06:09:04'),
(358, 'Derai', NULL, '3040', 467, '2021-03-08 06:09:05', '2021-03-08 06:09:05'),
(359, 'Jagdal', NULL, '3041', 467, '2021-03-08 06:09:05', '2021-03-08 06:09:05'),
(360, 'Dowarabazar', NULL, '3070', 469, '2021-03-08 06:09:05', '2021-03-08 06:09:05'),
(361, 'Ghungiar', NULL, '3050', 605, '2021-03-08 06:09:05', '2021-03-08 06:09:05'),
(362, 'Atuajan', NULL, '3062', 470, '2021-03-08 06:09:05', '2021-03-08 06:09:05'),
(363, 'Hasan Fatemapur', NULL, '3063', 470, '2021-03-08 06:09:05', '2021-03-08 06:09:05'),
(364, 'Jagannathpur', NULL, '3060', 470, '2021-03-08 06:09:06', '2021-03-08 06:09:06'),
(365, 'Rasulganj', NULL, '3064', 470, '2021-03-08 06:09:06', '2021-03-08 06:09:06'),
(366, 'Shiramsi', NULL, '3065', 470, '2021-03-08 06:09:06', '2021-03-08 06:09:06'),
(367, 'Syedpur', NULL, '3061', 470, '2021-03-08 06:09:06', '2021-03-08 06:09:06'),
(368, 'Sachna', NULL, '3020', 606, '2021-03-08 06:09:06', '2021-03-08 06:09:06'),
(369, 'Pagla', NULL, '3001', 473, '2021-03-08 06:09:06', '2021-03-08 06:09:06'),
(370, 'Patharia', NULL, '3002', 473, '2021-03-08 06:09:07', '2021-03-08 06:09:07'),
(371, 'Sunamganj Sadar', NULL, '3000', 473, '2021-03-08 06:09:07', '2021-03-08 06:09:07'),
(372, 'Tahirpur', NULL, '3030', 475, '2021-03-08 06:09:07', '2021-03-08 06:09:07'),
(373, 'Balaganj', NULL, '3120', 480, '2021-03-08 06:09:07', '2021-03-08 06:09:07'),
(374, 'Begumpur', NULL, '3125', 480, '2021-03-08 06:09:08', '2021-03-08 06:09:08'),
(375, 'Brahman Shashon', NULL, '3122', 480, '2021-03-08 06:09:08', '2021-03-08 06:09:08'),
(376, 'Gaharpur', NULL, '3128', 480, '2021-03-08 06:09:08', '2021-03-08 06:09:08'),
(377, 'Goala Bazar', NULL, '3124', 480, '2021-03-08 06:09:08', '2021-03-08 06:09:08'),
(378, 'Karua', NULL, '3121', 480, '2021-03-08 06:09:08', '2021-03-08 06:09:08'),
(379, 'Kathal Khair', NULL, '3127', 480, '2021-03-08 06:09:08', '2021-03-08 06:09:08'),
(380, 'Natun Bazar', NULL, '3129', 480, '2021-03-08 06:09:08', '2021-03-08 06:09:08'),
(381, 'Omarpur', NULL, '3126', 480, '2021-03-08 06:09:08', '2021-03-08 06:09:08'),
(382, 'Tajpur', NULL, '3123', 480, '2021-03-08 06:09:08', '2021-03-08 06:09:08'),
(383, 'Beanibazar', NULL, '3170', 477, '2021-03-08 06:09:09', '2021-03-08 06:09:09'),
(384, 'Churkai', NULL, '3175', 477, '2021-03-08 06:09:09', '2021-03-08 06:09:09'),
(385, 'jaldup', NULL, '3171', 477, '2021-03-08 06:09:09', '2021-03-08 06:09:09'),
(386, 'Kurar bazar', NULL, '3173', 477, '2021-03-08 06:09:09', '2021-03-08 06:09:09'),
(387, 'Mathiura', NULL, '3172', 477, '2021-03-08 06:09:09', '2021-03-08 06:09:09'),
(388, 'Salia bazar', NULL, '3174', 477, '2021-03-08 06:09:09', '2021-03-08 06:09:09'),
(389, 'Bishwanath', NULL, '3130', 478, '2021-03-08 06:09:09', '2021-03-08 06:09:09'),
(390, 'Dashghar', NULL, '3131', 478, '2021-03-08 06:09:10', '2021-03-08 06:09:10'),
(391, 'Deokalas', NULL, '3133', 478, '2021-03-08 06:09:10', '2021-03-08 06:09:10'),
(392, 'Doulathpur', NULL, '3132', 478, '2021-03-08 06:09:10', '2021-03-08 06:09:10'),
(393, 'Singer kanch', NULL, '3134', 478, '2021-03-08 06:09:10', '2021-03-08 06:09:10'),
(394, 'Fenchuganj', NULL, '3116', 482, '2021-03-08 06:09:10', '2021-03-08 06:09:10'),
(395, 'Fenchuganj SareKarkh', NULL, '3117', 482, '2021-03-08 06:09:10', '2021-03-08 06:09:10'),
(396, 'Chiknagul', NULL, '3152', 484, '2021-03-08 06:09:10', '2021-03-08 06:09:10'),
(397, 'Gowainghat', NULL, '3150', 484, '2021-03-08 06:09:11', '2021-03-08 06:09:11'),
(398, 'Jaflong', NULL, '3151', 484, '2021-03-08 06:09:11', '2021-03-08 06:09:11'),
(399, 'banigram', NULL, '3164', 483, '2021-03-08 06:09:11', '2021-03-08 06:09:11'),
(400, 'Chandanpur', NULL, '3165', 483, '2021-03-08 06:09:11', '2021-03-08 06:09:11'),
(401, 'Dakkhin Bhadashore', NULL, '3162', 483, '2021-03-08 06:09:11', '2021-03-08 06:09:11'),
(402, 'Dhaka Dakkhin', NULL, '3161', 483, '2021-03-08 06:09:11', '2021-03-08 06:09:11'),
(403, 'Gopalgannj', NULL, '3160', 483, '2021-03-08 06:09:11', '2021-03-08 06:09:11'),
(404, 'Ranaping', NULL, '3163', 483, '2021-03-08 06:09:11', '2021-03-08 06:09:11'),
(405, 'Jaintiapur', NULL, '3156', 485, '2021-03-08 06:09:12', '2021-03-08 06:09:12'),
(406, 'Ichhamati', NULL, '3191', 487, '2021-03-08 06:09:12', '2021-03-08 06:09:12'),
(407, 'Zakiganj', NULL, '3190', 487, '2021-03-08 06:09:12', '2021-03-08 06:09:12'),
(408, 'Chatulbazar', NULL, '3181', 486, '2021-03-08 06:09:12', '2021-03-08 06:09:12'),
(409, 'Gachbari', NULL, '3183', 486, '2021-03-08 06:09:12', '2021-03-08 06:09:12'),
(410, 'Kanaighat', NULL, '3180', 486, '2021-03-08 06:09:12', '2021-03-08 06:09:12'),
(411, 'Manikganj', NULL, '3182', 486, '2021-03-08 06:09:13', '2021-03-08 06:09:13'),
(412, 'Companiganj', NULL, '3140', 481, '2021-03-08 06:09:13', '2021-03-08 06:09:13'),
(413, 'Birahimpur', NULL, '3106', 476, '2021-03-08 06:09:13', '2021-03-08 06:09:13'),
(414, 'Jalalabad', NULL, '3107', 476, '2021-03-08 06:09:13', '2021-03-08 06:09:13'),
(415, 'Jalalabad Cantoment', NULL, '3104', 476, '2021-03-08 06:09:13', '2021-03-08 06:09:13'),
(416, 'Kadamtali', NULL, '3111', 476, '2021-03-08 06:09:13', '2021-03-08 06:09:13'),
(417, 'Kamalbazer', NULL, '3112', 476, '2021-03-08 06:09:13', '2021-03-08 06:09:13'),
(418, 'Khadimnagar', NULL, '3103', 476, '2021-03-08 06:09:14', '2021-03-08 06:09:14'),
(419, 'Lalbazar', NULL, '3113', 476, '2021-03-08 06:09:14', '2021-03-08 06:09:14'),
(420, 'Mogla', NULL, '3108', 476, '2021-03-08 06:09:14', '2021-03-08 06:09:14'),
(421, 'Ranga Hajiganj', NULL, '3109', 476, '2021-03-08 06:09:14', '2021-03-08 06:09:14'),
(422, 'Shahajalal Science &', NULL, '3114', 476, '2021-03-08 06:09:14', '2021-03-08 06:09:14'),
(423, 'Silam', NULL, '3105', 476, '2021-03-08 06:09:14', '2021-03-08 06:09:14'),
(424, 'Sylhe Sadar', NULL, '3100', 476, '2021-03-08 06:09:15', '2021-03-08 06:09:15'),
(425, 'Sylhet Biman Bondar', NULL, '3102', 476, '2021-03-08 06:09:15', '2021-03-08 06:09:15'),
(426, 'Sylhet Cadet Col', NULL, '3101', 476, '2021-03-08 06:09:15', '2021-03-08 06:09:15'),
(427, 'Ali kadam', NULL, '4650', 47, '2021-03-08 06:09:15', '2021-03-08 06:09:15'),
(428, 'Bandarban Sadar', NULL, '4600', 43, '2021-03-08 06:09:15', '2021-03-08 06:09:15'),
(429, 'Naikhong', NULL, '4660', 607, '2021-03-08 06:09:15', '2021-03-08 06:09:15'),
(430, 'Rowangchhari', NULL, '4610', 48, '2021-03-08 06:09:16', '2021-03-08 06:09:16'),
(431, 'Ruma', NULL, '4620', 49, '2021-03-08 06:09:16', '2021-03-08 06:09:16'),
(432, 'Lama', NULL, '4641', 44, '2021-03-08 06:09:16', '2021-03-08 06:09:16'),
(433, 'Thanchi', NULL, '4630', 44, '2021-03-08 06:09:16', '2021-03-08 06:09:16'),
(434, 'Akhaura', NULL, '3450', 57, '2021-03-08 06:09:16', '2021-03-08 06:09:16'),
(435, 'Azampur', NULL, '3451', 57, '2021-03-08 06:09:17', '2021-03-08 06:09:17'),
(436, 'Gangasagar', NULL, '3452', 57, '2021-03-08 06:09:17', '2021-03-08 06:09:17'),
(437, 'Bancharampur', NULL, '3420', 58, '2021-03-08 06:09:17', '2021-03-08 06:09:17'),
(438, 'Ashuganj', NULL, '3402', 50, '2021-03-08 06:09:17', '2021-03-08 06:09:17'),
(439, 'Ashuganj Share', NULL, '3403', 50, '2021-03-08 06:09:17', '2021-03-08 06:09:17'),
(440, 'Brahmanbaria Sadar', NULL, '3400', 50, '2021-03-08 06:09:17', '2021-03-08 06:09:17'),
(441, 'Poun', NULL, '3404', 50, '2021-03-08 06:09:18', '2021-03-08 06:09:18'),
(442, 'Talshahar', NULL, '3401', 50, '2021-03-08 06:09:18', '2021-03-08 06:09:18'),
(443, 'Chandidar', NULL, '3462', 56, '2021-03-08 06:09:18', '2021-03-08 06:09:18'),
(444, 'Chargachh', NULL, '3463', 56, '2021-03-08 06:09:18', '2021-03-08 06:09:18'),
(445, 'Gopinathpur', NULL, '3464', 56, '2021-03-08 06:09:18', '2021-03-08 06:09:18'),
(446, 'Kasba', NULL, '3460', 56, '2021-03-08 06:09:19', '2021-03-08 06:09:19'),
(447, 'Kuti', NULL, '3461', 56, '2021-03-08 06:09:19', '2021-03-08 06:09:19'),
(448, 'Jibanganj', NULL, '3419', 53, '2021-03-08 06:09:19', '2021-03-08 06:09:19'),
(449, 'Kaitala', NULL, '3417', 53, '2021-03-08 06:09:19', '2021-03-08 06:09:19'),
(450, 'Laubfatehpur', NULL, '3411', 53, '2021-03-08 06:09:19', '2021-03-08 06:09:19'),
(451, 'Nabinagar', NULL, '3410', 53, '2021-03-08 06:09:19', '2021-03-08 06:09:19'),
(452, 'Rasullabad', NULL, '3412', 53, '2021-03-08 06:09:19', '2021-03-08 06:09:19'),
(453, 'Ratanpur', NULL, '3414', 53, '2021-03-08 06:09:20', '2021-03-08 06:09:20'),
(454, 'Salimganj', NULL, '3418', 53, '2021-03-08 06:09:20', '2021-03-08 06:09:20'),
(455, 'Shahapur', NULL, '3415', 53, '2021-03-08 06:09:20', '2021-03-08 06:09:20'),
(456, 'Shamgram', NULL, '3413', 53, '2021-03-08 06:09:20', '2021-03-08 06:09:20'),
(457, 'Fandauk', NULL, '3441', 52, '2021-03-08 06:09:20', '2021-03-08 06:09:20'),
(458, 'Nasirnagar', NULL, '3440', 52, '2021-03-08 06:09:21', '2021-03-08 06:09:21'),
(459, 'Chandura', NULL, '3432', 54, '2021-03-08 06:09:21', '2021-03-08 06:09:21'),
(460, 'Sarial', NULL, '3430', 54, '2021-03-08 06:09:21', '2021-03-08 06:09:21'),
(461, 'Shahbajpur', NULL, '3431', 54, '2021-03-08 06:09:21', '2021-03-08 06:09:21'),
(462, 'Baburhat', NULL, '3602', 60, '2021-03-08 06:09:21', '2021-03-08 06:09:21'),
(463, 'Chandpur Sadar', NULL, '3600', 60, '2021-03-08 06:09:21', '2021-03-08 06:09:21'),
(464, 'Puranbazar', NULL, '3601', 60, '2021-03-08 06:09:21', '2021-03-08 06:09:21'),
(465, 'Sahatali', NULL, '3603', 60, '2021-03-08 06:09:22', '2021-03-08 06:09:22'),
(466, 'Chandra', NULL, '3651', 61, '2021-03-08 06:09:22', '2021-03-08 06:09:22'),
(467, 'Faridganj', NULL, '3650', 61, '2021-03-08 06:09:22', '2021-03-08 06:09:22'),
(468, 'Gridkaliandia', NULL, '3653', 61, '2021-03-08 06:09:22', '2021-03-08 06:09:22'),
(469, 'Islampur Shah Isain', NULL, '3655', 61, '2021-03-08 06:09:22', '2021-03-08 06:09:22'),
(470, 'Rampurbazar', NULL, '3654', 61, '2021-03-08 06:09:22', '2021-03-08 06:09:22'),
(471, 'Rupsha', NULL, '3652', 61, '2021-03-08 06:09:22', '2021-03-08 06:09:22'),
(472, 'Bolakhal', NULL, '3611', 63, '2021-03-08 06:09:23', '2021-03-08 06:09:23'),
(473, 'Haziganj', NULL, '3610', 63, '2021-03-08 06:09:23', '2021-03-08 06:09:23'),
(474, 'Gandamara', NULL, '3661', 62, '2021-03-08 06:09:23', '2021-03-08 06:09:23'),
(475, 'Haimchar', NULL, '3660', 62, '2021-03-08 06:09:23', '2021-03-08 06:09:23'),
(476, 'Kachua', NULL, '3630', 64, '2021-03-08 06:09:23', '2021-03-08 06:09:23'),
(477, 'Pak Shrirampur', NULL, '3631', 64, '2021-03-08 06:09:23', '2021-03-08 06:09:23'),
(478, 'Rahima Nagar', NULL, '3632', 64, '2021-03-08 06:09:24', '2021-03-08 06:09:24'),
(479, 'Shachar', NULL, '3633', 64, '2021-03-08 06:09:24', '2021-03-08 06:09:24'),
(480, 'Kalipur', NULL, '3642', 608, '2021-03-08 06:09:24', '2021-03-08 06:09:24'),
(481, 'Matlobganj', NULL, '3640', 608, '2021-03-08 06:09:24', '2021-03-08 06:09:24'),
(482, 'Mohanpur', NULL, '3641', 608, '2021-03-08 06:09:24', '2021-03-08 06:09:24'),
(483, 'Chotoshi', NULL, '3623', 67, '2021-03-08 06:09:25', '2021-03-08 06:09:25'),
(484, 'Islamia Madrasha', NULL, '3624', 67, '2021-03-08 06:09:25', '2021-03-08 06:09:25'),
(485, 'Khilabazar', NULL, '3621', 67, '2021-03-08 06:09:25', '2021-03-08 06:09:25'),
(486, 'Pashchim Kherihar Al', NULL, '3622', 67, '2021-03-08 06:09:25', '2021-03-08 06:09:25'),
(487, 'Shahrasti', NULL, '3620', 67, '2021-03-08 06:09:25', '2021-03-08 06:09:25'),
(488, 'Anowara', NULL, '4376', 69, '2021-03-08 06:09:26', '2021-03-08 06:09:26'),
(489, 'Battali', NULL, '4378', 69, '2021-03-08 06:09:26', '2021-03-08 06:09:26'),
(490, 'Paroikora', NULL, '4377', 69, '2021-03-08 06:09:26', '2021-03-08 06:09:26'),
(491, 'Boalkhali', NULL, '4366', 71, '2021-03-08 06:09:26', '2021-03-08 06:09:26'),
(492, 'Charandwip', NULL, '4369', 71, '2021-03-08 06:09:27', '2021-03-08 06:09:27'),
(493, 'Iqbal Park', NULL, '4365', 71, '2021-03-08 06:09:27', '2021-03-08 06:09:27'),
(494, 'Kadurkhal', NULL, '4368', 71, '2021-03-08 06:09:27', '2021-03-08 06:09:27'),
(495, 'Kanungopara', NULL, '4363', 71, '2021-03-08 06:09:27', '2021-03-08 06:09:27'),
(496, 'Sakpura', NULL, '4367', 71, '2021-03-08 06:09:27', '2021-03-08 06:09:27'),
(497, 'Saroatoli', NULL, '4364', 71, '2021-03-08 06:09:27', '2021-03-08 06:09:27'),
(498, 'Al- Amin Baria Madra', NULL, '4221', 68, '2021-03-08 06:09:27', '2021-03-08 06:09:27'),
(499, 'Amin Jute Mills', NULL, '4211', 68, '2021-03-08 06:09:27', '2021-03-08 06:09:27'),
(500, 'Anandabazar', NULL, '4215', 68, '2021-03-08 06:09:28', '2021-03-08 06:09:28'),
(501, 'Bayezid Bostami', NULL, '4210', 68, '2021-03-08 06:09:28', '2021-03-08 06:09:28'),
(502, 'Chandgaon', NULL, '4212', 68, '2021-03-08 06:09:28', '2021-03-08 06:09:28'),
(503, 'Chawkbazar', NULL, '4203', 68, '2021-03-08 06:09:28', '2021-03-08 06:09:28'),
(504, 'Chitt. Cantonment', NULL, '4220', 68, '2021-03-08 06:09:28', '2021-03-08 06:09:28'),
(505, 'Chitt. Customs Acca', NULL, '4219', 68, '2021-03-08 06:09:28', '2021-03-08 06:09:28'),
(506, 'Chitt. Politechnic In', NULL, '4209', 68, '2021-03-08 06:09:28', '2021-03-08 06:09:28'),
(507, 'Chitt. Sailers Colon', NULL, '4218', 68, '2021-03-08 06:09:28', '2021-03-08 06:09:28'),
(508, 'Chittagong Airport', NULL, '4205', 68, '2021-03-08 06:09:29', '2021-03-08 06:09:29'),
(509, 'Chittagong Bandar', NULL, '4100', 68, '2021-03-08 06:09:29', '2021-03-08 06:09:29'),
(510, 'Chittagong GPO', NULL, '4000', 68, '2021-03-08 06:09:29', '2021-03-08 06:09:29'),
(511, 'Export Processing', NULL, '4223', 68, '2021-03-08 06:09:29', '2021-03-08 06:09:29'),
(512, 'Firozshah', NULL, '4207', 68, '2021-03-08 06:09:29', '2021-03-08 06:09:29'),
(513, 'Halishahar', NULL, '4216', 68, '2021-03-08 06:09:29', '2021-03-08 06:09:29'),
(514, 'Halishshar', NULL, '4225', 68, '2021-03-08 06:09:29', '2021-03-08 06:09:29'),
(515, 'Jalalabad', NULL, '4214', 68, '2021-03-08 06:09:29', '2021-03-08 06:09:29'),
(516, 'Jaldia Merine Accade', NULL, '4206', 68, '2021-03-08 06:09:30', '2021-03-08 06:09:30'),
(517, 'Middle Patenga', NULL, '4222', 68, '2021-03-08 06:09:30', '2021-03-08 06:09:30'),
(518, 'Mohard', NULL, '4208', 68, '2021-03-08 06:09:30', '2021-03-08 06:09:30'),
(519, 'North Halishahar', NULL, '4226', 68, '2021-03-08 06:09:30', '2021-03-08 06:09:30'),
(520, 'North Katuli', NULL, '4217', 68, '2021-03-08 06:09:30', '2021-03-08 06:09:30'),
(521, 'Pahartoli', NULL, '4202', 68, '2021-03-08 06:09:30', '2021-03-08 06:09:30'),
(522, 'Patenga', NULL, '4204', 68, '2021-03-08 06:09:31', '2021-03-08 06:09:31'),
(523, 'Rampura TSO', NULL, '4224', 68, '2021-03-08 06:09:31', '2021-03-08 06:09:31'),
(524, 'Wazedia', NULL, '4213', 68, '2021-03-08 06:09:31', '2021-03-08 06:09:31'),
(525, 'Barma', NULL, '4383', 609, '2021-03-08 06:09:31', '2021-03-08 06:09:31'),
(526, 'Dohazari', NULL, '4382', 609, '2021-03-08 06:09:32', '2021-03-08 06:09:32'),
(527, 'East Joara', NULL, '4380', 609, '2021-03-08 06:09:32', '2021-03-08 06:09:32'),
(528, 'Gachbaria', NULL, '4381', 609, '2021-03-08 06:09:32', '2021-03-08 06:09:32'),
(529, 'Bhandar Sharif', NULL, '4352', 73, '2021-03-08 06:09:32', '2021-03-08 06:09:32'),
(530, 'Fatikchhari', NULL, '4350', 73, '2021-03-08 06:09:32', '2021-03-08 06:09:32'),
(531, 'Harualchhari', NULL, '4354', 73, '2021-03-08 06:09:32', '2021-03-08 06:09:32'),
(532, 'Najirhat', NULL, '4353', 73, '2021-03-08 06:09:32', '2021-03-08 06:09:32'),
(533, 'Nanupur', NULL, '4351', 73, '2021-03-08 06:09:33', '2021-03-08 06:09:33'),
(534, 'Narayanhat', NULL, '4355', 73, '2021-03-08 06:09:33', '2021-03-08 06:09:33'),
(535, 'Chitt.University', NULL, '4331', 74, '2021-03-08 06:09:33', '2021-03-08 06:09:33'),
(536, 'Fatahabad', NULL, '4335', 74, '2021-03-08 06:09:33', '2021-03-08 06:09:33'),
(537, 'Gorduara', NULL, '4332', 74, '2021-03-08 06:09:33', '2021-03-08 06:09:33'),
(538, 'Hathazari', NULL, '4330', 74, '2021-03-08 06:09:34', '2021-03-08 06:09:34'),
(539, 'Katirhat', NULL, '4333', 74, '2021-03-08 06:09:34', '2021-03-08 06:09:34'),
(540, 'Madrasa', NULL, '4339', 74, '2021-03-08 06:09:34', '2021-03-08 06:09:34'),
(541, 'Mirzapur', NULL, '4334', 74, '2021-03-08 06:09:34', '2021-03-08 06:09:34'),
(542, 'Nuralibari', NULL, '4337', 74, '2021-03-08 06:09:34', '2021-03-08 06:09:34'),
(543, 'Yunus Nagar', NULL, '4338', 74, '2021-03-08 06:09:34', '2021-03-08 06:09:34'),
(544, 'Banigram', NULL, '4393', 610, '2021-03-08 06:09:35', '2021-03-08 06:09:35'),
(545, 'Gunagari', NULL, '4392', 610, '2021-03-08 06:09:35', '2021-03-08 06:09:35'),
(546, 'Jaldi', NULL, '4390', 610, '2021-03-08 06:09:35', '2021-03-08 06:09:35'),
(547, 'Khan Bahadur', NULL, '4391', 610, '2021-03-08 06:09:35', '2021-03-08 06:09:35'),
(548, 'Chunti', NULL, '4398', 75, '2021-03-08 06:09:35', '2021-03-08 06:09:35'),
(549, 'Lohagara', NULL, '4396', 75, '2021-03-08 06:09:35', '2021-03-08 06:09:35'),
(550, 'Padua', NULL, '4397', 75, '2021-03-08 06:09:35', '2021-03-08 06:09:35'),
(551, 'Abutorab', NULL, '4321', 76, '2021-03-08 06:09:36', '2021-03-08 06:09:36'),
(552, 'Azampur', NULL, '4325', 76, '2021-03-08 06:09:36', '2021-03-08 06:09:36'),
(553, 'Bharawazhat', NULL, '4323', 76, '2021-03-08 06:09:36', '2021-03-08 06:09:36'),
(554, 'Darrogahat', NULL, '4322', 76, '2021-03-08 06:09:36', '2021-03-08 06:09:36'),
(555, 'Joarganj', NULL, '4324', 76, '2021-03-08 06:09:36', '2021-03-08 06:09:36'),
(556, 'Korerhat', NULL, '4327', 76, '2021-03-08 06:09:36', '2021-03-08 06:09:36'),
(557, 'Mirsharai', NULL, '4320', 76, '2021-03-08 06:09:36', '2021-03-08 06:09:36'),
(558, 'Mohazanhat', NULL, '4328', 76, '2021-03-08 06:09:37', '2021-03-08 06:09:37'),
(559, 'Budhpara', NULL, '4371', 77, '2021-03-08 06:09:37', '2021-03-08 06:09:37'),
(560, 'Patiya', NULL, '4370', 77, '2021-03-08 06:09:37', '2021-03-08 06:09:37'),
(561, 'Dhamair', NULL, '4361', 78, '2021-03-08 06:09:37', '2021-03-08 06:09:37'),
(562, 'Rangunia', NULL, '4360', 78, '2021-03-08 06:09:37', '2021-03-08 06:09:37'),
(563, 'B.I.T Post Office', NULL, '4349', 79, '2021-03-08 06:09:37', '2021-03-08 06:09:37'),
(564, 'Beenajuri', NULL, '4341', 79, '2021-03-08 06:09:37', '2021-03-08 06:09:37'),
(565, 'Dewanpur', NULL, '4347', 79, '2021-03-08 06:09:38', '2021-03-08 06:09:38'),
(566, 'Fatepur', NULL, '4345', 79, '2021-03-08 06:09:38', '2021-03-08 06:09:38'),
(567, 'Gahira', NULL, '4343', 79, '2021-03-08 06:09:38', '2021-03-08 06:09:38'),
(568, 'Guzra Noapara', NULL, '4346', 79, '2021-03-08 06:09:38', '2021-03-08 06:09:38'),
(569, 'jagannath Hat', NULL, '4344', 79, '2021-03-08 06:09:38', '2021-03-08 06:09:38'),
(570, 'Kundeshwari', NULL, '4342', 79, '2021-03-08 06:09:38', '2021-03-08 06:09:38'),
(571, 'Mohamuni', NULL, '4348', 79, '2021-03-08 06:09:38', '2021-03-08 06:09:38'),
(572, 'Raozan', NULL, '4340', 79, '2021-03-08 06:09:39', '2021-03-08 06:09:39'),
(573, 'Sandwip', NULL, '4300', 80, '2021-03-08 06:09:39', '2021-03-08 06:09:39'),
(574, 'Shiberhat', NULL, '4301', 80, '2021-03-08 06:09:40', '2021-03-08 06:09:40'),
(575, 'Urirchar', NULL, '4302', 80, '2021-03-08 06:09:40', '2021-03-08 06:09:40'),
(576, 'Baitul Ijjat', NULL, '4387', 81, '2021-03-08 06:09:40', '2021-03-08 06:09:40'),
(577, 'Bazalia', NULL, '4388', 81, '2021-03-08 06:09:40', '2021-03-08 06:09:40'),
(578, 'Satkania', NULL, '4386', 81, '2021-03-08 06:09:40', '2021-03-08 06:09:40'),
(579, 'Barabkunda', NULL, '4312', 82, '2021-03-08 06:09:40', '2021-03-08 06:09:40'),
(580, 'Baroidhala', NULL, '4311', 82, '2021-03-08 06:09:40', '2021-03-08 06:09:40'),
(581, 'Bawashbaria', NULL, '4313', 82, '2021-03-08 06:09:41', '2021-03-08 06:09:41'),
(582, 'Bhatiari', NULL, '4315', 82, '2021-03-08 06:09:41', '2021-03-08 06:09:41'),
(583, 'Fouzdarhat', NULL, '4316', 82, '2021-03-08 06:09:41', '2021-03-08 06:09:41'),
(584, 'Jafrabad', NULL, '4317', 82, '2021-03-08 06:09:41', '2021-03-08 06:09:41'),
(585, 'Kumira', NULL, '4314', 82, '2021-03-08 06:09:41', '2021-03-08 06:09:41'),
(586, 'Sitakunda', NULL, '4310', 82, '2021-03-08 06:09:41', '2021-03-08 06:09:41'),
(587, 'Barura', NULL, '3560', 83, '2021-03-08 06:09:42', '2021-03-08 06:09:42'),
(588, 'Murdafarganj', NULL, '3562', 83, '2021-03-08 06:09:42', '2021-03-08 06:09:42'),
(589, 'Poyalgachha', NULL, '3561', 83, '2021-03-08 06:09:42', '2021-03-08 06:09:42'),
(590, 'Brahmanpara', NULL, '3526', 84, '2021-03-08 06:09:42', '2021-03-08 06:09:42'),
(591, 'Burichong', NULL, '3520', 85, '2021-03-08 06:09:42', '2021-03-08 06:09:42'),
(592, 'Maynamoti bazar', NULL, '3521', 85, '2021-03-08 06:09:42', '2021-03-08 06:09:42'),
(593, 'Chandia', NULL, '3510', 86, '2021-03-08 06:09:42', '2021-03-08 06:09:42'),
(594, 'Madhaiabazar', NULL, '3511', 86, '2021-03-08 06:09:42', '2021-03-08 06:09:42'),
(595, 'Batisa', NULL, '3551', 87, '2021-03-08 06:09:43', '2021-03-08 06:09:43'),
(596, 'Chiora', NULL, '3552', 87, '2021-03-08 06:09:43', '2021-03-08 06:09:43'),
(597, 'Chauddagram', NULL, '3550', 87, '2021-03-08 06:09:43', '2021-03-08 06:09:43'),
(598, 'Comilla Contoment', NULL, '3501', 91, '2021-03-08 06:09:43', '2021-03-08 06:09:43'),
(599, 'Comilla Sadar', NULL, '3500', 91, '2021-03-08 06:09:43', '2021-03-08 06:09:43');
INSERT INTO `post_offices` (`id`, `name`, `bn_name`, `code`, `thana_id`, `created_at`, `updated_at`) VALUES
(600, 'Courtbari', NULL, '3503', 91, '2021-03-08 06:09:43', '2021-03-08 06:09:43'),
(601, 'Halimanagar', NULL, '3502', 91, '2021-03-08 06:09:43', '2021-03-08 06:09:43'),
(602, 'Suaganj', NULL, '3504', 91, '2021-03-08 06:09:43', '2021-03-08 06:09:43'),
(603, 'Dashpara', NULL, '3518', 88, '2021-03-08 06:09:44', '2021-03-08 06:09:44'),
(604, 'Daudkandi', NULL, '3516', 88, '2021-03-08 06:09:44', '2021-03-08 06:09:44'),
(605, 'Eliotganj', NULL, '3519', 88, '2021-03-08 06:09:44', '2021-03-08 06:09:44'),
(606, 'Gouripur', NULL, '3517', 88, '2021-03-08 06:09:44', '2021-03-08 06:09:44'),
(607, 'Barashalghar', NULL, '3532', 89, '2021-03-08 06:09:44', '2021-03-08 06:09:44'),
(608, 'Debidwar', NULL, '3530', 89, '2021-03-08 06:09:44', '2021-03-08 06:09:44'),
(609, 'Dhamtee', NULL, '3533', 89, '2021-03-08 06:09:45', '2021-03-08 06:09:45'),
(610, 'Gangamandal', NULL, '3531', 89, '2021-03-08 06:09:45', '2021-03-08 06:09:45'),
(611, 'Homna', NULL, '3546', 90, '2021-03-08 06:09:45', '2021-03-08 06:09:45'),
(612, 'Bipulasar', NULL, '3572', 92, '2021-03-08 06:09:45', '2021-03-08 06:09:45'),
(613, 'Laksam', NULL, '3570', 92, '2021-03-08 06:09:45', '2021-03-08 06:09:45'),
(614, 'Lakshamanpur', NULL, '3571', 92, '2021-03-08 06:09:46', '2021-03-08 06:09:46'),
(615, 'Chhariabazar', NULL, '3582', 96, '2021-03-08 06:09:46', '2021-03-08 06:09:46'),
(616, 'Dhalua', NULL, '3581', 96, '2021-03-08 06:09:46', '2021-03-08 06:09:46'),
(617, 'Gunabati', NULL, '3583', 96, '2021-03-08 06:09:46', '2021-03-08 06:09:46'),
(618, 'Nangalkot', NULL, '3580', 96, '2021-03-08 06:09:46', '2021-03-08 06:09:46'),
(619, 'Bangra', NULL, '3543', 95, '2021-03-08 06:09:46', '2021-03-08 06:09:46'),
(620, 'Companyganj', NULL, '3542', 95, '2021-03-08 06:09:47', '2021-03-08 06:09:47'),
(621, 'Muradnagar', NULL, '3540', 95, '2021-03-08 06:09:47', '2021-03-08 06:09:47'),
(622, 'Pantibazar', NULL, '3545', 95, '2021-03-08 06:09:47', '2021-03-08 06:09:47'),
(623, 'Ramchandarpur', NULL, '3541', 95, '2021-03-08 06:09:47', '2021-03-08 06:09:47'),
(624, 'Sonakanda', NULL, '3544', 95, '2021-03-08 06:09:47', '2021-03-08 06:09:47'),
(625, 'Badarkali', NULL, '4742', 611, '2021-03-08 06:09:48', '2021-03-08 06:09:48'),
(626, 'Chiringga', NULL, '4740', 611, '2021-03-08 06:09:48', '2021-03-08 06:09:48'),
(627, 'Chiringga S.O', NULL, '4741', 611, '2021-03-08 06:09:48', '2021-03-08 06:09:48'),
(628, 'Malumghat', NULL, '4743', 611, '2021-03-08 06:09:48', '2021-03-08 06:09:48'),
(629, 'Cox\'s bazar Sadar', NULL, '4700', 100, '2021-03-08 06:09:48', '2021-03-08 06:09:48'),
(630, 'Eidga', NULL, '4702', 100, '2021-03-08 06:09:48', '2021-03-08 06:09:48'),
(631, 'Zhilanja', NULL, '4701', 100, '2021-03-08 06:09:49', '2021-03-08 06:09:49'),
(632, 'Gorakghat', NULL, '4710', 612, '2021-03-08 06:09:49', '2021-03-08 06:09:49'),
(633, 'Kutubdia', NULL, '4720', 101, '2021-03-08 06:09:49', '2021-03-08 06:09:49'),
(634, 'Ramu', NULL, '4730', 103, '2021-03-08 06:09:49', '2021-03-08 06:09:49'),
(635, 'Hnila', NULL, '4761', 104, '2021-03-08 06:09:49', '2021-03-08 06:09:49'),
(636, 'St.Martin', NULL, '4762', 104, '2021-03-08 06:09:49', '2021-03-08 06:09:49'),
(637, 'Teknaf', NULL, '4760', 104, '2021-03-08 06:09:50', '2021-03-08 06:09:50'),
(638, 'Ukhia', NULL, '4750', 105, '2021-03-08 06:09:50', '2021-03-08 06:09:50'),
(639, 'Chagalnaiya', NULL, '3910', 108, '2021-03-08 06:09:50', '2021-03-08 06:09:50'),
(640, 'Daraga Hat', NULL, '3912', 108, '2021-03-08 06:09:51', '2021-03-08 06:09:51'),
(641, 'Maharajganj', NULL, '3911', 108, '2021-03-08 06:09:51', '2021-03-08 06:09:51'),
(642, 'Puabashimulia', NULL, '3913', 108, '2021-03-08 06:09:51', '2021-03-08 06:09:51'),
(643, 'Chhilonia', NULL, '3922', 109, '2021-03-08 06:09:51', '2021-03-08 06:09:51'),
(644, 'Dagondhuia', NULL, '3920', 109, '2021-03-08 06:09:51', '2021-03-08 06:09:51'),
(645, 'Dudmukha', NULL, '3921', 109, '2021-03-08 06:09:51', '2021-03-08 06:09:51'),
(646, 'Rajapur', NULL, '3923', 109, '2021-03-08 06:09:52', '2021-03-08 06:09:52'),
(647, 'Fazilpur', NULL, '3901', 107, '2021-03-08 06:09:52', '2021-03-08 06:09:52'),
(648, 'Feni Sadar', NULL, '3900', 107, '2021-03-08 06:09:52', '2021-03-08 06:09:52'),
(649, 'Laskarhat', NULL, '3903', 107, '2021-03-08 06:09:52', '2021-03-08 06:09:52'),
(650, 'Sharshadie', NULL, '3902', 107, '2021-03-08 06:09:52', '2021-03-08 06:09:52'),
(651, 'Fulgazi', NULL, '3942', 613, '2021-03-08 06:09:53', '2021-03-08 06:09:53'),
(652, 'Munshirhat', NULL, '3943', 613, '2021-03-08 06:09:53', '2021-03-08 06:09:53'),
(653, 'Pashurampur', NULL, '3940', 613, '2021-03-08 06:09:53', '2021-03-08 06:09:53'),
(654, 'Shuarbazar', NULL, '3941', 613, '2021-03-08 06:09:53', '2021-03-08 06:09:53'),
(655, 'Ahmadpur', NULL, '3932', 112, '2021-03-08 06:09:53', '2021-03-08 06:09:53'),
(656, 'Kazirhat', NULL, '3933', 112, '2021-03-08 06:09:53', '2021-03-08 06:09:53'),
(657, 'Motiganj', NULL, '3931', 112, '2021-03-08 06:09:54', '2021-03-08 06:09:54'),
(658, 'Sonagazi', NULL, '3930', 112, '2021-03-08 06:09:54', '2021-03-08 06:09:54'),
(659, 'Dighinala', NULL, '4420', 113, '2021-03-08 06:09:54', '2021-03-08 06:09:54'),
(660, 'Khagrachhari', NULL, '4400', 114, '2021-03-08 06:09:54', '2021-03-08 06:09:54'),
(661, 'Laxmichhari', NULL, '4470', 614, '2021-03-08 06:09:54', '2021-03-08 06:09:54'),
(662, 'Mahalchhari', NULL, '4430', 116, '2021-03-08 06:09:54', '2021-03-08 06:09:54'),
(663, 'Manikchhari', NULL, '4460', 117, '2021-03-08 06:09:54', '2021-03-08 06:09:54'),
(664, 'Matiranga', NULL, '4450', 118, '2021-03-08 06:09:55', '2021-03-08 06:09:55'),
(665, 'Panchhari', NULL, '4410', 119, '2021-03-08 06:09:55', '2021-03-08 06:09:55'),
(666, 'Ramgarh', NULL, '4440', 120, '2021-03-08 06:09:55', '2021-03-08 06:09:55'),
(667, 'Char Alexandar', NULL, '3730', 615, '2021-03-08 06:09:55', '2021-03-08 06:09:55'),
(668, 'Hajirghat', NULL, '3731', 615, '2021-03-08 06:09:55', '2021-03-08 06:09:55'),
(669, 'Ramgatirhat', NULL, '3732', 615, '2021-03-08 06:09:55', '2021-03-08 06:09:55'),
(670, 'Amani Lakshimpur', NULL, '3709', 121, '2021-03-08 06:09:56', '2021-03-08 06:09:56'),
(671, 'Bhabaniganj', NULL, '3702', 121, '2021-03-08 06:09:56', '2021-03-08 06:09:56'),
(672, 'Chandraganj', NULL, '3708', 121, '2021-03-08 06:09:56', '2021-03-08 06:09:56'),
(673, 'Choupalli', NULL, '3707', 121, '2021-03-08 06:09:56', '2021-03-08 06:09:56'),
(674, 'Dalal Bazar', NULL, '3701', 121, '2021-03-08 06:09:56', '2021-03-08 06:09:56'),
(675, 'Duttapara', NULL, '3706', 121, '2021-03-08 06:09:56', '2021-03-08 06:09:56'),
(676, 'Keramatganj', NULL, '3704', 121, '2021-03-08 06:09:56', '2021-03-08 06:09:56'),
(677, 'Lakshmipur Sadar', NULL, '3700', 121, '2021-03-08 06:09:57', '2021-03-08 06:09:57'),
(678, 'Mandari', NULL, '3703', 121, '2021-03-08 06:09:57', '2021-03-08 06:09:57'),
(679, 'Rupchara', NULL, '3705', 121, '2021-03-08 06:09:57', '2021-03-08 06:09:57'),
(680, 'Alipur', NULL, '3721', 123, '2021-03-08 06:09:57', '2021-03-08 06:09:57'),
(681, 'Dolta', NULL, '3725', 123, '2021-03-08 06:09:57', '2021-03-08 06:09:57'),
(682, 'Kanchanpur', NULL, '3723', 123, '2021-03-08 06:09:57', '2021-03-08 06:09:57'),
(683, 'Naagmud', NULL, '3724', 123, '2021-03-08 06:09:58', '2021-03-08 06:09:58'),
(684, 'Panpara', NULL, '3722', 123, '2021-03-08 06:09:58', '2021-03-08 06:09:58'),
(685, 'Ramganj', NULL, '3720', 123, '2021-03-08 06:09:58', '2021-03-08 06:09:58'),
(686, 'Bhuabari', NULL, '3714', 122, '2021-03-08 06:09:58', '2021-03-08 06:09:58'),
(687, 'Haydarganj', NULL, '3713', 122, '2021-03-08 06:09:58', '2021-03-08 06:09:58'),
(688, 'Nagerdighirpar', NULL, '3712', 122, '2021-03-08 06:09:58', '2021-03-08 06:09:58'),
(689, 'Rakhallia', NULL, '3711', 122, '2021-03-08 06:09:58', '2021-03-08 06:09:58'),
(690, 'Raipur', NULL, '3710', 122, '2021-03-08 06:09:58', '2021-03-08 06:09:58'),
(691, 'Basur Hat', NULL, '3850', 616, '2021-03-08 06:09:59', '2021-03-08 06:09:59'),
(692, 'Charhajari', NULL, '3851', 616, '2021-03-08 06:09:59', '2021-03-08 06:09:59'),
(693, 'Alaiarpur', NULL, '3831', 127, '2021-03-08 06:09:59', '2021-03-08 06:09:59'),
(694, 'Amisha Para', NULL, '3847', 127, '2021-03-08 06:09:59', '2021-03-08 06:09:59'),
(695, 'Banglabazar', NULL, '3822', 127, '2021-03-08 06:10:00', '2021-03-08 06:10:00'),
(696, 'Bazra', NULL, '3824', 127, '2021-03-08 06:10:00', '2021-03-08 06:10:00'),
(697, 'Begumganj', NULL, '3820', 127, '2021-03-08 06:10:00', '2021-03-08 06:10:00'),
(698, 'Bhabani Jibanpur', NULL, '3837', 127, '2021-03-08 06:10:00', '2021-03-08 06:10:00'),
(699, 'Choumohani', NULL, '3821', 127, '2021-03-08 06:10:00', '2021-03-08 06:10:00'),
(700, 'Dauti', NULL, '3843', 127, '2021-03-08 06:10:00', '2021-03-08 06:10:00'),
(701, 'Durgapur', NULL, '3848', 127, '2021-03-08 06:10:00', '2021-03-08 06:10:00'),
(702, 'Gopalpur', NULL, '3828', 127, '2021-03-08 06:10:01', '2021-03-08 06:10:01'),
(703, 'Jamidar Hat', NULL, '3825', 127, '2021-03-08 06:10:01', '2021-03-08 06:10:01'),
(704, 'Joyag', NULL, '3844', 127, '2021-03-08 06:10:01', '2021-03-08 06:10:01'),
(705, 'Joynarayanpur', NULL, '3829', 127, '2021-03-08 06:10:01', '2021-03-08 06:10:01'),
(706, 'Khalafat Bazar', NULL, '3833', 127, '2021-03-08 06:10:01', '2021-03-08 06:10:01'),
(707, 'Khalishpur', NULL, '3842', 127, '2021-03-08 06:10:01', '2021-03-08 06:10:01'),
(708, 'Maheshganj', NULL, '3838', 127, '2021-03-08 06:10:02', '2021-03-08 06:10:02'),
(709, 'Mir Owarishpur', NULL, '3823', 127, '2021-03-08 06:10:02', '2021-03-08 06:10:02'),
(710, 'Nadona', NULL, '3839', 127, '2021-03-08 06:10:02', '2021-03-08 06:10:02'),
(711, 'Nandiapara', NULL, '3841', 127, '2021-03-08 06:10:02', '2021-03-08 06:10:02'),
(712, 'Oachhekpur', NULL, '3835', 127, '2021-03-08 06:10:02', '2021-03-08 06:10:02'),
(713, 'Rajganj', NULL, '3834', 127, '2021-03-08 06:10:02', '2021-03-08 06:10:02'),
(714, 'Sonaimuri', NULL, '3827', 127, '2021-03-08 06:10:02', '2021-03-08 06:10:02'),
(715, 'Tangirpar', NULL, '3832', 127, '2021-03-08 06:10:02', '2021-03-08 06:10:02'),
(716, 'Thanar Hat', NULL, '3845', 127, '2021-03-08 06:10:03', '2021-03-08 06:10:03'),
(717, 'Bansa Bazar', NULL, '3879', 128, '2021-03-08 06:10:03', '2021-03-08 06:10:03'),
(718, 'Bodalcourt', NULL, '3873', 128, '2021-03-08 06:10:03', '2021-03-08 06:10:03'),
(719, 'Chatkhil', NULL, '3870', 128, '2021-03-08 06:10:03', '2021-03-08 06:10:03'),
(720, 'Dosh Gharia', NULL, '3878', 128, '2021-03-08 06:10:03', '2021-03-08 06:10:03'),
(721, 'Karihati', NULL, '3877', 128, '2021-03-08 06:10:03', '2021-03-08 06:10:03'),
(722, 'Khilpara', NULL, '3872', 128, '2021-03-08 06:10:03', '2021-03-08 06:10:03'),
(723, 'Palla', NULL, '3871', 128, '2021-03-08 06:10:03', '2021-03-08 06:10:03'),
(724, 'Rezzakpur', NULL, '3874', 128, '2021-03-08 06:10:04', '2021-03-08 06:10:04'),
(725, 'Sahapur', NULL, '3881', 128, '2021-03-08 06:10:04', '2021-03-08 06:10:04'),
(726, 'Sampara', NULL, '3882', 128, '2021-03-08 06:10:04', '2021-03-08 06:10:04'),
(727, 'Shingbahura', NULL, '3883', 128, '2021-03-08 06:10:04', '2021-03-08 06:10:04'),
(728, 'Solla', NULL, '3875', 128, '2021-03-08 06:10:04', '2021-03-08 06:10:04'),
(729, 'Afazia', NULL, '3891', 131, '2021-03-08 06:10:04', '2021-03-08 06:10:04'),
(730, 'Hatia', NULL, '3890', 131, '2021-03-08 06:10:05', '2021-03-08 06:10:05'),
(731, 'Tamoraddi', NULL, '3892', 131, '2021-03-08 06:10:05', '2021-03-08 06:10:05'),
(732, 'Chaprashir Hat', NULL, '3811', 126, '2021-03-08 06:10:05', '2021-03-08 06:10:05'),
(733, 'Char Jabbar', NULL, '3812', 126, '2021-03-08 06:10:05', '2021-03-08 06:10:05'),
(734, 'Charam Tua', NULL, '3809', 126, '2021-03-08 06:10:05', '2021-03-08 06:10:05'),
(735, 'Din Monir Hat', NULL, '3803', 126, '2021-03-08 06:10:05', '2021-03-08 06:10:05'),
(736, 'Kabirhat', NULL, '3807', 126, '2021-03-08 06:10:06', '2021-03-08 06:10:06'),
(737, 'Khalifar Hat', NULL, '3808', 126, '2021-03-08 06:10:06', '2021-03-08 06:10:06'),
(738, 'Mriddarhat', NULL, '3806', 126, '2021-03-08 06:10:06', '2021-03-08 06:10:06'),
(739, 'Noakhali College', NULL, '3801', 126, '2021-03-08 06:10:06', '2021-03-08 06:10:06'),
(740, 'Noakhali Sadar', NULL, '3800', 126, '2021-03-08 06:10:06', '2021-03-08 06:10:06'),
(741, 'Pak Kishoreganj', NULL, '3804', 126, '2021-03-08 06:10:06', '2021-03-08 06:10:06'),
(742, 'Sonapur', NULL, '3802', 126, '2021-03-08 06:10:07', '2021-03-08 06:10:07'),
(743, 'Beezbag', NULL, '3862', 130, '2021-03-08 06:10:07', '2021-03-08 06:10:07'),
(744, 'Chatarpaia', NULL, '3864', 130, '2021-03-08 06:10:07', '2021-03-08 06:10:07'),
(745, 'Kallyandi', NULL, '3861', 130, '2021-03-08 06:10:07', '2021-03-08 06:10:07'),
(746, 'Kankirhat', NULL, '3863', 130, '2021-03-08 06:10:07', '2021-03-08 06:10:07'),
(747, 'Shenbag', NULL, '3860', 130, '2021-03-08 06:10:07', '2021-03-08 06:10:07'),
(748, 'T.P. Lamua', NULL, '3865', 130, '2021-03-08 06:10:07', '2021-03-08 06:10:07'),
(749, 'Barkal', NULL, '4570', 138, '2021-03-08 06:10:07', '2021-03-08 06:10:07'),
(750, 'Bilaichhari', NULL, '4550', 617, '2021-03-08 06:10:08', '2021-03-08 06:10:08'),
(751, 'Jarachhari', NULL, '4560', 618, '2021-03-08 06:10:08', '2021-03-08 06:10:08'),
(752, 'Betbunia', NULL, '4511', 619, '2021-03-08 06:10:08', '2021-03-08 06:10:08'),
(753, 'Kalampati', NULL, '4510', 619, '2021-03-08 06:10:08', '2021-03-08 06:10:08'),
(754, 'Chandraghona', NULL, '4531', 141, '2021-03-08 06:10:09', '2021-03-08 06:10:09'),
(755, 'Kaptai', NULL, '4530', 141, '2021-03-08 06:10:09', '2021-03-08 06:10:09'),
(756, 'Kaptai Nuton Bazar', NULL, '4533', 141, '2021-03-08 06:10:09', '2021-03-08 06:10:09'),
(757, 'Kaptai Project', NULL, '4532', 141, '2021-03-08 06:10:09', '2021-03-08 06:10:09'),
(758, 'Longachh', NULL, '4580', 620, '2021-03-08 06:10:10', '2021-03-08 06:10:10'),
(759, 'Marishya', NULL, '4590', 621, '2021-03-08 06:10:10', '2021-03-08 06:10:10'),
(760, 'Nannerchar', NULL, '4520', 143, '2021-03-08 06:10:10', '2021-03-08 06:10:10'),
(761, 'Rajsthali', NULL, '4540', 622, '2021-03-08 06:10:10', '2021-03-08 06:10:10'),
(762, 'Rangamati Sadar', NULL, '4500', 135, '2021-03-08 06:10:11', '2021-03-08 06:10:11'),
(763, 'Bangla Hili', NULL, '5270', 623, '2021-03-08 06:10:11', '2021-03-08 06:10:11'),
(764, 'Biral', NULL, '5210', 393, '2021-03-08 06:10:12', '2021-03-08 06:10:12'),
(765, 'Birampur', NULL, '5266', 391, '2021-03-08 06:10:12', '2021-03-08 06:10:12'),
(766, 'Birganj', NULL, '5220', 392, '2021-03-08 06:10:12', '2021-03-08 06:10:12'),
(767, 'Chirirbandar', NULL, '5240', 395, '2021-03-08 06:10:12', '2021-03-08 06:10:12'),
(768, 'Ranirbandar', NULL, '5241', 395, '2021-03-08 06:10:12', '2021-03-08 06:10:12'),
(769, 'Dinajpur Rajbari', NULL, '5201', 401, '2021-03-08 06:10:12', '2021-03-08 06:10:12'),
(770, 'Dinajpur Sadar', NULL, '5200', 401, '2021-03-08 06:10:13', '2021-03-08 06:10:13'),
(771, 'Khansama', NULL, '5230', 400, '2021-03-08 06:10:13', '2021-03-08 06:10:13'),
(772, 'Pakarhat', NULL, '5231', 400, '2021-03-08 06:10:13', '2021-03-08 06:10:13'),
(773, 'Maharajganj', NULL, '5226', 624, '2021-03-08 06:10:13', '2021-03-08 06:10:13'),
(774, 'Daudpur', NULL, '5281', 402, '2021-03-08 06:10:13', '2021-03-08 06:10:13'),
(775, 'Gopalpur', NULL, '5282', 402, '2021-03-08 06:10:14', '2021-03-08 06:10:14'),
(776, 'Nawabganj', NULL, '5280', 402, '2021-03-08 06:10:14', '2021-03-08 06:10:14'),
(777, 'Ghoraghat', NULL, '5291', 625, '2021-03-08 06:10:14', '2021-03-08 06:10:14'),
(778, 'Osmanpur', NULL, '5290', 625, '2021-03-08 06:10:14', '2021-03-08 06:10:14'),
(779, 'Parbatipur', NULL, '5250', 403, '2021-03-08 06:10:14', '2021-03-08 06:10:14'),
(780, 'Phulbari', NULL, '5260', 396, '2021-03-08 06:10:14', '2021-03-08 06:10:14'),
(781, 'Setabganj', NULL, '5216', 626, '2021-03-08 06:10:15', '2021-03-08 06:10:15'),
(782, 'Bonarpara', NULL, '5750', 627, '2021-03-08 06:10:15', '2021-03-08 06:10:15'),
(783, 'saghata', NULL, '5751', 627, '2021-03-08 06:10:15', '2021-03-08 06:10:15'),
(784, 'Gaibandha Sadar', NULL, '5700', 405, '2021-03-08 06:10:15', '2021-03-08 06:10:15'),
(785, 'Gobindhaganj', NULL, '5740', 406, '2021-03-08 06:10:15', '2021-03-08 06:10:15'),
(786, 'Mahimaganj', NULL, '5741', 406, '2021-03-08 06:10:16', '2021-03-08 06:10:16'),
(787, 'Palashbari', NULL, '5730', 407, '2021-03-08 06:10:16', '2021-03-08 06:10:16'),
(788, 'Bharatkhali', NULL, '5761', 404, '2021-03-08 06:10:16', '2021-03-08 06:10:16'),
(789, 'Fulchhari', NULL, '5760', 404, '2021-03-08 06:10:16', '2021-03-08 06:10:16'),
(790, 'Naldanga', NULL, '5711', 408, '2021-03-08 06:10:16', '2021-03-08 06:10:16'),
(791, 'Sadullapur', NULL, '5710', 408, '2021-03-08 06:10:16', '2021-03-08 06:10:16'),
(792, 'Bamandanga', NULL, '5721', 410, '2021-03-08 06:10:16', '2021-03-08 06:10:16'),
(793, 'Sundarganj', NULL, '5720', 410, '2021-03-08 06:10:17', '2021-03-08 06:10:17'),
(794, 'Bhurungamari', NULL, '5670', 413, '2021-03-08 06:10:17', '2021-03-08 06:10:17'),
(795, 'Chilmari', NULL, '5630', 417, '2021-03-08 06:10:17', '2021-03-08 06:10:17'),
(796, 'Jorgachh', NULL, '5631', 417, '2021-03-08 06:10:17', '2021-03-08 06:10:17'),
(797, 'Kurigram Sadar', NULL, '5600', 411, '2021-03-08 06:10:17', '2021-03-08 06:10:17'),
(798, 'Pandul', NULL, '5601', 411, '2021-03-08 06:10:17', '2021-03-08 06:10:17'),
(799, 'Phulbari', NULL, '5680', 411, '2021-03-08 06:10:17', '2021-03-08 06:10:17'),
(800, 'Nageshwari', NULL, '5660', 412, '2021-03-08 06:10:18', '2021-03-08 06:10:18'),
(801, 'Nazimkhan', NULL, '5611', 415, '2021-03-08 06:10:18', '2021-03-08 06:10:18'),
(802, 'Rajarhat', NULL, '5610', 415, '2021-03-08 06:10:18', '2021-03-08 06:10:18'),
(803, 'Char Rajibpur', NULL, '5650', 419, '2021-03-08 06:10:18', '2021-03-08 06:10:18'),
(804, 'Rowmari', NULL, '5640', 418, '2021-03-08 06:10:18', '2021-03-08 06:10:18'),
(805, 'Bazarhat', NULL, '5621', 416, '2021-03-08 06:10:18', '2021-03-08 06:10:18'),
(806, 'Ulipur', NULL, '5620', 416, '2021-03-08 06:10:19', '2021-03-08 06:10:19'),
(807, 'Aditmari', NULL, '5510', 421, '2021-03-08 06:10:19', '2021-03-08 06:10:19'),
(808, 'Hatibandha', NULL, '5530', 423, '2021-03-08 06:10:19', '2021-03-08 06:10:19'),
(809, 'Kulaghat SO', NULL, '5502', 420, '2021-03-08 06:10:19', '2021-03-08 06:10:19'),
(810, 'Lalmanirhat Sadar', NULL, '5500', 420, '2021-03-08 06:10:19', '2021-03-08 06:10:19'),
(811, 'Moghalhat', NULL, '5501', 420, '2021-03-08 06:10:19', '2021-03-08 06:10:19'),
(812, 'Baura', NULL, '5541', 424, '2021-03-08 06:10:19', '2021-03-08 06:10:19'),
(813, 'Burimari', NULL, '5542', 424, '2021-03-08 06:10:20', '2021-03-08 06:10:20'),
(814, 'Patgram', NULL, '5540', 424, '2021-03-08 06:10:20', '2021-03-08 06:10:20'),
(815, 'Tushbhandar', NULL, '5520', 628, '2021-03-08 06:10:20', '2021-03-08 06:10:20'),
(816, 'Dimla', NULL, '5350', 430, '2021-03-08 06:10:20', '2021-03-08 06:10:20'),
(817, 'Ghaga Kharibari', NULL, '5351', 430, '2021-03-08 06:10:21', '2021-03-08 06:10:21'),
(818, 'Chilahati', NULL, '5341', 429, '2021-03-08 06:10:21', '2021-03-08 06:10:21'),
(819, 'Domar', NULL, '5340', 429, '2021-03-08 06:10:21', '2021-03-08 06:10:21'),
(820, 'Jaldhaka', NULL, '5330', 427, '2021-03-08 06:10:21', '2021-03-08 06:10:21'),
(821, 'Kishoreganj', NULL, '5320', 428, '2021-03-08 06:10:21', '2021-03-08 06:10:21'),
(822, 'Nilphamari Sadar', NULL, '5300', 425, '2021-03-08 06:10:21', '2021-03-08 06:10:21'),
(823, 'Nilphamari Sugar Mil', NULL, '5301', 425, '2021-03-08 06:10:22', '2021-03-08 06:10:22'),
(824, 'Saidpur', NULL, '5310', 426, '2021-03-08 06:10:22', '2021-03-08 06:10:22'),
(825, 'Saidpur Upashahar', NULL, '5311', 426, '2021-03-08 06:10:22', '2021-03-08 06:10:22'),
(826, 'Boda', NULL, '5010', 433, '2021-03-08 06:10:22', '2021-03-08 06:10:22'),
(827, 'Chotto Dab', NULL, '5040', 629, '2021-03-08 06:10:23', '2021-03-08 06:10:23'),
(828, 'Mirjapur', NULL, '5041', 629, '2021-03-08 06:10:23', '2021-03-08 06:10:23'),
(829, 'Debiganj', NULL, '5020', 432, '2021-03-08 06:10:23', '2021-03-08 06:10:23'),
(830, 'Panchagarh Sadar', NULL, '5000', 431, '2021-03-08 06:10:23', '2021-03-08 06:10:23'),
(831, 'Tetulia', NULL, '5030', 435, '2021-03-08 06:10:24', '2021-03-08 06:10:24'),
(832, 'Badarganj', NULL, '5430', 436, '2021-03-08 06:10:24', '2021-03-08 06:10:24'),
(833, 'Shyampur', NULL, '5431', 436, '2021-03-08 06:10:24', '2021-03-08 06:10:24'),
(834, 'Gangachara', NULL, '5410', 438, '2021-03-08 06:10:24', '2021-03-08 06:10:24'),
(835, 'Haragachh', NULL, '5441', 439, '2021-03-08 06:10:24', '2021-03-08 06:10:24'),
(836, 'Kaunia', NULL, '5440', 439, '2021-03-08 06:10:24', '2021-03-08 06:10:24'),
(837, 'Mithapukur', NULL, '5460', 437, '2021-03-08 06:10:24', '2021-03-08 06:10:24'),
(838, 'Pirgachha', NULL, '5450', 441, '2021-03-08 06:10:24', '2021-03-08 06:10:24'),
(839, 'Alamnagar', NULL, '5402', 440, '2021-03-08 06:10:25', '2021-03-08 06:10:25'),
(840, 'Mahiganj', NULL, '5403', 440, '2021-03-08 06:10:25', '2021-03-08 06:10:25'),
(841, 'Rangpur Cadet Colleg', NULL, '5404', 440, '2021-03-08 06:10:25', '2021-03-08 06:10:25'),
(842, 'Rangpur Carmiecal Col', NULL, '5405', 440, '2021-03-08 06:10:25', '2021-03-08 06:10:25'),
(843, 'Rangpur Sadar', NULL, '5400', 440, '2021-03-08 06:10:25', '2021-03-08 06:10:25'),
(844, 'Rangpur Upa-Shahar', NULL, '5401', 440, '2021-03-08 06:10:25', '2021-03-08 06:10:25'),
(845, 'Taraganj', NULL, '5420', 443, '2021-03-08 06:10:25', '2021-03-08 06:10:25'),
(846, 'Baliadangi', NULL, '5140', 446, '2021-03-08 06:10:26', '2021-03-08 06:10:26'),
(847, 'Lahiri', NULL, '5141', 446, '2021-03-08 06:10:26', '2021-03-08 06:10:26'),
(848, 'Jibanpur', NULL, '5130', 630, '2021-03-08 06:10:26', '2021-03-08 06:10:26'),
(849, 'Pirganj', NULL, '5110', 445, '2021-03-08 06:10:26', '2021-03-08 06:10:26'),
(850, 'Pirganj', NULL, '5470', 445, '2021-03-08 06:10:26', '2021-03-08 06:10:26'),
(851, 'Nekmarad', NULL, '5121', 448, '2021-03-08 06:10:26', '2021-03-08 06:10:26'),
(852, 'Ranisankail', NULL, '5120', 448, '2021-03-08 06:10:26', '2021-03-08 06:10:26'),
(853, 'Ruhia', NULL, '5103', 444, '2021-03-08 06:10:26', '2021-03-08 06:10:26'),
(854, 'Shibganj', NULL, '5102', 444, '2021-03-08 06:10:26', '2021-03-08 06:10:26'),
(855, 'Thakurgaon Road', NULL, '5101', 444, '2021-03-08 06:10:27', '2021-03-08 06:10:27'),
(856, 'Thakurgaon Sadar', NULL, '5100', 444, '2021-03-08 06:10:27', '2021-03-08 06:10:27'),
(857, 'Adamdighi', NULL, '5890', 631, '2021-03-08 06:10:27', '2021-03-08 06:10:27'),
(858, 'Nasharatpur', NULL, '5892', 631, '2021-03-08 06:10:27', '2021-03-08 06:10:27'),
(859, 'Santahar', NULL, '5891', 631, '2021-03-08 06:10:27', '2021-03-08 06:10:27'),
(860, 'Bogra Canttonment', NULL, '5801', 326, '2021-03-08 06:10:27', '2021-03-08 06:10:27'),
(861, 'Bogra Sadar', NULL, '5800', 326, '2021-03-08 06:10:27', '2021-03-08 06:10:27'),
(862, 'Dhunat', NULL, '5850', 328, '2021-03-08 06:10:28', '2021-03-08 06:10:28'),
(863, 'Gosaibari', NULL, '5851', 328, '2021-03-08 06:10:28', '2021-03-08 06:10:28'),
(864, 'Dupchachia', NULL, '5880', 632, '2021-03-08 06:10:28', '2021-03-08 06:10:28'),
(865, 'Talora', NULL, '5881', 632, '2021-03-08 06:10:28', '2021-03-08 06:10:28'),
(866, 'Gabtoli', NULL, '5820', 633, '2021-03-08 06:10:29', '2021-03-08 06:10:29'),
(867, 'Sukhanpukur', NULL, '5821', 633, '2021-03-08 06:10:29', '2021-03-08 06:10:29'),
(868, 'Kahaloo', NULL, '5870', 331, '2021-03-08 06:10:29', '2021-03-08 06:10:29'),
(869, 'Nandigram', NULL, '5860', 332, '2021-03-08 06:10:29', '2021-03-08 06:10:29'),
(870, 'Chandan Baisha', NULL, '5831', 334, '2021-03-08 06:10:29', '2021-03-08 06:10:29'),
(871, 'Sariakandi', NULL, '5830', 334, '2021-03-08 06:10:29', '2021-03-08 06:10:29'),
(872, 'Chandaikona', NULL, '5841', 327, '2021-03-08 06:10:29', '2021-03-08 06:10:29'),
(873, 'Palli Unnyan Accadem', NULL, '5842', 327, '2021-03-08 06:10:29', '2021-03-08 06:10:29'),
(874, 'Sherpur', NULL, '5840', 327, '2021-03-08 06:10:30', '2021-03-08 06:10:30'),
(875, 'Shibganj', NULL, '5810', 335, '2021-03-08 06:10:30', '2021-03-08 06:10:30'),
(876, 'Sonatala', NULL, '5826', 336, '2021-03-08 06:10:30', '2021-03-08 06:10:30'),
(877, 'Bholahat', NULL, '6330', 359, '2021-03-08 06:10:30', '2021-03-08 06:10:30'),
(878, 'Amnura', NULL, '6303', 362, '2021-03-08 06:10:30', '2021-03-08 06:10:30'),
(879, 'Chapinawbganj Sadar', NULL, '6300', 362, '2021-03-08 06:10:30', '2021-03-08 06:10:30'),
(880, 'Rajarampur', NULL, '6301', 362, '2021-03-08 06:10:30', '2021-03-08 06:10:30'),
(881, 'Ramchandrapur', NULL, '6302', 362, '2021-03-08 06:10:31', '2021-03-08 06:10:31'),
(882, 'Mandumala', NULL, '6311', 361, '2021-03-08 06:10:31', '2021-03-08 06:10:31'),
(883, 'Nachole', NULL, '6310', 361, '2021-03-08 06:10:31', '2021-03-08 06:10:31'),
(884, 'Gomashtapur', NULL, '6321', 634, '2021-03-08 06:10:31', '2021-03-08 06:10:31'),
(885, 'Rohanpur', NULL, '6320', 634, '2021-03-08 06:10:31', '2021-03-08 06:10:31'),
(886, 'Kansart', NULL, '6341', 363, '2021-03-08 06:10:31', '2021-03-08 06:10:31'),
(887, 'Manaksha', NULL, '6342', 363, '2021-03-08 06:10:32', '2021-03-08 06:10:32'),
(888, 'Shibganj', NULL, '6340', 363, '2021-03-08 06:10:32', '2021-03-08 06:10:32'),
(889, 'Akklepur', NULL, '5940', 338, '2021-03-08 06:10:32', '2021-03-08 06:10:32'),
(890, 'jamalganj', NULL, '5941', 338, '2021-03-08 06:10:32', '2021-03-08 06:10:32'),
(891, 'Tilakpur', NULL, '5942', 338, '2021-03-08 06:10:32', '2021-03-08 06:10:32'),
(892, 'Joypurhat Sadar', NULL, '5900', 337, '2021-03-08 06:10:32', '2021-03-08 06:10:32'),
(893, 'kalai', NULL, '5930', 339, '2021-03-08 06:10:32', '2021-03-08 06:10:32'),
(894, 'Khetlal', NULL, '5920', 340, '2021-03-08 06:10:32', '2021-03-08 06:10:32'),
(895, 'Panchbibi', NULL, '5910', 341, '2021-03-08 06:10:33', '2021-03-08 06:10:33'),
(896, 'Ahsanganj', NULL, '6596', 635, '2021-03-08 06:10:33', '2021-03-08 06:10:33'),
(897, 'Bandai', NULL, '6597', 635, '2021-03-08 06:10:33', '2021-03-08 06:10:33'),
(898, 'Badalgachhi', NULL, '6570', 352, '2021-03-08 06:10:33', '2021-03-08 06:10:33'),
(899, 'Dhamoirhat', NULL, '6580', 349, '2021-03-08 06:10:33', '2021-03-08 06:10:33'),
(900, 'Mohadevpur', NULL, '6530', 343, '2021-03-08 06:10:33', '2021-03-08 06:10:33'),
(901, 'Naogaon Sadar', NULL, '6500', 342, '2021-03-08 06:10:33', '2021-03-08 06:10:33'),
(902, 'Niamatpur', NULL, '6520', 345, '2021-03-08 06:10:34', '2021-03-08 06:10:34'),
(903, 'Nitpur', NULL, '6550', 636, '2021-03-08 06:10:34', '2021-03-08 06:10:34'),
(904, 'Panguria', NULL, '6552', 636, '2021-03-08 06:10:34', '2021-03-08 06:10:34'),
(905, 'Porsa', NULL, '6551', 636, '2021-03-08 06:10:34', '2021-03-08 06:10:34'),
(906, 'Patnitala', NULL, '6540', 348, '2021-03-08 06:10:34', '2021-03-08 06:10:34'),
(907, 'Balihar', NULL, '6512', 637, '2021-03-08 06:10:35', '2021-03-08 06:10:35'),
(908, 'Manda', NULL, '6511', 637, '2021-03-08 06:10:35', '2021-03-08 06:10:35'),
(909, 'Prasadpur', NULL, '6510', 637, '2021-03-08 06:10:35', '2021-03-08 06:10:35'),
(910, 'Kashimpur', NULL, '6591', 347, '2021-03-08 06:10:35', '2021-03-08 06:10:35'),
(911, 'Raninagar', NULL, '6590', 347, '2021-03-08 06:10:35', '2021-03-08 06:10:35'),
(912, 'Moduhil', NULL, '6561', 350, '2021-03-08 06:10:35', '2021-03-08 06:10:35'),
(913, 'Sapahar', NULL, '6560', 350, '2021-03-08 06:10:36', '2021-03-08 06:10:36'),
(914, 'Abdulpur', NULL, '6422', 638, '2021-03-08 06:10:36', '2021-03-08 06:10:36'),
(915, 'Gopalpur U.P.O', NULL, '6420', 638, '2021-03-08 06:10:36', '2021-03-08 06:10:36'),
(916, 'Lalpur S.O', NULL, '6421', 638, '2021-03-08 06:10:36', '2021-03-08 06:10:36'),
(917, 'Baraigram', NULL, '6432', 639, '2021-03-08 06:10:36', '2021-03-08 06:10:36'),
(918, 'Dayarampur', NULL, '6431', 639, '2021-03-08 06:10:37', '2021-03-08 06:10:37'),
(919, 'Harua', NULL, '6430', 639, '2021-03-08 06:10:37', '2021-03-08 06:10:37'),
(920, 'Hatgurudaspur', NULL, '6440', 640, '2021-03-08 06:10:37', '2021-03-08 06:10:37'),
(921, 'Laxman', NULL, '6410', 641, '2021-03-08 06:10:37', '2021-03-08 06:10:37'),
(922, 'Baiddyabal Gharia', NULL, '6402', 353, '2021-03-08 06:10:37', '2021-03-08 06:10:37'),
(923, 'Digapatia', NULL, '6401', 353, '2021-03-08 06:10:38', '2021-03-08 06:10:38'),
(924, 'Madhnagar', NULL, '6403', 353, '2021-03-08 06:10:38', '2021-03-08 06:10:38'),
(925, 'Natore Sadar', NULL, '6400', 353, '2021-03-08 06:10:38', '2021-03-08 06:10:38'),
(926, 'Singra', NULL, '6450', 642, '2021-03-08 06:10:38', '2021-03-08 06:10:38'),
(927, 'Banwarinagar', NULL, '6650', 643, '2021-03-08 06:10:39', '2021-03-08 06:10:39'),
(928, 'Bera', NULL, '6680', 365, '2021-03-08 06:10:39', '2021-03-08 06:10:39'),
(929, 'Kashinathpur', NULL, '6682', 365, '2021-03-08 06:10:39', '2021-03-08 06:10:39'),
(930, 'Nakalia', NULL, '6681', 365, '2021-03-08 06:10:39', '2021-03-08 06:10:39'),
(931, 'Puran Bharenga', NULL, '6683', 365, '2021-03-08 06:10:39', '2021-03-08 06:10:39'),
(932, 'Bhangura', NULL, '6640', 366, '2021-03-08 06:10:39', '2021-03-08 06:10:39'),
(933, 'Chatmohar', NULL, '6630', 367, '2021-03-08 06:10:40', '2021-03-08 06:10:40'),
(934, 'Debottar', NULL, '6610', 644, '2021-03-08 06:10:40', '2021-03-08 06:10:40'),
(935, 'Dhapari', NULL, '6621', 369, '2021-03-08 06:10:40', '2021-03-08 06:10:40'),
(936, 'Ishwardi', NULL, '6620', 369, '2021-03-08 06:10:40', '2021-03-08 06:10:40'),
(937, 'Pakshi', NULL, '6622', 369, '2021-03-08 06:10:40', '2021-03-08 06:10:40'),
(938, 'Rajapur', NULL, '6623', 369, '2021-03-08 06:10:40', '2021-03-08 06:10:40'),
(939, 'Hamayetpur', NULL, '6602', 370, '2021-03-08 06:10:40', '2021-03-08 06:10:40'),
(940, 'Kaliko Cotton Mills', NULL, '6601', 370, '2021-03-08 06:10:41', '2021-03-08 06:10:41'),
(941, 'Pabna Sadar', NULL, '6600', 370, '2021-03-08 06:10:41', '2021-03-08 06:10:41'),
(942, 'Santhia', NULL, '6670', 371, '2021-03-08 06:10:41', '2021-03-08 06:10:41'),
(943, 'Sagarkandi', NULL, '6661', 372, '2021-03-08 06:10:41', '2021-03-08 06:10:41'),
(944, 'Sujanagar', NULL, '6660', 372, '2021-03-08 06:10:41', '2021-03-08 06:10:41'),
(945, 'Arani', NULL, '6281', 373, '2021-03-08 06:10:41', '2021-03-08 06:10:41'),
(946, 'Bagha', NULL, '6280', 373, '2021-03-08 06:10:41', '2021-03-08 06:10:41'),
(947, 'Bhabaniganj', NULL, '6250', 645, '2021-03-08 06:10:42', '2021-03-08 06:10:42'),
(948, 'Taharpur', NULL, '6251', 645, '2021-03-08 06:10:42', '2021-03-08 06:10:42'),
(949, 'Charghat', NULL, '6270', 375, '2021-03-08 06:10:42', '2021-03-08 06:10:42'),
(950, 'Sarda', NULL, '6271', 375, '2021-03-08 06:10:42', '2021-03-08 06:10:42'),
(951, 'Durgapur', NULL, '6240', 376, '2021-03-08 06:10:42', '2021-03-08 06:10:42'),
(952, 'Godagari', NULL, '6290', 377, '2021-03-08 06:10:42', '2021-03-08 06:10:42'),
(953, 'Premtoli', NULL, '6291', 377, '2021-03-08 06:10:43', '2021-03-08 06:10:43'),
(954, 'Khodmohanpur', NULL, '6220', 378, '2021-03-08 06:10:43', '2021-03-08 06:10:43'),
(955, 'Lalitganj', NULL, '6210', 646, '2021-03-08 06:10:43', '2021-03-08 06:10:43'),
(956, 'Rajshahi Sugar Mills', NULL, '6211', 646, '2021-03-08 06:10:43', '2021-03-08 06:10:43'),
(957, 'Shyampur', NULL, '6212', 646, '2021-03-08 06:10:43', '2021-03-08 06:10:43'),
(958, 'Puthia', NULL, '6260', 380, '2021-03-08 06:10:43', '2021-03-08 06:10:43'),
(959, 'Binodpur Bazar', NULL, '6206', 647, '2021-03-08 06:10:44', '2021-03-08 06:10:44'),
(960, 'Ghuramara', NULL, '6100', 647, '2021-03-08 06:10:44', '2021-03-08 06:10:44'),
(961, 'Kazla', NULL, '6204', 647, '2021-03-08 06:10:45', '2021-03-08 06:10:45'),
(962, 'Rajshahi Canttonment', NULL, '6202', 647, '2021-03-08 06:10:45', '2021-03-08 06:10:45'),
(963, 'Rajshahi Court', NULL, '6201', 647, '2021-03-08 06:10:45', '2021-03-08 06:10:45'),
(964, 'Rajshahi Sadar', NULL, '6000', 647, '2021-03-08 06:10:45', '2021-03-08 06:10:45'),
(965, 'Rajshahi University', NULL, '6205', 647, '2021-03-08 06:10:45', '2021-03-08 06:10:45'),
(966, 'Sapura', NULL, '6203', 647, '2021-03-08 06:10:45', '2021-03-08 06:10:45'),
(967, 'Tanore', NULL, '6230', 381, '2021-03-08 06:10:45', '2021-03-08 06:10:45'),
(968, 'Baiddya Jam Toil', NULL, '6730', 648, '2021-03-08 06:10:46', '2021-03-08 06:10:46'),
(969, 'Belkuchi', NULL, '6740', 383, '2021-03-08 06:10:46', '2021-03-08 06:10:46'),
(970, 'Enayetpur', NULL, '6751', 383, '2021-03-08 06:10:46', '2021-03-08 06:10:46'),
(971, 'Rajapur', NULL, '6742', 383, '2021-03-08 06:10:46', '2021-03-08 06:10:46'),
(972, 'Sohagpur', NULL, '6741', 383, '2021-03-08 06:10:46', '2021-03-08 06:10:46'),
(973, 'Sthal', NULL, '6752', 383, '2021-03-08 06:10:46', '2021-03-08 06:10:46'),
(974, 'Dhangora', NULL, '6720', 649, '2021-03-08 06:10:47', '2021-03-08 06:10:47'),
(975, 'Malonga', NULL, '6721', 649, '2021-03-08 06:10:47', '2021-03-08 06:10:47'),
(976, 'Gandail', NULL, '6712', 386, '2021-03-08 06:10:47', '2021-03-08 06:10:47'),
(977, 'Kazipur', NULL, '6710', 386, '2021-03-08 06:10:47', '2021-03-08 06:10:47'),
(978, 'Shuvgachha', NULL, '6711', 386, '2021-03-08 06:10:47', '2021-03-08 06:10:47'),
(979, 'Jamirta', NULL, '6772', 388, '2021-03-08 06:10:48', '2021-03-08 06:10:48'),
(980, 'Kaijuri', NULL, '6773', 388, '2021-03-08 06:10:48', '2021-03-08 06:10:48'),
(981, 'Porjana', NULL, '6771', 388, '2021-03-08 06:10:48', '2021-03-08 06:10:48'),
(982, 'Shahjadpur', NULL, '6770', 388, '2021-03-08 06:10:48', '2021-03-08 06:10:48'),
(983, 'Raipur', NULL, '6701', 382, '2021-03-08 06:10:48', '2021-03-08 06:10:48'),
(984, 'Rashidabad', NULL, '6702', 382, '2021-03-08 06:10:48', '2021-03-08 06:10:48'),
(985, 'Sirajganj Sadar', NULL, '6700', 382, '2021-03-08 06:10:48', '2021-03-08 06:10:48'),
(986, 'Tarash', NULL, '6780', 389, '2021-03-08 06:10:48', '2021-03-08 06:10:48'),
(987, 'Lahiri Mohanpur', NULL, '6762', 390, '2021-03-08 06:10:49', '2021-03-08 06:10:49'),
(988, 'Salap', NULL, '6763', 390, '2021-03-08 06:10:49', '2021-03-08 06:10:49'),
(989, 'Ullahpara', NULL, '6760', 390, '2021-03-08 06:10:49', '2021-03-08 06:10:49'),
(990, 'Ullahpara R.S', NULL, '6761', 390, '2021-03-08 06:10:49', '2021-03-08 06:10:49'),
(991, 'Dewanganj', NULL, '2030', 166, '2021-03-08 06:10:49', '2021-03-08 06:10:49'),
(992, 'Dewanganj S. Mills', NULL, '2031', 166, '2021-03-08 06:10:49', '2021-03-08 06:10:49'),
(993, 'Durmoot', NULL, '2021', 168, '2021-03-08 06:10:50', '2021-03-08 06:10:50'),
(994, 'Gilabari', NULL, '2022', 168, '2021-03-08 06:10:50', '2021-03-08 06:10:50'),
(995, 'Islampur', NULL, '2020', 168, '2021-03-08 06:10:50', '2021-03-08 06:10:50'),
(996, 'Jamalpur', NULL, '2000', 169, '2021-03-08 06:10:50', '2021-03-08 06:10:50'),
(997, 'Nandina', NULL, '2001', 169, '2021-03-08 06:10:50', '2021-03-08 06:10:50'),
(998, 'Narundi', NULL, '2002', 169, '2021-03-08 06:10:50', '2021-03-08 06:10:50'),
(999, 'Jamalpur', NULL, '2011', 171, '2021-03-08 06:10:51', '2021-03-08 06:10:51'),
(1000, 'Mahmoodpur', NULL, '2013', 171, '2021-03-08 06:10:51', '2021-03-08 06:10:51'),
(1001, 'Malancha', NULL, '2012', 171, '2021-03-08 06:10:51', '2021-03-08 06:10:51'),
(1002, 'Melandaha', NULL, '2010', 171, '2021-03-08 06:10:51', '2021-03-08 06:10:51'),
(1003, 'Balijhuri', NULL, '2041', 170, '2021-03-08 06:10:51', '2021-03-08 06:10:51'),
(1004, 'Madarganj', NULL, '2040', 170, '2021-03-08 06:10:51', '2021-03-08 06:10:51'),
(1005, 'Bausee', NULL, '2052', 172, '2021-03-08 06:10:51', '2021-03-08 06:10:51'),
(1006, 'Gunerbari', NULL, '2051', 172, '2021-03-08 06:10:52', '2021-03-08 06:10:52'),
(1007, 'Jagannath Ghat', NULL, '2053', 172, '2021-03-08 06:10:52', '2021-03-08 06:10:52'),
(1008, 'Jamuna Sar Karkhana', NULL, '2055', 172, '2021-03-08 06:10:52', '2021-03-08 06:10:52'),
(1009, 'Pingna', NULL, '2054', 172, '2021-03-08 06:10:52', '2021-03-08 06:10:52'),
(1010, 'Sarishabari', NULL, '2050', 172, '2021-03-08 06:10:52', '2021-03-08 06:10:52'),
(1011, 'Bhaluka', NULL, '2240', 204, '2021-03-08 06:10:52', '2021-03-08 06:10:52'),
(1012, 'Fulbaria', NULL, '2216', 209, '2021-03-08 06:10:53', '2021-03-08 06:10:53'),
(1013, 'Duttarbazar', NULL, '2234', 210, '2021-03-08 06:10:53', '2021-03-08 06:10:53'),
(1014, 'Gaffargaon', NULL, '2230', 210, '2021-03-08 06:10:53', '2021-03-08 06:10:53'),
(1015, 'Kandipara', NULL, '2233', 210, '2021-03-08 06:10:53', '2021-03-08 06:10:53'),
(1016, 'Shibganj', NULL, '2231', 210, '2021-03-08 06:10:53', '2021-03-08 06:10:53'),
(1017, 'Usti', NULL, '2232', 210, '2021-03-08 06:10:53', '2021-03-08 06:10:53'),
(1018, 'Gauripur', NULL, '2270', 211, '2021-03-08 06:10:54', '2021-03-08 06:10:54'),
(1019, 'Ramgopalpur', NULL, '2271', 211, '2021-03-08 06:10:54', '2021-03-08 06:10:54'),
(1020, 'Dhara', NULL, '2261', 206, '2021-03-08 06:10:54', '2021-03-08 06:10:54'),
(1021, 'Haluaghat', NULL, '2260', 206, '2021-03-08 06:10:54', '2021-03-08 06:10:54'),
(1022, 'Munshirhat', NULL, '2262', 206, '2021-03-08 06:10:54', '2021-03-08 06:10:54'),
(1023, 'Atharabari', NULL, '2282', 212, '2021-03-08 06:10:54', '2021-03-08 06:10:54'),
(1024, 'Ishwarganj', NULL, '2280', 212, '2021-03-08 06:10:54', '2021-03-08 06:10:54'),
(1025, 'Sohagi', NULL, '2281', 212, '2021-03-08 06:10:55', '2021-03-08 06:10:55'),
(1026, 'Muktagachha', NULL, '2210', 207, '2021-03-08 06:10:55', '2021-03-08 06:10:55'),
(1027, 'Agriculture Universi', NULL, '2202', 213, '2021-03-08 06:10:55', '2021-03-08 06:10:55'),
(1028, 'Biddyaganj', NULL, '2204', 213, '2021-03-08 06:10:56', '2021-03-08 06:10:56'),
(1029, 'Kawatkhali', NULL, '2201', 213, '2021-03-08 06:10:56', '2021-03-08 06:10:56'),
(1030, 'Mymensingh Sadar', NULL, '2200', 213, '2021-03-08 06:10:56', '2021-03-08 06:10:56'),
(1031, 'Pearpur', NULL, '2205', 213, '2021-03-08 06:10:56', '2021-03-08 06:10:56'),
(1032, 'Shombhuganj', NULL, '2203', 213, '2021-03-08 06:10:56', '2021-03-08 06:10:56'),
(1033, 'Gangail', NULL, '2291', 214, '2021-03-08 06:10:56', '2021-03-08 06:10:56'),
(1034, 'Nandail', NULL, '2290', 214, '2021-03-08 06:10:57', '2021-03-08 06:10:57'),
(1035, 'Beltia', NULL, '2251', 215, '2021-03-08 06:10:57', '2021-03-08 06:10:57'),
(1036, 'Phulpur', NULL, '2250', 215, '2021-03-08 06:10:57', '2021-03-08 06:10:57'),
(1037, 'Tarakanda', NULL, '2252', 215, '2021-03-08 06:10:57', '2021-03-08 06:10:57'),
(1038, 'Ahmadbad', NULL, '2221', 205, '2021-03-08 06:10:57', '2021-03-08 06:10:57'),
(1039, 'Dhala', NULL, '2223', 205, '2021-03-08 06:10:57', '2021-03-08 06:10:57'),
(1040, 'Ram Amritaganj', NULL, '2222', 205, '2021-03-08 06:10:57', '2021-03-08 06:10:57'),
(1041, 'Trishal', NULL, '2220', 205, '2021-03-08 06:10:58', '2021-03-08 06:10:58'),
(1042, 'Dhobaura', NULL, '2416', 208, '2021-03-08 06:10:58', '2021-03-08 06:10:58'),
(1043, 'Susnng Durgapur', NULL, '2420', 231, '2021-03-08 06:10:58', '2021-03-08 06:10:58'),
(1044, 'Atpara', NULL, '2470', 229, '2021-03-08 06:10:58', '2021-03-08 06:10:58'),
(1045, 'Barhatta', NULL, '2440', 230, '2021-03-08 06:10:58', '2021-03-08 06:10:58'),
(1046, 'Dharampasha', NULL, '2450', 650, '2021-03-08 06:10:58', '2021-03-08 06:10:58'),
(1047, 'Dhobaura', NULL, '2416', 651, '2021-03-08 06:10:59', '2021-03-08 06:10:59'),
(1048, 'Sakoai', NULL, '2417', 651, '2021-03-08 06:10:59', '2021-03-08 06:10:59'),
(1049, 'Kalmakanda', NULL, '2430', 232, '2021-03-08 06:10:59', '2021-03-08 06:10:59'),
(1050, 'Kendua', NULL, '2480', 228, '2021-03-08 06:10:59', '2021-03-08 06:10:59'),
(1051, 'Khaliajhri', NULL, '2460', 237, '2021-03-08 06:10:59', '2021-03-08 06:10:59'),
(1052, 'Shaldigha', NULL, '2462', 237, '2021-03-08 06:11:00', '2021-03-08 06:11:00'),
(1053, 'Madan', NULL, '2490', 233, '2021-03-08 06:11:00', '2021-03-08 06:11:00'),
(1054, 'Moddoynagar', NULL, '2456', 652, '2021-03-08 06:11:00', '2021-03-08 06:11:00'),
(1055, 'Mohanganj', NULL, '2446', 234, '2021-03-08 06:11:00', '2021-03-08 06:11:00'),
(1056, 'Baikherhati', NULL, '2401', 235, '2021-03-08 06:11:01', '2021-03-08 06:11:01'),
(1057, 'Netrakona Sadar', NULL, '2400', 235, '2021-03-08 06:11:01', '2021-03-08 06:11:01'),
(1058, 'Jaria Jhanjhail', NULL, '2412', 653, '2021-03-08 06:11:01', '2021-03-08 06:11:01'),
(1059, 'Purbadhola', NULL, '2410', 653, '2021-03-08 06:11:01', '2021-03-08 06:11:01'),
(1060, 'Shamgonj', NULL, '2411', 653, '2021-03-08 06:11:01', '2021-03-08 06:11:01'),
(1061, 'Baksiganj', NULL, '2140', 654, '2021-03-08 06:11:02', '2021-03-08 06:11:02'),
(1062, 'Jhinaigati', NULL, '2120', 655, '2021-03-08 06:11:02', '2021-03-08 06:11:02'),
(1063, 'Gonopaddi', NULL, '2151', 250, '2021-03-08 06:11:02', '2021-03-08 06:11:02'),
(1064, 'Nakla', NULL, '2150', 250, '2021-03-08 06:11:02', '2021-03-08 06:11:02'),
(1065, 'Hatibandha', NULL, '2111', 251, '2021-03-08 06:11:02', '2021-03-08 06:11:02'),
(1066, 'Nalitabari', NULL, '2110', 251, '2021-03-08 06:11:02', '2021-03-08 06:11:02'),
(1067, 'Sherpur Shadar', NULL, '2100', 656, '2021-03-08 06:11:02', '2021-03-08 06:11:02'),
(1068, 'Shribardi', NULL, '2130', 657, '2021-03-08 06:11:03', '2021-03-08 06:11:03'),
(1069, 'Amtali', NULL, '8710', 1, '2021-03-08 06:11:03', '2021-03-08 06:11:03'),
(1070, 'Bamna', NULL, '8730', 2, '2021-03-08 06:11:03', '2021-03-08 06:11:03'),
(1071, 'Barguna Sadar', NULL, '8700', 3, '2021-03-08 06:11:03', '2021-03-08 06:11:03'),
(1072, 'Nali Bandar', NULL, '8701', 3, '2021-03-08 06:11:03', '2021-03-08 06:11:03'),
(1073, 'Betagi', NULL, '8740', 4, '2021-03-08 06:11:03', '2021-03-08 06:11:03'),
(1074, 'Darul Ulam', NULL, '8741', 4, '2021-03-08 06:11:04', '2021-03-08 06:11:04'),
(1075, 'Kakchira', NULL, '8721', 5, '2021-03-08 06:11:04', '2021-03-08 06:11:04'),
(1076, 'Patharghata', NULL, '8720', 5, '2021-03-08 06:11:04', '2021-03-08 06:11:04'),
(1077, 'Agailjhara', NULL, '8240', 9, '2021-03-08 06:11:04', '2021-03-08 06:11:04'),
(1078, 'Gaila', NULL, '8241', 9, '2021-03-08 06:11:04', '2021-03-08 06:11:04'),
(1079, 'Paisarhat', NULL, '8242', 9, '2021-03-08 06:11:04', '2021-03-08 06:11:04'),
(1080, 'Babuganj', NULL, '8210', 8, '2021-03-08 06:11:04', '2021-03-08 06:11:04'),
(1081, 'Barisal Cadet', NULL, '8216', 8, '2021-03-08 06:11:04', '2021-03-08 06:11:04'),
(1082, 'Chandpasha', NULL, '8212', 8, '2021-03-08 06:11:05', '2021-03-08 06:11:05'),
(1083, 'Madhabpasha', NULL, '8213', 8, '2021-03-08 06:11:05', '2021-03-08 06:11:05'),
(1084, 'Nizamuddin College', NULL, '8215', 8, '2021-03-08 06:11:05', '2021-03-08 06:11:05'),
(1085, 'Rahamatpur', NULL, '8211', 8, '2021-03-08 06:11:05', '2021-03-08 06:11:05'),
(1086, 'Thakur Mallik', NULL, '8214', 8, '2021-03-08 06:11:05', '2021-03-08 06:11:05'),
(1087, 'Barajalia', NULL, '8260', 658, '2021-03-08 06:11:06', '2021-03-08 06:11:06'),
(1088, 'Osman Manjil', NULL, '8261', 658, '2021-03-08 06:11:06', '2021-03-08 06:11:06'),
(1089, 'Barisal Sadar', NULL, '8200', 10, '2021-03-08 06:11:06', '2021-03-08 06:11:06'),
(1090, 'Bukhainagar', NULL, '8201', 10, '2021-03-08 06:11:06', '2021-03-08 06:11:06'),
(1091, 'Jaguarhat', NULL, '8206', 10, '2021-03-08 06:11:06', '2021-03-08 06:11:06'),
(1092, 'Kashipur', NULL, '8205', 10, '2021-03-08 06:11:06', '2021-03-08 06:11:06'),
(1093, 'Patang', NULL, '8204', 10, '2021-03-08 06:11:06', '2021-03-08 06:11:06'),
(1094, 'Saheberhat', NULL, '8202', 10, '2021-03-08 06:11:06', '2021-03-08 06:11:06'),
(1095, 'Sugandia', NULL, '8203', 10, '2021-03-08 06:11:07', '2021-03-08 06:11:07'),
(1096, 'Batajor', NULL, '8233', 13, '2021-03-08 06:11:07', '2021-03-08 06:11:07'),
(1097, 'Gaurnadi', NULL, '8230', 13, '2021-03-08 06:11:07', '2021-03-08 06:11:07'),
(1098, 'Kashemabad', NULL, '8232', 13, '2021-03-08 06:11:07', '2021-03-08 06:11:07'),
(1099, 'Tarki Bandar', NULL, '8231', 13, '2021-03-08 06:11:07', '2021-03-08 06:11:07'),
(1100, 'Langutia', NULL, '8274', 659, '2021-03-08 06:11:07', '2021-03-08 06:11:07'),
(1101, 'Laskarpur', NULL, '8271', 659, '2021-03-08 06:11:07', '2021-03-08 06:11:07'),
(1102, 'Mahendiganj', NULL, '8270', 659, '2021-03-08 06:11:07', '2021-03-08 06:11:07'),
(1103, 'Nalgora', NULL, '8273', 659, '2021-03-08 06:11:08', '2021-03-08 06:11:08'),
(1104, 'Ulania', NULL, '8272', 659, '2021-03-08 06:11:08', '2021-03-08 06:11:08'),
(1105, 'Charkalekhan', NULL, '8252', 7, '2021-03-08 06:11:08', '2021-03-08 06:11:08'),
(1106, 'Kazirchar', NULL, '8251', 7, '2021-03-08 06:11:08', '2021-03-08 06:11:08'),
(1107, 'Muladi', NULL, '8250', 7, '2021-03-08 06:11:08', '2021-03-08 06:11:08'),
(1108, 'Charamandi', NULL, '8281', 660, '2021-03-08 06:11:08', '2021-03-08 06:11:08'),
(1109, 'kalaskati', NULL, '8284', 660, '2021-03-08 06:11:08', '2021-03-08 06:11:08'),
(1110, 'Padri Shibpur', NULL, '8282', 660, '2021-03-08 06:11:09', '2021-03-08 06:11:09'),
(1111, 'Sahebganj', NULL, '8280', 660, '2021-03-08 06:11:09', '2021-03-08 06:11:09'),
(1112, 'Shialguni', NULL, '8283', 660, '2021-03-08 06:11:09', '2021-03-08 06:11:09'),
(1113, 'Dakuarhat', NULL, '8223', 661, '2021-03-08 06:11:09', '2021-03-08 06:11:09'),
(1114, 'Dhamura', NULL, '8221', 661, '2021-03-08 06:11:09', '2021-03-08 06:11:09'),
(1115, 'Jugirkanda', NULL, '8222', 661, '2021-03-08 06:11:09', '2021-03-08 06:11:09'),
(1116, 'Shikarpur', NULL, '8224', 661, '2021-03-08 06:11:09', '2021-03-08 06:11:09'),
(1117, 'Uzirpur', NULL, '8220', 661, '2021-03-08 06:11:09', '2021-03-08 06:11:09'),
(1118, 'Bhola Sadar', NULL, '8300', 17, '2021-03-08 06:11:10', '2021-03-08 06:11:10'),
(1119, 'Joynagar', NULL, '8301', 17, '2021-03-08 06:11:10', '2021-03-08 06:11:10'),
(1120, 'Burhanuddin', NULL, '8320', 18, '2021-03-08 06:11:10', '2021-03-08 06:11:10'),
(1121, 'Mirzakalu', NULL, '8321', 18, '2021-03-08 06:11:10', '2021-03-08 06:11:10'),
(1122, 'Char Fasson', NULL, '8340', 19, '2021-03-08 06:11:10', '2021-03-08 06:11:10'),
(1123, 'Dularhat', NULL, '8341', 19, '2021-03-08 06:11:10', '2021-03-08 06:11:10'),
(1124, 'Keramatganj', NULL, '8342', 19, '2021-03-08 06:11:10', '2021-03-08 06:11:10'),
(1125, 'Daulatkhan', NULL, '8310', 20, '2021-03-08 06:11:11', '2021-03-08 06:11:11'),
(1126, 'Hajipur', NULL, '8311', 20, '2021-03-08 06:11:11', '2021-03-08 06:11:11'),
(1127, 'Hajirhat', NULL, '8360', 662, '2021-03-08 06:11:11', '2021-03-08 06:11:11'),
(1128, 'Hatshoshiganj', NULL, '8350', 663, '2021-03-08 06:11:11', '2021-03-08 06:11:11'),
(1129, 'Daurihat', NULL, '8331', 21, '2021-03-08 06:11:11', '2021-03-08 06:11:11'),
(1130, 'Gazaria', NULL, '8332', 21, '2021-03-08 06:11:12', '2021-03-08 06:11:12'),
(1131, 'Lalmohan', NULL, '8330', 21, '2021-03-08 06:11:12', '2021-03-08 06:11:12'),
(1132, 'Baukathi', NULL, '8402', 24, '2021-03-08 06:11:12', '2021-03-08 06:11:12'),
(1133, 'Gabha', NULL, '8403', 24, '2021-03-08 06:11:12', '2021-03-08 06:11:12'),
(1134, 'Jhalokati Sadar', NULL, '8400', 24, '2021-03-08 06:11:12', '2021-03-08 06:11:12'),
(1135, 'Nabagram', NULL, '8401', 24, '2021-03-08 06:11:12', '2021-03-08 06:11:12'),
(1136, 'Shekherhat', NULL, '8404', 24, '2021-03-08 06:11:12', '2021-03-08 06:11:12'),
(1137, 'Amua', NULL, '8431', 25, '2021-03-08 06:11:13', '2021-03-08 06:11:13'),
(1138, 'Kathalia', NULL, '8430', 25, '2021-03-08 06:11:13', '2021-03-08 06:11:13'),
(1139, 'Niamatee', NULL, '8432', 25, '2021-03-08 06:11:13', '2021-03-08 06:11:13'),
(1140, 'Shoulajalia', NULL, '8433', 25, '2021-03-08 06:11:13', '2021-03-08 06:11:13'),
(1141, 'Beerkathi', NULL, '8421', 26, '2021-03-08 06:11:13', '2021-03-08 06:11:13'),
(1142, 'Nalchity', NULL, '8420', 26, '2021-03-08 06:11:13', '2021-03-08 06:11:13'),
(1143, 'Rajapur', NULL, '8410', 27, '2021-03-08 06:11:13', '2021-03-08 06:11:13'),
(1144, 'Bagabandar', NULL, '8621', 28, '2021-03-08 06:11:13', '2021-03-08 06:11:13'),
(1145, 'Bauphal', NULL, '8620', 28, '2021-03-08 06:11:13', '2021-03-08 06:11:13'),
(1146, 'Birpasha', NULL, '8622', 28, '2021-03-08 06:11:14', '2021-03-08 06:11:14'),
(1147, 'Kalaia', NULL, '8624', 28, '2021-03-08 06:11:14', '2021-03-08 06:11:14'),
(1148, 'Kalishari', NULL, '8623', 28, '2021-03-08 06:11:14', '2021-03-08 06:11:14'),
(1149, 'Dashmina', NULL, '8630', 29, '2021-03-08 06:11:14', '2021-03-08 06:11:14'),
(1150, 'Galachipa', NULL, '8640', 30, '2021-03-08 06:11:14', '2021-03-08 06:11:14'),
(1151, 'Gazipur Bandar', NULL, '8641', 30, '2021-03-08 06:11:14', '2021-03-08 06:11:14'),
(1152, 'Khepupara', NULL, '8650', 664, '2021-03-08 06:11:15', '2021-03-08 06:11:15'),
(1153, 'Mahipur', NULL, '8651', 664, '2021-03-08 06:11:15', '2021-03-08 06:11:15'),
(1154, 'Dumkee', NULL, '8602', 33, '2021-03-08 06:11:15', '2021-03-08 06:11:15'),
(1155, 'Moukaran', NULL, '8601', 33, '2021-03-08 06:11:15', '2021-03-08 06:11:15'),
(1156, 'Patuakhali Sadar', NULL, '8600', 33, '2021-03-08 06:11:15', '2021-03-08 06:11:15'),
(1157, 'Rahimabad', NULL, '8603', 33, '2021-03-08 06:11:15', '2021-03-08 06:11:15'),
(1158, 'Subidkhali', NULL, '8610', 665, '2021-03-08 06:11:16', '2021-03-08 06:11:16'),
(1159, 'Banaripara', NULL, '8530', 666, '2021-03-08 06:11:17', '2021-03-08 06:11:17'),
(1160, 'Chakhar', NULL, '8531', 666, '2021-03-08 06:11:17', '2021-03-08 06:11:17'),
(1161, 'Bhandaria', NULL, '8550', 36, '2021-03-08 06:11:17', '2021-03-08 06:11:17'),
(1162, 'Dhaoa', NULL, '8552', 36, '2021-03-08 06:11:17', '2021-03-08 06:11:17'),
(1163, 'Kanudashkathi', NULL, '8551', 36, '2021-03-08 06:11:18', '2021-03-08 06:11:18'),
(1164, 'Jolagati', NULL, '8513', 37, '2021-03-08 06:11:18', '2021-03-08 06:11:18'),
(1165, 'Joykul', NULL, '8512', 37, '2021-03-08 06:11:18', '2021-03-08 06:11:18'),
(1166, 'Kaukhali', NULL, '8510', 37, '2021-03-08 06:11:18', '2021-03-08 06:11:18'),
(1167, 'Keundia', NULL, '8511', 37, '2021-03-08 06:11:18', '2021-03-08 06:11:18'),
(1168, 'Betmor Natun Hat', NULL, '8565', 38, '2021-03-08 06:11:18', '2021-03-08 06:11:18'),
(1169, 'Gulishakhali', NULL, '8563', 38, '2021-03-08 06:11:18', '2021-03-08 06:11:18'),
(1170, 'Halta', NULL, '8562', 38, '2021-03-08 06:11:19', '2021-03-08 06:11:19'),
(1171, 'Mathbaria', NULL, '8560', 38, '2021-03-08 06:11:19', '2021-03-08 06:11:19'),
(1172, 'Shilarganj', NULL, '8566', 38, '2021-03-08 06:11:19', '2021-03-08 06:11:19'),
(1173, 'Tiarkhali', NULL, '8564', 38, '2021-03-08 06:11:19', '2021-03-08 06:11:19'),
(1174, 'Tushkhali', NULL, '8561', 38, '2021-03-08 06:11:19', '2021-03-08 06:11:19'),
(1175, 'Nazirpur', NULL, '8540', 39, '2021-03-08 06:11:19', '2021-03-08 06:11:19'),
(1176, 'Sriramkathi', NULL, '8541', 39, '2021-03-08 06:11:19', '2021-03-08 06:11:19'),
(1177, 'Hularhat', NULL, '8501', 41, '2021-03-08 06:11:20', '2021-03-08 06:11:20'),
(1178, 'Parerhat', NULL, '8502', 41, '2021-03-08 06:11:20', '2021-03-08 06:11:20'),
(1179, 'Pirojpur Sadar', NULL, '8500', 41, '2021-03-08 06:11:20', '2021-03-08 06:11:20'),
(1180, 'Darus Sunnat', NULL, '8521', 667, '2021-03-08 06:11:20', '2021-03-08 06:11:20'),
(1181, 'Jalabari', NULL, '8523', 667, '2021-03-08 06:11:20', '2021-03-08 06:11:20'),
(1182, 'Kaurikhara', NULL, '8522', 667, '2021-03-08 06:11:20', '2021-03-08 06:11:20'),
(1183, 'Swarupkathi', NULL, '8520', 667, '2021-03-08 06:11:21', '2021-03-08 06:11:21'),
(1184, 'Alamdanga', NULL, '7210', 278, '2021-03-08 06:11:21', '2021-03-08 06:11:21'),
(1185, 'Hardi', NULL, '7211', 278, '2021-03-08 06:11:21', '2021-03-08 06:11:21'),
(1186, 'Chuadanga Sadar', NULL, '7200', 276, '2021-03-08 06:11:21', '2021-03-08 06:11:21'),
(1187, 'Munshiganj', NULL, '7201', 276, '2021-03-08 06:11:21', '2021-03-08 06:11:21'),
(1188, 'Andulbaria', NULL, '7222', 275, '2021-03-08 06:11:21', '2021-03-08 06:11:21'),
(1189, 'Damurhuda', NULL, '7220', 275, '2021-03-08 06:11:21', '2021-03-08 06:11:21'),
(1190, 'Darshana', NULL, '7221', 275, '2021-03-08 06:11:21', '2021-03-08 06:11:21'),
(1191, 'Doulatganj', NULL, '7230', 668, '2021-03-08 06:11:22', '2021-03-08 06:11:22'),
(1192, 'Bagerhat Sadar', NULL, '9300', 266, '2021-03-08 06:11:22', '2021-03-08 06:11:22'),
(1193, 'P.C College', NULL, '9301', 266, '2021-03-08 06:11:22', '2021-03-08 06:11:22'),
(1194, 'Rangdia', NULL, '9302', 266, '2021-03-08 06:11:22', '2021-03-08 06:11:22'),
(1195, 'Chalna Ankorage', NULL, '9350', 669, '2021-03-08 06:11:22', '2021-03-08 06:11:22'),
(1196, 'Mongla Port', NULL, '9351', 669, '2021-03-08 06:11:22', '2021-03-08 06:11:22');
INSERT INTO `post_offices` (`id`, `name`, `bn_name`, `code`, `thana_id`, `created_at`, `updated_at`) VALUES
(1197, 'Barabaria', NULL, '9361', 267, '2021-03-08 06:11:22', '2021-03-08 06:11:22'),
(1198, 'Chitalmari', NULL, '9360', 267, '2021-03-08 06:11:23', '2021-03-08 06:11:23'),
(1199, 'Bhanganpar Bazar', NULL, '9372', 268, '2021-03-08 06:11:23', '2021-03-08 06:11:23'),
(1200, 'Fakirhat', NULL, '9370', 268, '2021-03-08 06:11:23', '2021-03-08 06:11:23'),
(1201, 'Mansa', NULL, '9371', 268, '2021-03-08 06:11:23', '2021-03-08 06:11:23'),
(1202, 'Kachua', NULL, '9310', 269, '2021-03-08 06:11:23', '2021-03-08 06:11:23'),
(1203, 'Sonarkola', NULL, '9311', 269, '2021-03-08 06:11:23', '2021-03-08 06:11:23'),
(1204, 'Charkulia', NULL, '9383', 270, '2021-03-08 06:11:23', '2021-03-08 06:11:23'),
(1205, 'Dariala', NULL, '9382', 270, '2021-03-08 06:11:23', '2021-03-08 06:11:23'),
(1206, 'Kahalpur', NULL, '9381', 270, '2021-03-08 06:11:24', '2021-03-08 06:11:24'),
(1207, 'Mollahat', NULL, '9380', 270, '2021-03-08 06:11:24', '2021-03-08 06:11:24'),
(1208, 'Nagarkandi', NULL, '9384', 270, '2021-03-08 06:11:24', '2021-03-08 06:11:24'),
(1209, 'Pak Gangni', NULL, '9385', 270, '2021-03-08 06:11:24', '2021-03-08 06:11:24'),
(1210, 'Morrelganj', NULL, '9320', 272, '2021-03-08 06:11:24', '2021-03-08 06:11:24'),
(1211, 'Sannasi Bazar', NULL, '9321', 272, '2021-03-08 06:11:24', '2021-03-08 06:11:24'),
(1212, 'Telisatee', NULL, '9322', 272, '2021-03-08 06:11:24', '2021-03-08 06:11:24'),
(1213, 'Foylahat', NULL, '9341', 273, '2021-03-08 06:11:24', '2021-03-08 06:11:24'),
(1214, 'Gourambha', NULL, '9343', 273, '2021-03-08 06:11:25', '2021-03-08 06:11:25'),
(1215, 'Rampal', NULL, '9340', 273, '2021-03-08 06:11:25', '2021-03-08 06:11:25'),
(1216, 'Sonatunia', NULL, '9342', 273, '2021-03-08 06:11:25', '2021-03-08 06:11:25'),
(1217, 'Rayenda', NULL, '9330', 670, '2021-03-08 06:11:25', '2021-03-08 06:11:25'),
(1218, 'Bagherpara', NULL, '7470', 281, '2021-03-08 06:11:25', '2021-03-08 06:11:25'),
(1219, 'Gouranagar', NULL, '7471', 281, '2021-03-08 06:11:25', '2021-03-08 06:11:25'),
(1220, 'Chougachha', NULL, '7410', 283, '2021-03-08 06:11:25', '2021-03-08 06:11:25'),
(1221, 'Basundia', NULL, '7406', 282, '2021-03-08 06:11:25', '2021-03-08 06:11:25'),
(1222, 'Chanchra', NULL, '7402', 282, '2021-03-08 06:11:26', '2021-03-08 06:11:26'),
(1223, 'Churamankathi', NULL, '7407', 282, '2021-03-08 06:11:26', '2021-03-08 06:11:26'),
(1224, 'Jessore Airbach', NULL, '7404', 282, '2021-03-08 06:11:26', '2021-03-08 06:11:26'),
(1225, 'Jessore canttonment', NULL, '7403', 282, '2021-03-08 06:11:26', '2021-03-08 06:11:26'),
(1226, 'Jessore Sadar', NULL, '7400', 282, '2021-03-08 06:11:26', '2021-03-08 06:11:26'),
(1227, 'Jessore Upa-Shahar', NULL, '7401', 282, '2021-03-08 06:11:26', '2021-03-08 06:11:26'),
(1228, 'Rupdia', NULL, '7405', 282, '2021-03-08 06:11:26', '2021-03-08 06:11:26'),
(1229, 'Jhikargachha', NULL, '7420', 285, '2021-03-08 06:11:27', '2021-03-08 06:11:27'),
(1230, 'Keshobpur', NULL, '7450', 280, '2021-03-08 06:11:27', '2021-03-08 06:11:27'),
(1231, 'Manirampur', NULL, '7440', 284, '2021-03-08 06:11:27', '2021-03-08 06:11:27'),
(1232, 'Bhugilhat', NULL, '7462', 671, '2021-03-08 06:11:27', '2021-03-08 06:11:27'),
(1233, 'Noapara', NULL, '7460', 671, '2021-03-08 06:11:27', '2021-03-08 06:11:27'),
(1234, 'Rajghat', NULL, '7461', 671, '2021-03-08 06:11:28', '2021-03-08 06:11:28'),
(1235, 'Bag Achra', NULL, '7433', 286, '2021-03-08 06:11:28', '2021-03-08 06:11:28'),
(1236, 'Benapole', NULL, '7431', 286, '2021-03-08 06:11:28', '2021-03-08 06:11:28'),
(1237, 'Jadabpur', NULL, '7432', 286, '2021-03-08 06:11:28', '2021-03-08 06:11:28'),
(1238, 'Sharsha', NULL, '7430', 286, '2021-03-08 06:11:28', '2021-03-08 06:11:28'),
(1239, 'Harinakunda', NULL, '7310', 292, '2021-03-08 06:11:29', '2021-03-08 06:11:29'),
(1240, 'Jhenaidah Cadet College', NULL, '7301', 287, '2021-03-08 06:11:29', '2021-03-08 06:11:29'),
(1241, 'Jhenaidah Sadar', NULL, '7300', 287, '2021-03-08 06:11:29', '2021-03-08 06:11:29'),
(1242, 'Kotchandpur', NULL, '7330', 290, '2021-03-08 06:11:29', '2021-03-08 06:11:29'),
(1243, 'Maheshpur', NULL, '7340', 288, '2021-03-08 06:11:29', '2021-03-08 06:11:29'),
(1244, 'Hatbar Bazar', NULL, '7351', 672, '2021-03-08 06:11:29', '2021-03-08 06:11:29'),
(1245, 'Naldanga', NULL, '7350', 672, '2021-03-08 06:11:30', '2021-03-08 06:11:30'),
(1246, 'Kumiradaha', NULL, '7321', 291, '2021-03-08 06:11:30', '2021-03-08 06:11:30'),
(1247, 'Shailkupa', NULL, '7320', 291, '2021-03-08 06:11:30', '2021-03-08 06:11:30'),
(1248, 'Alaipur', NULL, '9240', 673, '2021-03-08 06:11:30', '2021-03-08 06:11:30'),
(1249, 'Belphulia', NULL, '9242', 673, '2021-03-08 06:11:30', '2021-03-08 06:11:30'),
(1250, 'Rupsha', NULL, '9241', 673, '2021-03-08 06:11:30', '2021-03-08 06:11:30'),
(1251, 'Batiaghata', NULL, '9260', 294, '2021-03-08 06:11:31', '2021-03-08 06:11:31'),
(1252, 'Surkalee', NULL, '9261', 294, '2021-03-08 06:11:31', '2021-03-08 06:11:31'),
(1253, 'Bajua', NULL, '9272', 674, '2021-03-08 06:11:31', '2021-03-08 06:11:31'),
(1254, 'Chalna Bazar', NULL, '9270', 674, '2021-03-08 06:11:31', '2021-03-08 06:11:31'),
(1255, 'Dakup', NULL, '9271', 674, '2021-03-08 06:11:31', '2021-03-08 06:11:31'),
(1256, 'Nalian', NULL, '9273', 674, '2021-03-08 06:11:31', '2021-03-08 06:11:31'),
(1257, 'Chandni Mahal', NULL, '9221', 297, '2021-03-08 06:11:32', '2021-03-08 06:11:32'),
(1258, 'Dighalia', NULL, '9220', 297, '2021-03-08 06:11:32', '2021-03-08 06:11:32'),
(1259, 'Gazirhat', NULL, '9224', 297, '2021-03-08 06:11:32', '2021-03-08 06:11:32'),
(1260, 'Ghoshghati', NULL, '9223', 297, '2021-03-08 06:11:32', '2021-03-08 06:11:32'),
(1261, 'Senhati', NULL, '9222', 297, '2021-03-08 06:11:32', '2021-03-08 06:11:32'),
(1262, 'Atra Shilpa Area', NULL, '9207', 576, '2021-03-08 06:11:32', '2021-03-08 06:11:32'),
(1263, 'BIT Khulna', NULL, '9203', 576, '2021-03-08 06:11:32', '2021-03-08 06:11:32'),
(1264, 'Doulatpur', NULL, '9202', 576, '2021-03-08 06:11:33', '2021-03-08 06:11:33'),
(1265, 'Jahanabad Canttonmen', NULL, '9205', 576, '2021-03-08 06:11:33', '2021-03-08 06:11:33'),
(1266, 'Khula Sadar', NULL, '9100', 576, '2021-03-08 06:11:33', '2021-03-08 06:11:33'),
(1267, 'Khulna G.P.O', NULL, '9000', 576, '2021-03-08 06:11:33', '2021-03-08 06:11:33'),
(1268, 'Khulna Shipyard', NULL, '9201', 576, '2021-03-08 06:11:33', '2021-03-08 06:11:33'),
(1269, 'Khulna University', NULL, '9208', 576, '2021-03-08 06:11:33', '2021-03-08 06:11:33'),
(1270, 'Siramani', NULL, '9204', 576, '2021-03-08 06:11:33', '2021-03-08 06:11:33'),
(1271, 'Sonali Jute Mills', NULL, '9206', 576, '2021-03-08 06:11:34', '2021-03-08 06:11:34'),
(1272, 'Amadee', NULL, '9291', 675, '2021-03-08 06:11:34', '2021-03-08 06:11:34'),
(1273, 'Madinabad', NULL, '9290', 675, '2021-03-08 06:11:34', '2021-03-08 06:11:34'),
(1274, 'Chandkhali', NULL, '9284', 299, '2021-03-08 06:11:34', '2021-03-08 06:11:34'),
(1275, 'Garaikhali', NULL, '9285', 299, '2021-03-08 06:11:34', '2021-03-08 06:11:34'),
(1276, 'Godaipur', NULL, '9281', 299, '2021-03-08 06:11:35', '2021-03-08 06:11:35'),
(1277, 'Kapilmoni', NULL, '9282', 299, '2021-03-08 06:11:35', '2021-03-08 06:11:35'),
(1278, 'Katipara', NULL, '9283', 299, '2021-03-08 06:11:35', '2021-03-08 06:11:35'),
(1279, 'Paikgachha', NULL, '9280', 299, '2021-03-08 06:11:35', '2021-03-08 06:11:35'),
(1280, 'Phultala', NULL, '9210', 300, '2021-03-08 06:11:35', '2021-03-08 06:11:35'),
(1281, 'Chuknagar', NULL, '9252', 676, '2021-03-08 06:11:35', '2021-03-08 06:11:35'),
(1282, 'Ghonabanda', NULL, '9251', 676, '2021-03-08 06:11:36', '2021-03-08 06:11:36'),
(1283, 'Sajiara', NULL, '9250', 676, '2021-03-08 06:11:36', '2021-03-08 06:11:36'),
(1284, 'Shahapur', NULL, '9253', 676, '2021-03-08 06:11:36', '2021-03-08 06:11:36'),
(1285, 'Pak Barasat', NULL, '9231', 293, '2021-03-08 06:11:36', '2021-03-08 06:11:36'),
(1286, 'Terokhada', NULL, '9230', 293, '2021-03-08 06:11:36', '2021-03-08 06:11:36'),
(1287, 'Allardarga', NULL, '7042', 306, '2021-03-08 06:11:36', '2021-03-08 06:11:36'),
(1288, 'Bheramara', NULL, '7040', 306, '2021-03-08 06:11:36', '2021-03-08 06:11:36'),
(1289, 'Ganges Bheramara', NULL, '7041', 306, '2021-03-08 06:11:37', '2021-03-08 06:11:37'),
(1290, 'Janipur', NULL, '7020', 677, '2021-03-08 06:11:37', '2021-03-08 06:11:37'),
(1291, 'Khoksa', NULL, '7021', 677, '2021-03-08 06:11:37', '2021-03-08 06:11:37'),
(1292, 'Kumarkhali', NULL, '7010', 303, '2021-03-08 06:11:37', '2021-03-08 06:11:37'),
(1293, 'Panti', NULL, '7011', 303, '2021-03-08 06:11:37', '2021-03-08 06:11:37'),
(1294, 'Islami University', NULL, '7003', 302, '2021-03-08 06:11:37', '2021-03-08 06:11:37'),
(1295, 'Jagati', NULL, '7002', 302, '2021-03-08 06:11:37', '2021-03-08 06:11:37'),
(1296, 'Kushtia Mohini', NULL, '7001', 302, '2021-03-08 06:11:37', '2021-03-08 06:11:37'),
(1297, 'Kushtia Sadar', NULL, '7000', 302, '2021-03-08 06:11:38', '2021-03-08 06:11:38'),
(1298, 'Amla Sadarpur', NULL, '7032', 305, '2021-03-08 06:11:38', '2021-03-08 06:11:38'),
(1299, 'Mirpur', NULL, '7030', 305, '2021-03-08 06:11:38', '2021-03-08 06:11:38'),
(1300, 'Poradaha', NULL, '7031', 305, '2021-03-08 06:11:38', '2021-03-08 06:11:38'),
(1301, 'Khasmathurapur', NULL, '7052', 678, '2021-03-08 06:11:38', '2021-03-08 06:11:38'),
(1302, 'Rafayetpur', NULL, '7050', 678, '2021-03-08 06:11:38', '2021-03-08 06:11:38'),
(1303, 'Taragunia', NULL, '7051', 678, '2021-03-08 06:11:38', '2021-03-08 06:11:38'),
(1304, 'Arpara', NULL, '7620', 679, '2021-03-08 06:11:39', '2021-03-08 06:11:39'),
(1305, 'Magura Sadar', NULL, '7600', 308, '2021-03-08 06:11:39', '2021-03-08 06:11:39'),
(1306, 'Binodpur', NULL, '7631', 309, '2021-03-08 06:11:39', '2021-03-08 06:11:39'),
(1307, 'Mohammadpur', NULL, '7630', 309, '2021-03-08 06:11:39', '2021-03-08 06:11:39'),
(1308, 'Nahata', NULL, '7632', 309, '2021-03-08 06:11:39', '2021-03-08 06:11:39'),
(1309, 'Langalbadh', NULL, '7611', 311, '2021-03-08 06:11:39', '2021-03-08 06:11:39'),
(1310, 'Nachol', NULL, '7612', 311, '2021-03-08 06:11:40', '2021-03-08 06:11:40'),
(1311, 'Sreepur', NULL, '7610', 311, '2021-03-08 06:11:40', '2021-03-08 06:11:40'),
(1312, 'Gangni', NULL, '7110', 312, '2021-03-08 06:11:40', '2021-03-08 06:11:40'),
(1313, 'Amjhupi', NULL, '7101', 314, '2021-03-08 06:11:40', '2021-03-08 06:11:40'),
(1314, 'Amjhupi', NULL, '7152', 314, '2021-03-08 06:11:40', '2021-03-08 06:11:40'),
(1315, 'Meherpur Sadar', NULL, '7100', 314, '2021-03-08 06:11:40', '2021-03-08 06:11:40'),
(1316, 'Mujib Nagar Complex', NULL, '7102', 314, '2021-03-08 06:11:40', '2021-03-08 06:11:40'),
(1317, 'Kalia', NULL, '7520', 317, '2021-03-08 06:11:41', '2021-03-08 06:11:41'),
(1318, 'Baradia', NULL, '7514', 680, '2021-03-08 06:11:41', '2021-03-08 06:11:41'),
(1319, 'Itna', NULL, '7512', 680, '2021-03-08 06:11:41', '2021-03-08 06:11:41'),
(1320, 'Laxmipasha', NULL, '7510', 680, '2021-03-08 06:11:41', '2021-03-08 06:11:41'),
(1321, 'Lohagora', NULL, '7511', 680, '2021-03-08 06:11:41', '2021-03-08 06:11:41'),
(1322, 'Naldi', NULL, '7513', 680, '2021-03-08 06:11:41', '2021-03-08 06:11:41'),
(1323, 'Mohajan', NULL, '7521', 681, '2021-03-08 06:11:42', '2021-03-08 06:11:42'),
(1324, 'Narail Sadar', NULL, '7500', 315, '2021-03-08 06:11:42', '2021-03-08 06:11:42'),
(1325, 'Ratanganj', NULL, '7501', 315, '2021-03-08 06:11:42', '2021-03-08 06:11:42'),
(1326, 'Assasuni', NULL, '9460', 319, '2021-03-08 06:11:42', '2021-03-08 06:11:42'),
(1327, 'Baradal', NULL, '9461', 319, '2021-03-08 06:11:42', '2021-03-08 06:11:42'),
(1328, 'Debhata', NULL, '9430', 320, '2021-03-08 06:11:42', '2021-03-08 06:11:42'),
(1329, 'Gurugram', NULL, '9431', 320, '2021-03-08 06:11:42', '2021-03-08 06:11:42'),
(1330, 'Chandanpur', NULL, '9415', 322, '2021-03-08 06:11:43', '2021-03-08 06:11:43'),
(1331, 'Hamidpur', NULL, '9413', 322, '2021-03-08 06:11:43', '2021-03-08 06:11:43'),
(1332, 'Jhaudanga', NULL, '9412', 322, '2021-03-08 06:11:43', '2021-03-08 06:11:43'),
(1333, 'kalaroa', NULL, '9410', 322, '2021-03-08 06:11:43', '2021-03-08 06:11:43'),
(1334, 'Khordo', NULL, '9414', 322, '2021-03-08 06:11:43', '2021-03-08 06:11:43'),
(1335, 'Murarikati', NULL, '9411', 322, '2021-03-08 06:11:43', '2021-03-08 06:11:43'),
(1336, 'Kaliganj', NULL, '9440', 323, '2021-03-08 06:11:43', '2021-03-08 06:11:43'),
(1337, 'Nalta Mubaroknagar', NULL, '9441', 323, '2021-03-08 06:11:43', '2021-03-08 06:11:43'),
(1338, 'Ratanpur', NULL, '9442', 323, '2021-03-08 06:11:44', '2021-03-08 06:11:44'),
(1339, 'Buri Goalini', NULL, '9453', 682, '2021-03-08 06:11:44', '2021-03-08 06:11:44'),
(1340, 'Gabura', NULL, '9454', 682, '2021-03-08 06:11:44', '2021-03-08 06:11:44'),
(1341, 'Habinagar', NULL, '9455', 682, '2021-03-08 06:11:44', '2021-03-08 06:11:44'),
(1342, 'Nakipur', NULL, '9450', 682, '2021-03-08 06:11:44', '2021-03-08 06:11:44'),
(1343, 'Naobeki', NULL, '9452', 682, '2021-03-08 06:11:44', '2021-03-08 06:11:44'),
(1344, 'Noornagar', NULL, '9451', 682, '2021-03-08 06:11:44', '2021-03-08 06:11:44'),
(1345, 'Budhhat', NULL, '9403', 318, '2021-03-08 06:11:45', '2021-03-08 06:11:45'),
(1346, 'Gunakar kati', NULL, '9402', 318, '2021-03-08 06:11:45', '2021-03-08 06:11:45'),
(1347, 'Satkhira Islamia Acc', NULL, '9401', 318, '2021-03-08 06:11:45', '2021-03-08 06:11:45'),
(1348, 'Satkhira Sadar', NULL, '9400', 318, '2021-03-08 06:11:45', '2021-03-08 06:11:45'),
(1349, 'Patkelghata', NULL, '9421', 321, '2021-03-08 06:11:45', '2021-03-08 06:11:45'),
(1350, 'Tala', NULL, '9420', 321, '2021-03-08 06:11:45', '2021-03-08 06:11:45');

COMMIT;

/*!40101 SET CHARACTER_SET_CLIENT=@OLD_CHARACTER_SET_CLIENT */;
/*!40101 SET CHARACTER_SET_RESULTS=@OLD_CHARACTER_SET_RESULTS */;
/*!40101 SET COLLATION_CONNECTION=@OLD_COLLATION_CONNECTION */;
