-- phpMyAdmin SQL Dump
-- version 4.9.7deb1
-- https://www.phpmyadmin.net/
--
-- Host: localhost:3306
-- Generation Time: Mar 09, 2021 at 08:03 AM
-- Server version: 8.0.23-0ubuntu0.20.10.1
-- PHP Version: 7.4.9

SET SQL_MODE = "NO_AUTO_VALUE_ON_ZERO";
SET AUTOCOMMIT = 0;
START TRANSACTION;
SET time_zone = "+00:00";


/*!40101 SET @OLD_CHARACTER_SET_CLIENT=@@CHARACTER_SET_CLIENT */;
/*!40101 SET @OLD_CHARACTER_SET_RESULTS=@@CHARACTER_SET_RESULTS */;
/*!40101 SET @OLD_COLLATION_CONNECTION=@@COLLATION_CONNECTION */;
/*!40101 SET NAMES utf8mb4 */;

--
-- Database: `geobd_mar9`
--

-- --------------------------------------------------------

--
-- Table structure for table `districts`
--

CREATE TABLE `districts` (
  `id` bigint UNSIGNED NOT NULL,
  `name` varchar(30) COLLATE utf8mb4_unicode_ci NOT NULL,
  `bn_name` varchar(50) COLLATE utf8mb4_unicode_ci DEFAULT NULL,
  `lat` double DEFAULT NULL,
  `lng` double DEFAULT NULL,
  `website` varchar(100) COLLATE utf8mb4_unicode_ci DEFAULT NULL,
  `division_id` bigint UNSIGNED NOT NULL,
  `created_at` timestamp NULL DEFAULT NULL,
  `updated_at` timestamp NULL DEFAULT NULL
) ENGINE=InnoDB DEFAULT CHARSET=utf8mb4 COLLATE=utf8mb4_unicode_ci;

--
-- Dumping data for table `districts`
--

INSERT INTO `districts` (`id`, `name`, `bn_name`, `lat`, `lng`, `website`, `division_id`, `created_at`, `updated_at`) VALUES
(1, 'Dhaka', NULL, NULL, NULL, NULL, 1, '2021-03-09 01:58:54', '2021-03-09 01:58:54'),
(2, 'Faridpur', NULL, NULL, NULL, NULL, 1, '2021-03-09 01:59:02', '2021-03-09 01:59:02'),
(3, 'Gazipur', NULL, NULL, NULL, NULL, 1, '2021-03-09 01:59:04', '2021-03-09 01:59:04'),
(4, 'Gopalganj', NULL, NULL, NULL, NULL, 1, '2021-03-09 01:59:08', '2021-03-09 01:59:08'),
(5, 'Kishoreganj', NULL, NULL, NULL, NULL, 1, '2021-03-09 01:59:10', '2021-03-09 01:59:10'),
(6, 'Madaripur', NULL, NULL, NULL, NULL, 1, '2021-03-09 01:59:14', '2021-03-09 01:59:14'),
(7, 'Manikganj', NULL, NULL, NULL, NULL, 1, '2021-03-09 01:59:16', '2021-03-09 01:59:16'),
(8, 'Munshiganj', NULL, NULL, NULL, NULL, 1, '2021-03-09 01:59:20', '2021-03-09 01:59:20'),
(9, 'Narayanganj', NULL, NULL, NULL, NULL, 1, '2021-03-09 01:59:26', '2021-03-09 01:59:26'),
(10, 'Narsingdi', NULL, NULL, NULL, NULL, 1, '2021-03-09 01:59:31', '2021-03-09 01:59:31'),
(11, 'Rajbari', NULL, NULL, NULL, NULL, 1, '2021-03-09 01:59:34', '2021-03-09 01:59:34'),
(12, 'Shariatpur', NULL, NULL, NULL, NULL, 1, '2021-03-09 01:59:35', '2021-03-09 01:59:35'),
(13, 'Tangail', NULL, NULL, NULL, NULL, 1, '2021-03-09 01:59:37', '2021-03-09 01:59:37'),
(14, 'Habiganj', NULL, NULL, NULL, NULL, 2, '2021-03-09 01:59:44', '2021-03-09 01:59:44'),
(15, 'Moulvibazar', NULL, NULL, NULL, NULL, 2, '2021-03-09 01:59:48', '2021-03-09 01:59:48'),
(16, 'Sunamganj', NULL, NULL, NULL, NULL, 2, '2021-03-09 01:59:52', '2021-03-09 01:59:52'),
(17, 'Sylhet', NULL, NULL, NULL, NULL, 2, '2021-03-09 01:59:56', '2021-03-09 01:59:56'),
(18, 'Bandarban', NULL, NULL, NULL, NULL, 3, '2021-03-09 02:00:05', '2021-03-09 02:00:05'),
(19, 'Brahmanbaria', NULL, NULL, NULL, NULL, 3, '2021-03-09 02:00:07', '2021-03-09 02:00:07'),
(20, 'Chandpur', NULL, NULL, NULL, NULL, 3, '2021-03-09 02:00:12', '2021-03-09 02:00:12'),
(21, 'Chittagong', NULL, NULL, NULL, NULL, 3, '2021-03-09 02:00:16', '2021-03-09 02:00:16'),
(22, 'Comilla', NULL, NULL, NULL, NULL, 3, '2021-03-09 02:00:31', '2021-03-09 02:00:31'),
(23, 'Cox\'s Bazar', NULL, NULL, NULL, NULL, 3, '2021-03-09 02:00:37', '2021-03-09 02:00:37'),
(24, 'Feni', NULL, NULL, NULL, NULL, 3, '2021-03-09 02:00:40', '2021-03-09 02:00:40'),
(25, 'Khagrachari', NULL, NULL, NULL, NULL, 3, '2021-03-09 02:00:43', '2021-03-09 02:00:43'),
(26, 'Lakshmipur', NULL, NULL, NULL, NULL, 3, '2021-03-09 02:00:45', '2021-03-09 02:00:45'),
(27, 'Noakhali', NULL, NULL, NULL, NULL, 3, '2021-03-09 02:00:48', '2021-03-09 02:00:48'),
(28, 'Rangamati', NULL, NULL, NULL, NULL, 3, '2021-03-09 02:00:56', '2021-03-09 02:00:56'),
(29, 'Dinajpur', NULL, NULL, NULL, NULL, 4, '2021-03-09 02:00:59', '2021-03-09 02:00:59'),
(30, 'Gaibandha', NULL, NULL, NULL, NULL, 4, '2021-03-09 02:01:03', '2021-03-09 02:01:03'),
(31, 'Kurigram', NULL, NULL, NULL, NULL, 4, '2021-03-09 02:01:05', '2021-03-09 02:01:05'),
(32, 'Lalmonirhat', NULL, NULL, NULL, NULL, 4, '2021-03-09 02:01:08', '2021-03-09 02:01:08'),
(33, 'Nilphamari', NULL, NULL, NULL, NULL, 4, '2021-03-09 02:01:10', '2021-03-09 02:01:10'),
(34, 'Panchagarh', NULL, NULL, NULL, NULL, 4, '2021-03-09 02:01:12', '2021-03-09 02:01:12'),
(35, 'Rangpur', NULL, NULL, NULL, NULL, 4, '2021-03-09 02:01:13', '2021-03-09 02:01:13'),
(36, 'Thakurgaon', NULL, NULL, NULL, NULL, 4, '2021-03-09 02:01:16', '2021-03-09 02:01:16'),
(37, 'Bogra', NULL, NULL, NULL, NULL, 5, '2021-03-09 02:01:18', '2021-03-09 02:01:18'),
(38, 'Chapainawabganj', NULL, NULL, NULL, NULL, 5, '2021-03-09 02:01:22', '2021-03-09 02:01:22'),
(39, 'Joypurhat', NULL, NULL, NULL, NULL, 5, '2021-03-09 02:01:25', '2021-03-09 02:01:25'),
(40, 'Naogaon', NULL, NULL, NULL, NULL, 5, '2021-03-09 02:01:26', '2021-03-09 02:01:26'),
(41, 'Natore', NULL, NULL, NULL, NULL, 5, '2021-03-09 02:01:30', '2021-03-09 02:01:30'),
(42, 'Pabna', NULL, NULL, NULL, NULL, 5, '2021-03-09 02:01:32', '2021-03-09 02:01:32'),
(43, 'Rajshahi', NULL, NULL, NULL, NULL, 5, '2021-03-09 02:01:36', '2021-03-09 02:01:36'),
(44, 'Sirajganj', NULL, NULL, NULL, NULL, 5, '2021-03-09 02:01:40', '2021-03-09 02:01:40'),
(45, 'Jamalpur', NULL, NULL, NULL, NULL, 6, '2021-03-09 02:01:44', '2021-03-09 02:01:44'),
(46, 'Mymensingh', NULL, NULL, NULL, NULL, 6, '2021-03-09 02:01:47', '2021-03-09 02:01:47'),
(47, 'Netrokona', NULL, NULL, NULL, NULL, 6, '2021-03-09 02:01:52', '2021-03-09 02:01:52'),
(48, 'Sherpur', NULL, NULL, NULL, NULL, 6, '2021-03-09 02:01:57', '2021-03-09 02:01:57'),
(49, 'Barguna', NULL, NULL, NULL, NULL, 7, '2021-03-09 02:01:59', '2021-03-09 02:01:59'),
(50, 'Barisal', NULL, NULL, NULL, NULL, 7, '2021-03-09 02:02:01', '2021-03-09 02:02:01'),
(51, 'Bhola', NULL, NULL, NULL, NULL, 7, '2021-03-09 02:02:07', '2021-03-09 02:02:07'),
(52, 'Jhalokati', NULL, NULL, NULL, NULL, 7, '2021-03-09 02:02:10', '2021-03-09 02:02:10'),
(53, 'Patuakhali', NULL, NULL, NULL, NULL, 7, '2021-03-09 02:02:12', '2021-03-09 02:02:12'),
(54, 'Pirojpur', NULL, NULL, NULL, NULL, 7, '2021-03-09 02:02:15', '2021-03-09 02:02:15'),
(55, 'Chuadanga', NULL, NULL, NULL, NULL, 8, '2021-03-09 02:02:19', '2021-03-09 02:02:19'),
(56, 'Bagerhat', NULL, NULL, NULL, NULL, 8, '2021-03-09 02:02:21', '2021-03-09 02:02:21'),
(57, 'Jessore', NULL, NULL, NULL, NULL, 8, '2021-03-09 02:02:26', '2021-03-09 02:02:26'),
(58, 'Jhenaidah', NULL, NULL, NULL, NULL, 8, '2021-03-09 02:02:29', '2021-03-09 02:02:29'),
(59, 'Khulna', NULL, NULL, NULL, NULL, 8, '2021-03-09 02:02:31', '2021-03-09 02:02:31'),
(60, 'Kushtia', NULL, NULL, NULL, NULL, 8, '2021-03-09 02:02:36', '2021-03-09 02:02:36'),
(61, 'Magura', NULL, NULL, NULL, NULL, 8, '2021-03-09 02:02:39', '2021-03-09 02:02:39'),
(62, 'Meherpur', NULL, NULL, NULL, NULL, 8, '2021-03-09 02:02:41', '2021-03-09 02:02:41'),
(63, 'Narail', NULL, NULL, NULL, NULL, 8, '2021-03-09 02:02:42', '2021-03-09 02:02:42'),
(64, 'Satkhira', NULL, NULL, NULL, NULL, 8, '2021-03-09 02:02:43', '2021-03-09 02:02:43');

-- --------------------------------------------------------

--
-- Table structure for table `divisions`
--

CREATE TABLE `divisions` (
  `id` bigint UNSIGNED NOT NULL,
  `name` varchar(30) COLLATE utf8mb4_unicode_ci NOT NULL,
  `bn_name` varchar(50) COLLATE utf8mb4_unicode_ci DEFAULT NULL,
  `created_at` timestamp NULL DEFAULT NULL,
  `updated_at` timestamp NULL DEFAULT NULL
) ENGINE=InnoDB DEFAULT CHARSET=utf8mb4 COLLATE=utf8mb4_unicode_ci;

--
-- Dumping data for table `divisions`
--

INSERT INTO `divisions` (`id`, `name`, `bn_name`, `created_at`, `updated_at`) VALUES
(1, 'Dhaka', NULL, '2021-03-09 01:58:54', '2021-03-09 01:58:54'),
(2, 'Sylhet', NULL, '2021-03-09 01:59:44', '2021-03-09 01:59:44'),
(3, 'Chittagong', NULL, '2021-03-09 02:00:05', '2021-03-09 02:00:05'),
(4, 'Rangpur', NULL, '2021-03-09 02:00:59', '2021-03-09 02:00:59'),
(5, 'Rajshahi', NULL, '2021-03-09 02:01:18', '2021-03-09 02:01:18'),
(6, 'Mymensingh', NULL, '2021-03-09 02:01:44', '2021-03-09 02:01:44'),
(7, 'Barisal', NULL, '2021-03-09 02:01:59', '2021-03-09 02:01:59'),
(8, 'Khulna', NULL, '2021-03-09 02:02:19', '2021-03-09 02:02:19');

-- --------------------------------------------------------

--
-- Table structure for table `migrations`
--

CREATE TABLE `migrations` (
  `id` int UNSIGNED NOT NULL,
  `migration` varchar(255) COLLATE utf8mb4_unicode_ci NOT NULL,
  `batch` int NOT NULL
) ENGINE=InnoDB DEFAULT CHARSET=utf8mb4 COLLATE=utf8mb4_unicode_ci;

--
-- Dumping data for table `migrations`
--

INSERT INTO `migrations` (`id`, `migration`, `batch`) VALUES
(1, '2021_01_01_000000_create_divisions_table', 1),
(2, '2021_01_01_100000_create_districts_table', 1),
(3, '2021_01_01_200000_create_thanas_table', 1),
(4, '2021_01_01_400000_create_post_offices_table', 1);

-- --------------------------------------------------------

--
-- Table structure for table `post_offices`
--

CREATE TABLE `post_offices` (
  `id` bigint UNSIGNED NOT NULL,
  `name` varchar(30) COLLATE utf8mb4_unicode_ci NOT NULL,
  `bn_name` varchar(50) COLLATE utf8mb4_unicode_ci DEFAULT NULL,
  `code` varchar(10) COLLATE utf8mb4_unicode_ci NOT NULL,
  `thana_id` bigint UNSIGNED NOT NULL,
  `created_at` timestamp NULL DEFAULT NULL,
  `updated_at` timestamp NULL DEFAULT NULL
) ENGINE=InnoDB DEFAULT CHARSET=utf8mb4 COLLATE=utf8mb4_unicode_ci;

--
-- Dumping data for table `post_offices`
--

INSERT INTO `post_offices` (`id`, `name`, `bn_name`, `code`, `thana_id`, `created_at`, `updated_at`) VALUES
(1, 'Demra', NULL, '1360', 1, '2021-03-09 01:58:54', '2021-03-09 01:58:54'),
(2, 'Matuail', NULL, '1362', 1, '2021-03-09 01:58:54', '2021-03-09 01:58:54'),
(3, 'Sarulia', NULL, '1361', 1, '2021-03-09 01:58:54', '2021-03-09 01:58:54'),
(4, 'Dhaka CantonmentTSO', NULL, '1206', 2, '2021-03-09 01:58:55', '2021-03-09 01:58:55'),
(5, 'Dhamrai', NULL, '1350', 3, '2021-03-09 01:58:55', '2021-03-09 01:58:55'),
(6, 'Kamalpur', NULL, '1351', 3, '2021-03-09 01:58:55', '2021-03-09 01:58:55'),
(7, 'Jigatala TSO', NULL, '1209', 4, '2021-03-09 01:58:55', '2021-03-09 01:58:55'),
(8, 'Banani TSO', NULL, '1213', 5, '2021-03-09 01:58:55', '2021-03-09 01:58:55'),
(9, 'Gulshan Model Town', NULL, '1212', 5, '2021-03-09 01:58:55', '2021-03-09 01:58:55'),
(10, 'Dhania TSO', NULL, '1232', 6, '2021-03-09 01:58:56', '2021-03-09 01:58:56'),
(11, 'Joypara', NULL, '1330', 7, '2021-03-09 01:58:56', '2021-03-09 01:58:56'),
(12, 'Narisha', NULL, '1332', 7, '2021-03-09 01:58:56', '2021-03-09 01:58:56'),
(13, 'Palamganj', NULL, '1331', 7, '2021-03-09 01:58:56', '2021-03-09 01:58:56'),
(14, 'Ati', NULL, '1312', 8, '2021-03-09 01:58:56', '2021-03-09 01:58:56'),
(15, 'Dhaka Jute Mills', NULL, '1311', 8, '2021-03-09 01:58:56', '2021-03-09 01:58:56'),
(16, 'Kalatia', NULL, '1313', 8, '2021-03-09 01:58:56', '2021-03-09 01:58:56'),
(17, 'Keraniganj', NULL, '1310', 8, '2021-03-09 01:58:56', '2021-03-09 01:58:56'),
(18, 'KhilgaonTSO', NULL, '1219', 9, '2021-03-09 01:58:57', '2021-03-09 01:58:57'),
(19, 'KhilkhetTSO', NULL, '1229', 10, '2021-03-09 01:58:57', '2021-03-09 01:58:57'),
(20, 'Posta TSO', NULL, '1211', 11, '2021-03-09 01:58:57', '2021-03-09 01:58:57'),
(21, 'Mirpur TSO', NULL, '1216', 12, '2021-03-09 01:58:57', '2021-03-09 01:58:57'),
(22, 'Mohammadpur Housing', NULL, '1207', 13, '2021-03-09 01:58:57', '2021-03-09 01:58:57'),
(23, 'Sangsad BhabanTSO', NULL, '1225', 13, '2021-03-09 01:58:58', '2021-03-09 01:58:58'),
(24, 'BangabhabanTSO', NULL, '1222', 14, '2021-03-09 01:58:58', '2021-03-09 01:58:58'),
(25, 'DilkushaTSO', NULL, '1223', 14, '2021-03-09 01:58:58', '2021-03-09 01:58:58'),
(26, 'Agla', NULL, '1323', 15, '2021-03-09 01:58:58', '2021-03-09 01:58:58'),
(27, 'Churain', NULL, '1325', 15, '2021-03-09 01:58:58', '2021-03-09 01:58:58'),
(28, 'Daudpur', NULL, '1322', 15, '2021-03-09 01:58:58', '2021-03-09 01:58:58'),
(29, 'Hasnabad', NULL, '1321', 15, '2021-03-09 01:58:58', '2021-03-09 01:58:58'),
(30, 'Khalpar', NULL, '1324', 15, '2021-03-09 01:58:58', '2021-03-09 01:58:58'),
(31, 'Nawabganj', NULL, '1320', 15, '2021-03-09 01:58:59', '2021-03-09 01:58:59'),
(32, 'New Market TSO', NULL, '1205', 16, '2021-03-09 01:58:59', '2021-03-09 01:58:59'),
(33, 'Dhaka GPO', NULL, '1000', 17, '2021-03-09 01:58:59', '2021-03-09 01:58:59'),
(34, 'Shantinagr TSO', NULL, '1217', 18, '2021-03-09 01:58:59', '2021-03-09 01:58:59'),
(35, 'Basabo TSO', NULL, '1214', 19, '2021-03-09 01:58:59', '2021-03-09 01:58:59'),
(36, 'Amin Bazar', NULL, '1348', 20, '2021-03-09 01:59:00', '2021-03-09 01:59:00'),
(37, 'Dairy Farm', NULL, '1341', 20, '2021-03-09 01:59:00', '2021-03-09 01:59:00'),
(38, 'EPZ', NULL, '1349', 20, '2021-03-09 01:59:00', '2021-03-09 01:59:00'),
(39, 'Jahangirnagar Univer', NULL, '1342', 20, '2021-03-09 01:59:00', '2021-03-09 01:59:00'),
(40, 'Kashem Cotton Mills', NULL, '1346', 20, '2021-03-09 01:59:00', '2021-03-09 01:59:00'),
(41, 'Rajphulbaria', NULL, '1347', 20, '2021-03-09 01:59:00', '2021-03-09 01:59:00'),
(42, 'Savar', NULL, '1340', 20, '2021-03-09 01:59:00', '2021-03-09 01:59:00'),
(43, 'Savar Canttonment', NULL, '1344', 20, '2021-03-09 01:59:00', '2021-03-09 01:59:00'),
(44, 'Saver P.A.T.C', NULL, '1343', 20, '2021-03-09 01:59:00', '2021-03-09 01:59:00'),
(45, 'Shimulia', NULL, '1345', 20, '2021-03-09 01:59:00', '2021-03-09 01:59:00'),
(46, 'Dhaka Sadar HO', NULL, '1100', 21, '2021-03-09 01:59:01', '2021-03-09 01:59:01'),
(47, 'Gendaria TSO', NULL, '1204', 21, '2021-03-09 01:59:01', '2021-03-09 01:59:01'),
(48, 'Wari TSO', NULL, '1203', 21, '2021-03-09 01:59:01', '2021-03-09 01:59:01'),
(49, 'Tejgaon TSO', NULL, '1215', 22, '2021-03-09 01:59:01', '2021-03-09 01:59:01'),
(50, 'Dhaka Politechnic', NULL, '1208', 23, '2021-03-09 01:59:01', '2021-03-09 01:59:01'),
(51, 'Uttara Model TwonTSO', NULL, '1230', 24, '2021-03-09 01:59:02', '2021-03-09 01:59:02'),
(52, 'Alfadanga', NULL, '7870', 25, '2021-03-09 01:59:02', '2021-03-09 01:59:02'),
(53, 'Bhanga', NULL, '7830', 26, '2021-03-09 01:59:02', '2021-03-09 01:59:02'),
(54, 'Boalmari', NULL, '7860', 27, '2021-03-09 01:59:02', '2021-03-09 01:59:02'),
(55, 'Rupatpat', NULL, '7861', 27, '2021-03-09 01:59:02', '2021-03-09 01:59:02'),
(56, 'Charbadrashan', NULL, '7810', 28, '2021-03-09 01:59:03', '2021-03-09 01:59:03'),
(57, 'Ambikapur', NULL, '7802', 29, '2021-03-09 01:59:03', '2021-03-09 01:59:03'),
(58, 'Baitulaman Politecni', NULL, '7803', 29, '2021-03-09 01:59:03', '2021-03-09 01:59:03'),
(59, 'Faridpursadar', NULL, '7800', 29, '2021-03-09 01:59:03', '2021-03-09 01:59:03'),
(60, 'Kanaipur', NULL, '7801', 29, '2021-03-09 01:59:03', '2021-03-09 01:59:03'),
(61, 'Kamarkali', NULL, '7851', 30, '2021-03-09 01:59:03', '2021-03-09 01:59:03'),
(62, 'Madhukhali', NULL, '7850', 30, '2021-03-09 01:59:03', '2021-03-09 01:59:03'),
(63, 'Nagarkanda', NULL, '7840', 31, '2021-03-09 01:59:04', '2021-03-09 01:59:04'),
(64, 'Talma', NULL, '7841', 31, '2021-03-09 01:59:04', '2021-03-09 01:59:04'),
(65, 'Bishwa jaker Manjil', NULL, '7822', 32, '2021-03-09 01:59:04', '2021-03-09 01:59:04'),
(66, 'Hat Krishapur', NULL, '7821', 32, '2021-03-09 01:59:04', '2021-03-09 01:59:04'),
(67, 'Sadarpur', NULL, '7820', 32, '2021-03-09 01:59:04', '2021-03-09 01:59:04'),
(68, 'Shriangan', NULL, '7804', 33, '2021-03-09 01:59:04', '2021-03-09 01:59:04'),
(69, 'B.O.F', NULL, '1703', 34, '2021-03-09 01:59:05', '2021-03-09 01:59:05'),
(70, 'B.R.R', NULL, '1701', 34, '2021-03-09 01:59:05', '2021-03-09 01:59:05'),
(71, 'Chandna', NULL, '1702', 34, '2021-03-09 01:59:05', '2021-03-09 01:59:05'),
(72, 'Gazipur Sadar', NULL, '1700', 34, '2021-03-09 01:59:05', '2021-03-09 01:59:05'),
(73, 'National University', NULL, '1704', 34, '2021-03-09 01:59:05', '2021-03-09 01:59:05'),
(74, 'Kaliakior', NULL, '1750', 35, '2021-03-09 01:59:05', '2021-03-09 01:59:05'),
(75, 'Safipur', NULL, '1751', 35, '2021-03-09 01:59:05', '2021-03-09 01:59:05'),
(76, 'Kaliganj', NULL, '1720', 36, '2021-03-09 01:59:06', '2021-03-09 01:59:06'),
(77, 'Pubail', NULL, '1721', 36, '2021-03-09 01:59:06', '2021-03-09 01:59:06'),
(78, 'Santanpara', NULL, '1722', 36, '2021-03-09 01:59:06', '2021-03-09 01:59:06'),
(79, 'Vaoal Jamalpur', NULL, '1723', 36, '2021-03-09 01:59:06', '2021-03-09 01:59:06'),
(80, 'Kapasia', NULL, '1730', 37, '2021-03-09 01:59:06', '2021-03-09 01:59:06'),
(81, 'Ershad Nagar', NULL, '1712', 38, '2021-03-09 01:59:06', '2021-03-09 01:59:06'),
(82, 'Monnunagar', NULL, '1710', 38, '2021-03-09 01:59:06', '2021-03-09 01:59:06'),
(83, 'Nishat Nagar', NULL, '1711', 38, '2021-03-09 01:59:07', '2021-03-09 01:59:07'),
(84, 'Barmi', NULL, '1743', 39, '2021-03-09 01:59:07', '2021-03-09 01:59:07'),
(85, 'Bashamur', NULL, '1747', 39, '2021-03-09 01:59:07', '2021-03-09 01:59:07'),
(86, 'Boubi', NULL, '1748', 39, '2021-03-09 01:59:07', '2021-03-09 01:59:07'),
(87, 'Kawraid', NULL, '1745', 39, '2021-03-09 01:59:07', '2021-03-09 01:59:07'),
(88, 'Satkhamair', NULL, '1744', 39, '2021-03-09 01:59:07', '2021-03-09 01:59:07'),
(89, 'Sripur', NULL, '1740', 39, '2021-03-09 01:59:07', '2021-03-09 01:59:07'),
(90, 'Rajendrapur', NULL, '1741', 39, '2021-03-09 01:59:07', '2021-03-09 01:59:07'),
(91, 'Rajendrapur Canttome', NULL, '1742', 39, '2021-03-09 01:59:08', '2021-03-09 01:59:08'),
(92, 'Barfa', NULL, '8102', 40, '2021-03-09 01:59:08', '2021-03-09 01:59:08'),
(93, 'Chandradighalia', NULL, '8013', 40, '2021-03-09 01:59:08', '2021-03-09 01:59:08'),
(94, 'Gopalganj Sadar', NULL, '8100', 40, '2021-03-09 01:59:08', '2021-03-09 01:59:08'),
(95, 'Ulpur', NULL, '8101', 40, '2021-03-09 01:59:08', '2021-03-09 01:59:08'),
(96, 'Jonapur', NULL, '8133', 41, '2021-03-09 01:59:08', '2021-03-09 01:59:08'),
(97, 'Kashiani', NULL, '8130', 41, '2021-03-09 01:59:08', '2021-03-09 01:59:08'),
(98, 'Ramdia College', NULL, '8131', 41, '2021-03-09 01:59:09', '2021-03-09 01:59:09'),
(99, 'Ratoil', NULL, '8132', 41, '2021-03-09 01:59:09', '2021-03-09 01:59:09'),
(100, 'Kotalipara', NULL, '8110', 42, '2021-03-09 01:59:09', '2021-03-09 01:59:09'),
(101, 'Batkiamari', NULL, '8141', 43, '2021-03-09 01:59:09', '2021-03-09 01:59:09'),
(102, 'Khandarpara', NULL, '8142', 43, '2021-03-09 01:59:09', '2021-03-09 01:59:09'),
(103, 'Muksudpur', NULL, '8140', 43, '2021-03-09 01:59:09', '2021-03-09 01:59:09'),
(104, 'Patgati', NULL, '8121', 44, '2021-03-09 01:59:10', '2021-03-09 01:59:10'),
(105, 'Tungipara', NULL, '8120', 44, '2021-03-09 01:59:10', '2021-03-09 01:59:10'),
(106, 'Bajitpur', NULL, '2336', 45, '2021-03-09 01:59:10', '2021-03-09 01:59:10'),
(107, 'Laksmipur', NULL, '2338', 45, '2021-03-09 01:59:10', '2021-03-09 01:59:10'),
(108, 'Sararchar', NULL, '2337', 45, '2021-03-09 01:59:10', '2021-03-09 01:59:10'),
(109, 'Bhairab', NULL, '2350', 46, '2021-03-09 01:59:11', '2021-03-09 01:59:11'),
(110, 'Hossenpur', NULL, '2320', 47, '2021-03-09 01:59:11', '2021-03-09 01:59:11'),
(111, 'Itna', NULL, '2390', 48, '2021-03-09 01:59:11', '2021-03-09 01:59:11'),
(112, 'Karimganj', NULL, '2310', 49, '2021-03-09 01:59:11', '2021-03-09 01:59:11'),
(113, 'Gochhihata', NULL, '2331', 50, '2021-03-09 01:59:11', '2021-03-09 01:59:11'),
(114, 'Katiadi', NULL, '2330', 50, '2021-03-09 01:59:12', '2021-03-09 01:59:12'),
(115, 'Kishoreganj S.Mills', NULL, '2301', 51, '2021-03-09 01:59:12', '2021-03-09 01:59:12'),
(116, 'Kishoreganj Sadar', NULL, '2300', 51, '2021-03-09 01:59:12', '2021-03-09 01:59:12'),
(117, 'Maizhati', NULL, '2302', 51, '2021-03-09 01:59:12', '2021-03-09 01:59:12'),
(118, 'Nilganj', NULL, '2303', 51, '2021-03-09 01:59:12', '2021-03-09 01:59:12'),
(119, 'Chhoysuti', NULL, '2341', 52, '2021-03-09 01:59:12', '2021-03-09 01:59:12'),
(120, 'Kuliarchar', NULL, '2340', 52, '2021-03-09 01:59:12', '2021-03-09 01:59:12'),
(121, 'Abdullahpur', NULL, '2371', 53, '2021-03-09 01:59:13', '2021-03-09 01:59:13'),
(122, 'Mithamain', NULL, '2370', 53, '2021-03-09 01:59:13', '2021-03-09 01:59:13'),
(123, 'Nikli', NULL, '2360', 54, '2021-03-09 01:59:13', '2021-03-09 01:59:13'),
(124, 'Ostagram', NULL, '2380', 55, '2021-03-09 01:59:13', '2021-03-09 01:59:13'),
(125, 'Pakundia', NULL, '2326', 56, '2021-03-09 01:59:13', '2021-03-09 01:59:13'),
(126, 'Tarail', NULL, '2316', 57, '2021-03-09 01:59:14', '2021-03-09 01:59:14'),
(127, 'Bahadurpur', NULL, '7932', 58, '2021-03-09 01:59:14', '2021-03-09 01:59:14'),
(128, 'Barhamganj', NULL, '7930', 58, '2021-03-09 01:59:14', '2021-03-09 01:59:14'),
(129, 'Nilaksmibandar', NULL, '7931', 58, '2021-03-09 01:59:14', '2021-03-09 01:59:14'),
(130, 'Umedpur', NULL, '7933', 58, '2021-03-09 01:59:14', '2021-03-09 01:59:14'),
(131, 'Kalkini', NULL, '7920', 59, '2021-03-09 01:59:15', '2021-03-09 01:59:15'),
(132, 'Sahabrampur', NULL, '7921', 59, '2021-03-09 01:59:15', '2021-03-09 01:59:15'),
(133, 'Charmugria', NULL, '7901', 60, '2021-03-09 01:59:15', '2021-03-09 01:59:15'),
(134, 'Habiganj', NULL, '7903', 60, '2021-03-09 01:59:15', '2021-03-09 01:59:15'),
(135, 'Kulpaddi', NULL, '7902', 60, '2021-03-09 01:59:15', '2021-03-09 01:59:15'),
(136, 'Madaripur Sadar', NULL, '7900', 60, '2021-03-09 01:59:16', '2021-03-09 01:59:16'),
(137, 'Mustafapur', NULL, '7904', 60, '2021-03-09 01:59:16', '2021-03-09 01:59:16'),
(138, 'Khalia', NULL, '7911', 61, '2021-03-09 01:59:16', '2021-03-09 01:59:16'),
(139, 'Rajoir', NULL, '7910', 61, '2021-03-09 01:59:16', '2021-03-09 01:59:16'),
(140, 'Daulatpur', NULL, '1860', 62, '2021-03-09 01:59:16', '2021-03-09 01:59:16'),
(141, 'Ghior', NULL, '1840', 63, '2021-03-09 01:59:17', '2021-03-09 01:59:17'),
(142, 'Jhitka', NULL, '1831', 64, '2021-03-09 01:59:17', '2021-03-09 01:59:17'),
(143, 'Lechhraganj', NULL, '1830', 64, '2021-03-09 01:59:17', '2021-03-09 01:59:17'),
(144, 'Barangail', NULL, '1804', 65, '2021-03-09 01:59:17', '2021-03-09 01:59:17'),
(145, 'Gorpara', NULL, '1802', 65, '2021-03-09 01:59:17', '2021-03-09 01:59:17'),
(146, 'Mahadebpur', NULL, '1803', 65, '2021-03-09 01:59:17', '2021-03-09 01:59:17'),
(147, 'Manikganj Bazar', NULL, '1801', 65, '2021-03-09 01:59:18', '2021-03-09 01:59:18'),
(148, 'Manikganj Sadar', NULL, '1800', 65, '2021-03-09 01:59:18', '2021-03-09 01:59:18'),
(149, 'Baliati', NULL, '1811', 66, '2021-03-09 01:59:18', '2021-03-09 01:59:18'),
(150, 'Saturia', NULL, '1810', 66, '2021-03-09 01:59:18', '2021-03-09 01:59:18'),
(151, 'Aricha', NULL, '1851', 67, '2021-03-09 01:59:18', '2021-03-09 01:59:18'),
(152, 'Shibaloy', NULL, '1850', 67, '2021-03-09 01:59:19', '2021-03-09 01:59:19'),
(153, 'Tewta', NULL, '1852', 67, '2021-03-09 01:59:19', '2021-03-09 01:59:19'),
(154, 'Uthli', NULL, '1853', 67, '2021-03-09 01:59:19', '2021-03-09 01:59:19'),
(155, 'Baira', NULL, '1821', 68, '2021-03-09 01:59:19', '2021-03-09 01:59:19'),
(156, 'joymantop', NULL, '1822', 68, '2021-03-09 01:59:19', '2021-03-09 01:59:19'),
(157, 'Singair', NULL, '1820', 68, '2021-03-09 01:59:20', '2021-03-09 01:59:20'),
(158, 'Gazaria', NULL, '1510', 69, '2021-03-09 01:59:20', '2021-03-09 01:59:20'),
(159, 'Hossendi', NULL, '1511', 69, '2021-03-09 01:59:20', '2021-03-09 01:59:20'),
(160, 'Rasulpur', NULL, '1512', 69, '2021-03-09 01:59:20', '2021-03-09 01:59:20'),
(161, 'Gouragonj', NULL, '1334', 70, '2021-03-09 01:59:21', '2021-03-09 01:59:21'),
(162, 'Gouragonj', NULL, '1534', 70, '2021-03-09 01:59:21', '2021-03-09 01:59:21'),
(163, 'Haldia SO', NULL, '1532', 70, '2021-03-09 01:59:21', '2021-03-09 01:59:21'),
(164, 'Haridia', NULL, '1333', 70, '2021-03-09 01:59:21', '2021-03-09 01:59:21'),
(165, 'Haridia DESO', NULL, '1533', 70, '2021-03-09 01:59:21', '2021-03-09 01:59:21'),
(166, 'Korhati', NULL, '1531', 70, '2021-03-09 01:59:22', '2021-03-09 01:59:22'),
(167, 'Lohajang', NULL, '1530', 70, '2021-03-09 01:59:22', '2021-03-09 01:59:22'),
(168, 'Madini Mandal', NULL, '1335', 70, '2021-03-09 01:59:22', '2021-03-09 01:59:22'),
(169, 'Medini Mandal EDSO', NULL, '1535', 70, '2021-03-09 01:59:22', '2021-03-09 01:59:22'),
(170, 'Kathakhali', NULL, '1503', 71, '2021-03-09 01:59:22', '2021-03-09 01:59:22'),
(171, 'Mirkadim', NULL, '1502', 71, '2021-03-09 01:59:23', '2021-03-09 01:59:23'),
(172, 'Munshiganj Sadar', NULL, '1500', 71, '2021-03-09 01:59:23', '2021-03-09 01:59:23'),
(173, 'Rikabibazar', NULL, '1501', 71, '2021-03-09 01:59:23', '2021-03-09 01:59:23'),
(174, 'Ichapur', NULL, '1542', 72, '2021-03-09 01:59:23', '2021-03-09 01:59:23'),
(175, 'Kola', NULL, '1541', 72, '2021-03-09 01:59:23', '2021-03-09 01:59:23'),
(176, 'Malkha Nagar', NULL, '1543', 72, '2021-03-09 01:59:24', '2021-03-09 01:59:24'),
(177, 'Shekher Nagar', NULL, '1544', 72, '2021-03-09 01:59:24', '2021-03-09 01:59:24'),
(178, 'Sirajdikhan', NULL, '1540', 72, '2021-03-09 01:59:24', '2021-03-09 01:59:24'),
(179, 'Baghra', NULL, '1557', 73, '2021-03-09 01:59:24', '2021-03-09 01:59:24'),
(180, 'Barikhal', NULL, '1551', 73, '2021-03-09 01:59:24', '2021-03-09 01:59:24'),
(181, 'Bhaggyakul', NULL, '1558', 73, '2021-03-09 01:59:24', '2021-03-09 01:59:24'),
(182, 'Hashara', NULL, '1553', 73, '2021-03-09 01:59:24', '2021-03-09 01:59:24'),
(183, 'Kolapara', NULL, '1554', 73, '2021-03-09 01:59:25', '2021-03-09 01:59:25'),
(184, 'Kumarbhog', NULL, '1555', 73, '2021-03-09 01:59:25', '2021-03-09 01:59:25'),
(185, 'Mazpara', NULL, '1552', 73, '2021-03-09 01:59:25', '2021-03-09 01:59:25'),
(186, 'Sreenagar', NULL, '1550', 73, '2021-03-09 01:59:25', '2021-03-09 01:59:25'),
(187, 'Vaggyakul SO', NULL, '1556', 73, '2021-03-09 01:59:25', '2021-03-09 01:59:25'),
(188, 'Bajrajugini', NULL, '1523', 74, '2021-03-09 01:59:25', '2021-03-09 01:59:25'),
(189, 'Baligao', NULL, '1522', 74, '2021-03-09 01:59:26', '2021-03-09 01:59:26'),
(190, 'Betkahat', NULL, '1521', 74, '2021-03-09 01:59:26', '2021-03-09 01:59:26'),
(191, 'Dighirpar', NULL, '1525', 74, '2021-03-09 01:59:26', '2021-03-09 01:59:26'),
(192, 'Hasail', NULL, '1524', 74, '2021-03-09 01:59:26', '2021-03-09 01:59:26'),
(193, 'Pura', NULL, '1527', 74, '2021-03-09 01:59:26', '2021-03-09 01:59:26'),
(194, 'Pura EDSO', NULL, '1526', 74, '2021-03-09 01:59:26', '2021-03-09 01:59:26'),
(195, 'Tongibari', NULL, '1520', 74, '2021-03-09 01:59:26', '2021-03-09 01:59:26'),
(196, 'Araihazar', NULL, '1450', 75, '2021-03-09 01:59:27', '2021-03-09 01:59:27'),
(197, 'Gopaldi', NULL, '1451', 75, '2021-03-09 01:59:27', '2021-03-09 01:59:27'),
(198, 'Baidder Bazar', NULL, '1440', 76, '2021-03-09 01:59:27', '2021-03-09 01:59:27'),
(199, 'Bara Nagar', NULL, '1441', 76, '2021-03-09 01:59:27', '2021-03-09 01:59:27'),
(200, 'Barodi', NULL, '1442', 76, '2021-03-09 01:59:27', '2021-03-09 01:59:27'),
(201, 'Bandar', NULL, '1410', 77, '2021-03-09 01:59:28', '2021-03-09 01:59:28'),
(202, 'BIDS', NULL, '1413', 77, '2021-03-09 01:59:28', '2021-03-09 01:59:28'),
(203, 'D.C Mills', NULL, '1411', 77, '2021-03-09 01:59:28', '2021-03-09 01:59:28'),
(204, 'Madanganj', NULL, '1414', 77, '2021-03-09 01:59:28', '2021-03-09 01:59:28'),
(205, 'Nabiganj', NULL, '1412', 77, '2021-03-09 01:59:28', '2021-03-09 01:59:28'),
(206, 'Fatulla Bazar', NULL, '1421', 78, '2021-03-09 01:59:28', '2021-03-09 01:59:28'),
(207, 'Fatullah', NULL, '1420', 78, '2021-03-09 01:59:29', '2021-03-09 01:59:29'),
(208, 'Naryanganj Sadar', NULL, '1400', 79, '2021-03-09 01:59:29', '2021-03-09 01:59:29'),
(209, 'Bhulta', NULL, '1462', 80, '2021-03-09 01:59:29', '2021-03-09 01:59:29'),
(210, 'Kanchan', NULL, '1461', 80, '2021-03-09 01:59:29', '2021-03-09 01:59:29'),
(211, 'Murapara', NULL, '1464', 80, '2021-03-09 01:59:30', '2021-03-09 01:59:30'),
(212, 'Nagri', NULL, '1463', 80, '2021-03-09 01:59:30', '2021-03-09 01:59:30'),
(213, 'Rupganj', NULL, '1460', 80, '2021-03-09 01:59:30', '2021-03-09 01:59:30'),
(214, 'Adamjeenagar', NULL, '1431', 81, '2021-03-09 01:59:30', '2021-03-09 01:59:30'),
(215, 'LN Mills', NULL, '1432', 81, '2021-03-09 01:59:30', '2021-03-09 01:59:30'),
(216, 'Siddirgonj', NULL, '1430', 81, '2021-03-09 01:59:30', '2021-03-09 01:59:30'),
(217, 'Belabo', NULL, '1640', 82, '2021-03-09 01:59:31', '2021-03-09 01:59:31'),
(218, 'Hatirdia', NULL, '1651', 83, '2021-03-09 01:59:31', '2021-03-09 01:59:31'),
(219, 'Katabaria', NULL, '1652', 83, '2021-03-09 01:59:31', '2021-03-09 01:59:31'),
(220, 'Monohardi', NULL, '1650', 83, '2021-03-09 01:59:31', '2021-03-09 01:59:31'),
(221, 'Karimpur', NULL, '1605', 84, '2021-03-09 01:59:32', '2021-03-09 01:59:32'),
(222, 'Madhabdi', NULL, '1604', 84, '2021-03-09 01:59:32', '2021-03-09 01:59:32'),
(223, 'Narsingdi College', NULL, '1602', 84, '2021-03-09 01:59:32', '2021-03-09 01:59:32'),
(224, 'Narsingdi Sadar', NULL, '1600', 84, '2021-03-09 01:59:32', '2021-03-09 01:59:32'),
(225, 'Panchdona', NULL, '1603', 84, '2021-03-09 01:59:32', '2021-03-09 01:59:32'),
(226, 'UMC Jute Mills', NULL, '1601', 84, '2021-03-09 01:59:32', '2021-03-09 01:59:32'),
(227, 'Char Sindhur', NULL, '1612', 85, '2021-03-09 01:59:33', '2021-03-09 01:59:33'),
(228, 'Ghorashal', NULL, '1613', 85, '2021-03-09 01:59:33', '2021-03-09 01:59:33'),
(229, 'Ghorashal Urea Facto', NULL, '1611', 85, '2021-03-09 01:59:33', '2021-03-09 01:59:33'),
(230, 'Palash', NULL, '1610', 85, '2021-03-09 01:59:33', '2021-03-09 01:59:33'),
(231, 'Bazar Hasnabad', NULL, '1631', 86, '2021-03-09 01:59:33', '2021-03-09 01:59:33'),
(232, 'Radhaganj bazar', NULL, '1632', 86, '2021-03-09 01:59:33', '2021-03-09 01:59:33'),
(233, 'Raipura', NULL, '1630', 86, '2021-03-09 01:59:33', '2021-03-09 01:59:33'),
(234, 'Shibpur', NULL, '1620', 87, '2021-03-09 01:59:34', '2021-03-09 01:59:34'),
(235, 'Baliakandi', NULL, '7730', 88, '2021-03-09 01:59:34', '2021-03-09 01:59:34'),
(236, 'Nalia', NULL, '7731', 88, '2021-03-09 01:59:34', '2021-03-09 01:59:34'),
(237, 'Mrigibazar', NULL, '7723', 89, '2021-03-09 01:59:35', '2021-03-09 01:59:35'),
(238, 'Pangsha', NULL, '7720', 89, '2021-03-09 01:59:35', '2021-03-09 01:59:35'),
(239, 'Ramkol', NULL, '7721', 89, '2021-03-09 01:59:35', '2021-03-09 01:59:35'),
(240, 'Ratandia', NULL, '7722', 89, '2021-03-09 01:59:35', '2021-03-09 01:59:35'),
(241, 'Goalanda', NULL, '7710', 90, '2021-03-09 01:59:35', '2021-03-09 01:59:35'),
(242, 'Khankhanapur', NULL, '7711', 90, '2021-03-09 01:59:35', '2021-03-09 01:59:35'),
(243, 'Rajbari Sadar', NULL, '7700', 90, '2021-03-09 01:59:35', '2021-03-09 01:59:35'),
(244, 'Bhedarganj', NULL, '8030', 91, '2021-03-09 01:59:36', '2021-03-09 01:59:36'),
(245, 'Damudya', NULL, '8040', 92, '2021-03-09 01:59:36', '2021-03-09 01:59:36'),
(246, 'Gosairhat', NULL, '8050', 93, '2021-03-09 01:59:36', '2021-03-09 01:59:36'),
(247, 'Jajira', NULL, '8010', 94, '2021-03-09 01:59:36', '2021-03-09 01:59:36'),
(248, 'Bhozeshwar', NULL, '8021', 95, '2021-03-09 01:59:36', '2021-03-09 01:59:36'),
(249, 'Gharisar', NULL, '8022', 95, '2021-03-09 01:59:37', '2021-03-09 01:59:37'),
(250, 'Kartikpur', NULL, '8024', 95, '2021-03-09 01:59:37', '2021-03-09 01:59:37'),
(251, 'Naria', NULL, '8020', 95, '2021-03-09 01:59:37', '2021-03-09 01:59:37'),
(252, 'Upshi', NULL, '8023', 95, '2021-03-09 01:59:37', '2021-03-09 01:59:37'),
(253, 'Angaria', NULL, '8001', 96, '2021-03-09 01:59:37', '2021-03-09 01:59:37'),
(254, 'Chikandi', NULL, '8002', 96, '2021-03-09 01:59:37', '2021-03-09 01:59:37'),
(255, 'Shariatpur Sadar -Palong', NULL, '8000', 96, '2021-03-09 01:59:37', '2021-03-09 01:59:37'),
(256, 'Basail', NULL, '1920', 97, '2021-03-09 01:59:38', '2021-03-09 01:59:38'),
(257, 'Bhuapur', NULL, '1960', 98, '2021-03-09 01:59:38', '2021-03-09 01:59:38'),
(258, 'Delduar', NULL, '1910', 99, '2021-03-09 01:59:38', '2021-03-09 01:59:38'),
(259, 'Elasin', NULL, '1913', 99, '2021-03-09 01:59:38', '2021-03-09 01:59:38'),
(260, 'Hinga Nagar', NULL, '1914', 99, '2021-03-09 01:59:38', '2021-03-09 01:59:38'),
(261, 'Jangalia', NULL, '1911', 99, '2021-03-09 01:59:39', '2021-03-09 01:59:39'),
(262, 'Lowhati', NULL, '1915', 99, '2021-03-09 01:59:39', '2021-03-09 01:59:39'),
(263, 'Patharail', NULL, '1912', 99, '2021-03-09 01:59:39', '2021-03-09 01:59:39'),
(264, 'D. Pakutia', NULL, '1982', 100, '2021-03-09 01:59:39', '2021-03-09 01:59:39'),
(265, 'Dhalapara', NULL, '1983', 100, '2021-03-09 01:59:39', '2021-03-09 01:59:39'),
(266, 'Ghatial', NULL, '1980', 100, '2021-03-09 01:59:39', '2021-03-09 01:59:39'),
(267, 'Lohani', NULL, '1984', 100, '2021-03-09 01:59:39', '2021-03-09 01:59:39'),
(268, 'Zahidganj', NULL, '1981', 100, '2021-03-09 01:59:40', '2021-03-09 01:59:40'),
(269, 'Gopalpur', NULL, '1990', 101, '2021-03-09 01:59:40', '2021-03-09 01:59:40'),
(270, 'Hemnagar', NULL, '1992', 101, '2021-03-09 01:59:40', '2021-03-09 01:59:40'),
(271, 'Jhowail', NULL, '1991', 101, '2021-03-09 01:59:40', '2021-03-09 01:59:40'),
(272, 'Ballabazar', NULL, '1973', 102, '2021-03-09 01:59:40', '2021-03-09 01:59:40'),
(273, 'Elinga', NULL, '1974', 102, '2021-03-09 01:59:40', '2021-03-09 01:59:40'),
(274, 'Kalihati', NULL, '1970', 102, '2021-03-09 01:59:40', '2021-03-09 01:59:40'),
(275, 'Nagarbari', NULL, '1977', 102, '2021-03-09 01:59:40', '2021-03-09 01:59:40'),
(276, 'Nagarbari SO', NULL, '1976', 102, '2021-03-09 01:59:41', '2021-03-09 01:59:41'),
(277, 'Nagbari', NULL, '1972', 102, '2021-03-09 01:59:41', '2021-03-09 01:59:41'),
(278, 'Palisha', NULL, '1975', 102, '2021-03-09 01:59:41', '2021-03-09 01:59:41'),
(279, 'Rajafair', NULL, '1971', 102, '2021-03-09 01:59:41', '2021-03-09 01:59:41'),
(280, 'Kashkawlia', NULL, '1930', 103, '2021-03-09 01:59:41', '2021-03-09 01:59:41'),
(281, 'Dhobari', NULL, '1997', 104, '2021-03-09 01:59:41', '2021-03-09 01:59:41'),
(282, 'Madhupur', NULL, '1996', 104, '2021-03-09 01:59:41', '2021-03-09 01:59:41'),
(283, 'Gorai', NULL, '1941', 105, '2021-03-09 01:59:42', '2021-03-09 01:59:42'),
(284, 'Jarmuki', NULL, '1944', 105, '2021-03-09 01:59:42', '2021-03-09 01:59:42'),
(285, 'M.C. College', NULL, '1942', 105, '2021-03-09 01:59:42', '2021-03-09 01:59:42'),
(286, 'Mirzapur', NULL, '1940', 105, '2021-03-09 01:59:42', '2021-03-09 01:59:42'),
(287, 'Mohera', NULL, '1945', 105, '2021-03-09 01:59:42', '2021-03-09 01:59:42'),
(288, 'Warri paikpara', NULL, '1943', 105, '2021-03-09 01:59:42', '2021-03-09 01:59:42'),
(289, 'Dhuburia', NULL, '1937', 106, '2021-03-09 01:59:42', '2021-03-09 01:59:42'),
(290, 'Nagarpur', NULL, '1936', 106, '2021-03-09 01:59:42', '2021-03-09 01:59:42'),
(291, 'Salimabad', NULL, '1938', 106, '2021-03-09 01:59:43', '2021-03-09 01:59:43'),
(292, 'Kochua', NULL, '1951', 107, '2021-03-09 01:59:43', '2021-03-09 01:59:43'),
(293, 'Sakhipur', NULL, '1950', 107, '2021-03-09 01:59:43', '2021-03-09 01:59:43'),
(294, 'Kagmari', NULL, '1901', 108, '2021-03-09 01:59:43', '2021-03-09 01:59:43'),
(295, 'Korotia', NULL, '1903', 108, '2021-03-09 01:59:43', '2021-03-09 01:59:43'),
(296, 'Purabari', NULL, '1904', 108, '2021-03-09 01:59:43', '2021-03-09 01:59:43'),
(297, 'Santosh', NULL, '1902', 108, '2021-03-09 01:59:44', '2021-03-09 01:59:44'),
(298, 'Tangail Sadar', NULL, '1900', 108, '2021-03-09 01:59:44', '2021-03-09 01:59:44'),
(299, 'Ajmiriganj', NULL, '3360', 109, '2021-03-09 01:59:44', '2021-03-09 01:59:44'),
(300, 'Bahubal', NULL, '3310', 110, '2021-03-09 01:59:44', '2021-03-09 01:59:44'),
(301, 'Baniachang', NULL, '3350', 111, '2021-03-09 01:59:45', '2021-03-09 01:59:45'),
(302, 'Jatrapasha', NULL, '3351', 111, '2021-03-09 01:59:45', '2021-03-09 01:59:45'),
(303, 'Kadirganj', NULL, '3352', 111, '2021-03-09 01:59:45', '2021-03-09 01:59:45'),
(304, 'Chandpurbagan', NULL, '3321', 112, '2021-03-09 01:59:45', '2021-03-09 01:59:45'),
(305, 'Chunarughat', NULL, '3320', 112, '2021-03-09 01:59:45', '2021-03-09 01:59:45'),
(306, 'Narapati', NULL, '3322', 112, '2021-03-09 01:59:45', '2021-03-09 01:59:45'),
(307, 'Gopaya', NULL, '3302', 113, '2021-03-09 01:59:46', '2021-03-09 01:59:46'),
(308, 'Habiganj Sadar', NULL, '3300', 113, '2021-03-09 01:59:46', '2021-03-09 01:59:46'),
(309, 'Shaestaganj', NULL, '3301', 113, '2021-03-09 01:59:46', '2021-03-09 01:59:46'),
(310, 'Kalauk', NULL, '3340', 114, '2021-03-09 01:59:46', '2021-03-09 01:59:46'),
(311, 'Lakhai', NULL, '3341', 114, '2021-03-09 01:59:46', '2021-03-09 01:59:46'),
(312, 'Itakhola', NULL, '3331', 115, '2021-03-09 01:59:47', '2021-03-09 01:59:47'),
(313, 'Madhabpur', NULL, '3330', 115, '2021-03-09 01:59:47', '2021-03-09 01:59:47'),
(314, 'Saihamnagar', NULL, '3333', 115, '2021-03-09 01:59:47', '2021-03-09 01:59:47'),
(315, 'Shahajibazar', NULL, '3332', 115, '2021-03-09 01:59:47', '2021-03-09 01:59:47'),
(316, 'Digalbak', NULL, '3373', 116, '2021-03-09 01:59:47', '2021-03-09 01:59:47'),
(317, 'Golduba', NULL, '3372', 116, '2021-03-09 01:59:47', '2021-03-09 01:59:47'),
(318, 'Goplarbazar', NULL, '3371', 116, '2021-03-09 01:59:47', '2021-03-09 01:59:47'),
(319, 'Inathganj', NULL, '3374', 116, '2021-03-09 01:59:47', '2021-03-09 01:59:47'),
(320, 'Nabiganj', NULL, '3370', 116, '2021-03-09 01:59:48', '2021-03-09 01:59:48'),
(321, 'Barlekha', NULL, '3250', 117, '2021-03-09 01:59:48', '2021-03-09 01:59:48'),
(322, 'Dhakkhinbag', NULL, '3252', 117, '2021-03-09 01:59:48', '2021-03-09 01:59:48'),
(323, 'Juri', NULL, '3251', 117, '2021-03-09 01:59:48', '2021-03-09 01:59:48'),
(324, 'Purbashahabajpur', NULL, '3253', 117, '2021-03-09 01:59:48', '2021-03-09 01:59:48'),
(325, 'Kamalganj', NULL, '3220', 118, '2021-03-09 01:59:49', '2021-03-09 01:59:49'),
(326, 'Keramatnaga', NULL, '3221', 118, '2021-03-09 01:59:49', '2021-03-09 01:59:49'),
(327, 'Munshibazar', NULL, '3224', 118, '2021-03-09 01:59:49', '2021-03-09 01:59:49'),
(328, 'Patrakhola', NULL, '3222', 118, '2021-03-09 01:59:49', '2021-03-09 01:59:49'),
(329, 'Shamsher Nagar', NULL, '3223', 118, '2021-03-09 01:59:49', '2021-03-09 01:59:49'),
(330, 'Baramchal', NULL, '3237', 119, '2021-03-09 01:59:49', '2021-03-09 01:59:49'),
(331, 'Kajaldhara', NULL, '3234', 119, '2021-03-09 01:59:50', '2021-03-09 01:59:50'),
(332, 'Karimpur', NULL, '3235', 119, '2021-03-09 01:59:50', '2021-03-09 01:59:50'),
(333, 'Kulaura', NULL, '3230', 119, '2021-03-09 01:59:50', '2021-03-09 01:59:50'),
(334, 'Langla', NULL, '3232', 119, '2021-03-09 01:59:50', '2021-03-09 01:59:50'),
(335, 'Prithimpasha', NULL, '3233', 119, '2021-03-09 01:59:50', '2021-03-09 01:59:50'),
(336, 'Tillagaon', NULL, '3231', 119, '2021-03-09 01:59:50', '2021-03-09 01:59:50'),
(337, 'Afrozganj', NULL, '3203', 120, '2021-03-09 01:59:51', '2021-03-09 01:59:51'),
(338, 'Barakapan', NULL, '3201', 120, '2021-03-09 01:59:51', '2021-03-09 01:59:51'),
(339, 'Monumukh', NULL, '3202', 120, '2021-03-09 01:59:51', '2021-03-09 01:59:51'),
(340, 'Moulvibazar Sadar', NULL, '3200', 120, '2021-03-09 01:59:51', '2021-03-09 01:59:51'),
(341, 'Rajnagar', NULL, '3240', 121, '2021-03-09 01:59:52', '2021-03-09 01:59:52'),
(342, 'Kalighat', NULL, '3212', 122, '2021-03-09 01:59:52', '2021-03-09 01:59:52'),
(343, 'Khejurichhara', NULL, '3213', 122, '2021-03-09 01:59:52', '2021-03-09 01:59:52'),
(344, 'Narain Chora', NULL, '3211', 122, '2021-03-09 01:59:52', '2021-03-09 01:59:52'),
(345, 'Satgaon', NULL, '3214', 122, '2021-03-09 01:59:52', '2021-03-09 01:59:52'),
(346, 'Sreemangal', NULL, '3210', 122, '2021-03-09 01:59:52', '2021-03-09 01:59:52'),
(347, 'Bishwambarpur', NULL, '3010', 123, '2021-03-09 01:59:52', '2021-03-09 01:59:52'),
(348, 'Chhatak', NULL, '3080', 124, '2021-03-09 01:59:53', '2021-03-09 01:59:53'),
(349, 'Chhatak Cement Facto', NULL, '3081', 124, '2021-03-09 01:59:53', '2021-03-09 01:59:53'),
(350, 'Chhatak Paper Mills', NULL, '3082', 124, '2021-03-09 01:59:53', '2021-03-09 01:59:53'),
(351, 'Chourangi Bazar', NULL, '3893', 124, '2021-03-09 01:59:53', '2021-03-09 01:59:53'),
(352, 'Gabindaganj', NULL, '3083', 124, '2021-03-09 01:59:53', '2021-03-09 01:59:53'),
(353, 'Gabindaganj Natun Ba', NULL, '3084', 124, '2021-03-09 01:59:53', '2021-03-09 01:59:53'),
(354, 'Islamabad', NULL, '3088', 124, '2021-03-09 01:59:53', '2021-03-09 01:59:53'),
(355, 'jahidpur', NULL, '3087', 124, '2021-03-09 01:59:53', '2021-03-09 01:59:53'),
(356, 'Khurma', NULL, '3085', 124, '2021-03-09 01:59:53', '2021-03-09 01:59:53'),
(357, 'Moinpur', NULL, '3086', 124, '2021-03-09 01:59:54', '2021-03-09 01:59:54'),
(358, 'Derai', NULL, '3040', 125, '2021-03-09 01:59:54', '2021-03-09 01:59:54'),
(359, 'Jagdal', NULL, '3041', 125, '2021-03-09 01:59:54', '2021-03-09 01:59:54'),
(360, 'Dowarabazar', NULL, '3070', 126, '2021-03-09 01:59:54', '2021-03-09 01:59:54'),
(361, 'Ghungiar', NULL, '3050', 127, '2021-03-09 01:59:54', '2021-03-09 01:59:54'),
(362, 'Atuajan', NULL, '3062', 128, '2021-03-09 01:59:55', '2021-03-09 01:59:55'),
(363, 'Hasan Fatemapur', NULL, '3063', 128, '2021-03-09 01:59:55', '2021-03-09 01:59:55'),
(364, 'Jagannathpur', NULL, '3060', 128, '2021-03-09 01:59:55', '2021-03-09 01:59:55'),
(365, 'Rasulganj', NULL, '3064', 128, '2021-03-09 01:59:55', '2021-03-09 01:59:55'),
(366, 'Shiramsi', NULL, '3065', 128, '2021-03-09 01:59:55', '2021-03-09 01:59:55'),
(367, 'Syedpur', NULL, '3061', 128, '2021-03-09 01:59:55', '2021-03-09 01:59:55'),
(368, 'Sachna', NULL, '3020', 129, '2021-03-09 01:59:55', '2021-03-09 01:59:55'),
(369, 'Pagla', NULL, '3001', 130, '2021-03-09 01:59:56', '2021-03-09 01:59:56'),
(370, 'Patharia', NULL, '3002', 130, '2021-03-09 01:59:56', '2021-03-09 01:59:56'),
(371, 'Sunamganj Sadar', NULL, '3000', 130, '2021-03-09 01:59:56', '2021-03-09 01:59:56'),
(372, 'Tahirpur', NULL, '3030', 131, '2021-03-09 01:59:56', '2021-03-09 01:59:56'),
(373, 'Balaganj', NULL, '3120', 132, '2021-03-09 01:59:57', '2021-03-09 01:59:57'),
(374, 'Begumpur', NULL, '3125', 132, '2021-03-09 01:59:57', '2021-03-09 01:59:57'),
(375, 'Brahman Shashon', NULL, '3122', 132, '2021-03-09 01:59:57', '2021-03-09 01:59:57'),
(376, 'Gaharpur', NULL, '3128', 132, '2021-03-09 01:59:57', '2021-03-09 01:59:57'),
(377, 'Goala Bazar', NULL, '3124', 132, '2021-03-09 01:59:57', '2021-03-09 01:59:57'),
(378, 'Karua', NULL, '3121', 132, '2021-03-09 01:59:57', '2021-03-09 01:59:57'),
(379, 'Kathal Khair', NULL, '3127', 132, '2021-03-09 01:59:57', '2021-03-09 01:59:57'),
(380, 'Natun Bazar', NULL, '3129', 132, '2021-03-09 01:59:57', '2021-03-09 01:59:57'),
(381, 'Omarpur', NULL, '3126', 132, '2021-03-09 01:59:58', '2021-03-09 01:59:58'),
(382, 'Tajpur', NULL, '3123', 132, '2021-03-09 01:59:58', '2021-03-09 01:59:58'),
(383, 'Beanibazar', NULL, '3170', 133, '2021-03-09 01:59:58', '2021-03-09 01:59:58'),
(384, 'Churkai', NULL, '3175', 133, '2021-03-09 01:59:58', '2021-03-09 01:59:58'),
(385, 'jaldup', NULL, '3171', 133, '2021-03-09 01:59:58', '2021-03-09 01:59:58'),
(386, 'Kurar bazar', NULL, '3173', 133, '2021-03-09 01:59:58', '2021-03-09 01:59:58'),
(387, 'Mathiura', NULL, '3172', 133, '2021-03-09 01:59:59', '2021-03-09 01:59:59'),
(388, 'Salia bazar', NULL, '3174', 133, '2021-03-09 01:59:59', '2021-03-09 01:59:59'),
(389, 'Bishwanath', NULL, '3130', 134, '2021-03-09 01:59:59', '2021-03-09 01:59:59'),
(390, 'Dashghar', NULL, '3131', 134, '2021-03-09 01:59:59', '2021-03-09 01:59:59'),
(391, 'Deokalas', NULL, '3133', 134, '2021-03-09 01:59:59', '2021-03-09 01:59:59'),
(392, 'Doulathpur', NULL, '3132', 134, '2021-03-09 01:59:59', '2021-03-09 01:59:59'),
(393, 'Singer kanch', NULL, '3134', 134, '2021-03-09 02:00:00', '2021-03-09 02:00:00'),
(394, 'Fenchuganj', NULL, '3116', 135, '2021-03-09 02:00:00', '2021-03-09 02:00:00'),
(395, 'Fenchuganj SareKarkh', NULL, '3117', 135, '2021-03-09 02:00:00', '2021-03-09 02:00:00'),
(396, 'Chiknagul', NULL, '3152', 136, '2021-03-09 02:00:00', '2021-03-09 02:00:00'),
(397, 'Gowainghat', NULL, '3150', 136, '2021-03-09 02:00:00', '2021-03-09 02:00:00'),
(398, 'Jaflong', NULL, '3151', 136, '2021-03-09 02:00:00', '2021-03-09 02:00:00'),
(399, 'banigram', NULL, '3164', 137, '2021-03-09 02:00:01', '2021-03-09 02:00:01'),
(400, 'Chandanpur', NULL, '3165', 137, '2021-03-09 02:00:01', '2021-03-09 02:00:01'),
(401, 'Dakkhin Bhadashore', NULL, '3162', 137, '2021-03-09 02:00:01', '2021-03-09 02:00:01'),
(402, 'Dhaka Dakkhin', NULL, '3161', 137, '2021-03-09 02:00:01', '2021-03-09 02:00:01'),
(403, 'Gopalgannj', NULL, '3160', 137, '2021-03-09 02:00:01', '2021-03-09 02:00:01'),
(404, 'Ranaping', NULL, '3163', 137, '2021-03-09 02:00:01', '2021-03-09 02:00:01'),
(405, 'Jaintiapur', NULL, '3156', 138, '2021-03-09 02:00:02', '2021-03-09 02:00:02'),
(406, 'Ichhamati', NULL, '3191', 139, '2021-03-09 02:00:02', '2021-03-09 02:00:02'),
(407, 'Zakiganj', NULL, '3190', 139, '2021-03-09 02:00:02', '2021-03-09 02:00:02'),
(408, 'Chatulbazar', NULL, '3181', 140, '2021-03-09 02:00:02', '2021-03-09 02:00:02'),
(409, 'Gachbari', NULL, '3183', 140, '2021-03-09 02:00:03', '2021-03-09 02:00:03'),
(410, 'Kanaighat', NULL, '3180', 140, '2021-03-09 02:00:03', '2021-03-09 02:00:03'),
(411, 'Manikganj', NULL, '3182', 140, '2021-03-09 02:00:03', '2021-03-09 02:00:03'),
(412, 'Companiganj', NULL, '3140', 141, '2021-03-09 02:00:03', '2021-03-09 02:00:03'),
(413, 'Birahimpur', NULL, '3106', 142, '2021-03-09 02:00:03', '2021-03-09 02:00:03'),
(414, 'Jalalabad', NULL, '3107', 142, '2021-03-09 02:00:03', '2021-03-09 02:00:03'),
(415, 'Jalalabad Cantoment', NULL, '3104', 142, '2021-03-09 02:00:03', '2021-03-09 02:00:03'),
(416, 'Kadamtali', NULL, '3111', 142, '2021-03-09 02:00:04', '2021-03-09 02:00:04'),
(417, 'Kamalbazer', NULL, '3112', 142, '2021-03-09 02:00:04', '2021-03-09 02:00:04'),
(418, 'Khadimnagar', NULL, '3103', 142, '2021-03-09 02:00:04', '2021-03-09 02:00:04'),
(419, 'Lalbazar', NULL, '3113', 142, '2021-03-09 02:00:04', '2021-03-09 02:00:04'),
(420, 'Mogla', NULL, '3108', 142, '2021-03-09 02:00:04', '2021-03-09 02:00:04'),
(421, 'Ranga Hajiganj', NULL, '3109', 142, '2021-03-09 02:00:04', '2021-03-09 02:00:04'),
(422, 'Shahajalal Science &', NULL, '3114', 142, '2021-03-09 02:00:04', '2021-03-09 02:00:04'),
(423, 'Silam', NULL, '3105', 142, '2021-03-09 02:00:05', '2021-03-09 02:00:05'),
(424, 'Sylhe Sadar', NULL, '3100', 142, '2021-03-09 02:00:05', '2021-03-09 02:00:05'),
(425, 'Sylhet Biman Bondar', NULL, '3102', 142, '2021-03-09 02:00:05', '2021-03-09 02:00:05'),
(426, 'Sylhet Cadet Col', NULL, '3101', 142, '2021-03-09 02:00:05', '2021-03-09 02:00:05'),
(427, 'Ali kadam', NULL, '4650', 143, '2021-03-09 02:00:05', '2021-03-09 02:00:05'),
(428, 'Bandarban Sadar', NULL, '4600', 144, '2021-03-09 02:00:06', '2021-03-09 02:00:06'),
(429, 'Naikhong', NULL, '4660', 145, '2021-03-09 02:00:06', '2021-03-09 02:00:06'),
(430, 'Rowangchhari', NULL, '4610', 146, '2021-03-09 02:00:06', '2021-03-09 02:00:06'),
(431, 'Ruma', NULL, '4620', 147, '2021-03-09 02:00:07', '2021-03-09 02:00:07'),
(432, 'Lama', NULL, '4641', 148, '2021-03-09 02:00:07', '2021-03-09 02:00:07'),
(433, 'Thanchi', NULL, '4630', 148, '2021-03-09 02:00:07', '2021-03-09 02:00:07'),
(434, 'Akhaura', NULL, '3450', 149, '2021-03-09 02:00:07', '2021-03-09 02:00:07'),
(435, 'Azampur', NULL, '3451', 149, '2021-03-09 02:00:07', '2021-03-09 02:00:07'),
(436, 'Gangasagar', NULL, '3452', 149, '2021-03-09 02:00:08', '2021-03-09 02:00:08'),
(437, 'Bancharampur', NULL, '3420', 150, '2021-03-09 02:00:08', '2021-03-09 02:00:08'),
(438, 'Ashuganj', NULL, '3402', 151, '2021-03-09 02:00:08', '2021-03-09 02:00:08'),
(439, 'Ashuganj Share', NULL, '3403', 151, '2021-03-09 02:00:08', '2021-03-09 02:00:08'),
(440, 'Brahmanbaria Sadar', NULL, '3400', 151, '2021-03-09 02:00:08', '2021-03-09 02:00:08'),
(441, 'Poun', NULL, '3404', 151, '2021-03-09 02:00:09', '2021-03-09 02:00:09'),
(442, 'Talshahar', NULL, '3401', 151, '2021-03-09 02:00:09', '2021-03-09 02:00:09'),
(443, 'Chandidar', NULL, '3462', 152, '2021-03-09 02:00:09', '2021-03-09 02:00:09'),
(444, 'Chargachh', NULL, '3463', 152, '2021-03-09 02:00:09', '2021-03-09 02:00:09'),
(445, 'Gopinathpur', NULL, '3464', 152, '2021-03-09 02:00:09', '2021-03-09 02:00:09'),
(446, 'Kasba', NULL, '3460', 152, '2021-03-09 02:00:09', '2021-03-09 02:00:09'),
(447, 'Kuti', NULL, '3461', 152, '2021-03-09 02:00:10', '2021-03-09 02:00:10'),
(448, 'Jibanganj', NULL, '3419', 153, '2021-03-09 02:00:10', '2021-03-09 02:00:10'),
(449, 'Kaitala', NULL, '3417', 153, '2021-03-09 02:00:10', '2021-03-09 02:00:10'),
(450, 'Laubfatehpur', NULL, '3411', 153, '2021-03-09 02:00:10', '2021-03-09 02:00:10'),
(451, 'Nabinagar', NULL, '3410', 153, '2021-03-09 02:00:10', '2021-03-09 02:00:10'),
(452, 'Rasullabad', NULL, '3412', 153, '2021-03-09 02:00:10', '2021-03-09 02:00:10'),
(453, 'Ratanpur', NULL, '3414', 153, '2021-03-09 02:00:10', '2021-03-09 02:00:10'),
(454, 'Salimganj', NULL, '3418', 153, '2021-03-09 02:00:11', '2021-03-09 02:00:11'),
(455, 'Shahapur', NULL, '3415', 153, '2021-03-09 02:00:11', '2021-03-09 02:00:11'),
(456, 'Shamgram', NULL, '3413', 153, '2021-03-09 02:00:11', '2021-03-09 02:00:11'),
(457, 'Fandauk', NULL, '3441', 154, '2021-03-09 02:00:11', '2021-03-09 02:00:11'),
(458, 'Nasirnagar', NULL, '3440', 154, '2021-03-09 02:00:11', '2021-03-09 02:00:11'),
(459, 'Chandura', NULL, '3432', 155, '2021-03-09 02:00:11', '2021-03-09 02:00:11'),
(460, 'Sarial', NULL, '3430', 155, '2021-03-09 02:00:12', '2021-03-09 02:00:12'),
(461, 'Shahbajpur', NULL, '3431', 155, '2021-03-09 02:00:12', '2021-03-09 02:00:12'),
(462, 'Baburhat', NULL, '3602', 156, '2021-03-09 02:00:12', '2021-03-09 02:00:12'),
(463, 'Chandpur Sadar', NULL, '3600', 156, '2021-03-09 02:00:12', '2021-03-09 02:00:12'),
(464, 'Puranbazar', NULL, '3601', 156, '2021-03-09 02:00:12', '2021-03-09 02:00:12'),
(465, 'Sahatali', NULL, '3603', 156, '2021-03-09 02:00:12', '2021-03-09 02:00:12'),
(466, 'Chandra', NULL, '3651', 157, '2021-03-09 02:00:13', '2021-03-09 02:00:13'),
(467, 'Faridganj', NULL, '3650', 157, '2021-03-09 02:00:13', '2021-03-09 02:00:13'),
(468, 'Gridkaliandia', NULL, '3653', 157, '2021-03-09 02:00:13', '2021-03-09 02:00:13'),
(469, 'Islampur Shah Isain', NULL, '3655', 157, '2021-03-09 02:00:13', '2021-03-09 02:00:13'),
(470, 'Rampurbazar', NULL, '3654', 157, '2021-03-09 02:00:13', '2021-03-09 02:00:13'),
(471, 'Rupsha', NULL, '3652', 157, '2021-03-09 02:00:13', '2021-03-09 02:00:13'),
(472, 'Bolakhal', NULL, '3611', 158, '2021-03-09 02:00:14', '2021-03-09 02:00:14'),
(473, 'Haziganj', NULL, '3610', 158, '2021-03-09 02:00:14', '2021-03-09 02:00:14'),
(474, 'Gandamara', NULL, '3661', 159, '2021-03-09 02:00:14', '2021-03-09 02:00:14'),
(475, 'Haimchar', NULL, '3660', 159, '2021-03-09 02:00:14', '2021-03-09 02:00:14'),
(476, 'Kachua', NULL, '3630', 160, '2021-03-09 02:00:14', '2021-03-09 02:00:14'),
(477, 'Pak Shrirampur', NULL, '3631', 160, '2021-03-09 02:00:15', '2021-03-09 02:00:15'),
(478, 'Rahima Nagar', NULL, '3632', 160, '2021-03-09 02:00:15', '2021-03-09 02:00:15'),
(479, 'Shachar', NULL, '3633', 160, '2021-03-09 02:00:15', '2021-03-09 02:00:15'),
(480, 'Kalipur', NULL, '3642', 161, '2021-03-09 02:00:15', '2021-03-09 02:00:15'),
(481, 'Matlobganj', NULL, '3640', 161, '2021-03-09 02:00:15', '2021-03-09 02:00:15'),
(482, 'Mohanpur', NULL, '3641', 161, '2021-03-09 02:00:15', '2021-03-09 02:00:15'),
(483, 'Chotoshi', NULL, '3623', 162, '2021-03-09 02:00:16', '2021-03-09 02:00:16'),
(484, 'Islamia Madrasha', NULL, '3624', 162, '2021-03-09 02:00:16', '2021-03-09 02:00:16'),
(485, 'Khilabazar', NULL, '3621', 162, '2021-03-09 02:00:16', '2021-03-09 02:00:16'),
(486, 'Pashchim Kherihar Al', NULL, '3622', 162, '2021-03-09 02:00:16', '2021-03-09 02:00:16'),
(487, 'Shahrasti', NULL, '3620', 162, '2021-03-09 02:00:16', '2021-03-09 02:00:16'),
(488, 'Anowara', NULL, '4376', 163, '2021-03-09 02:00:16', '2021-03-09 02:00:16'),
(489, 'Battali', NULL, '4378', 163, '2021-03-09 02:00:17', '2021-03-09 02:00:17'),
(490, 'Paroikora', NULL, '4377', 163, '2021-03-09 02:00:17', '2021-03-09 02:00:17'),
(491, 'Boalkhali', NULL, '4366', 164, '2021-03-09 02:00:17', '2021-03-09 02:00:17'),
(492, 'Charandwip', NULL, '4369', 164, '2021-03-09 02:00:17', '2021-03-09 02:00:17'),
(493, 'Iqbal Park', NULL, '4365', 164, '2021-03-09 02:00:17', '2021-03-09 02:00:17'),
(494, 'Kadurkhal', NULL, '4368', 164, '2021-03-09 02:00:17', '2021-03-09 02:00:17'),
(495, 'Kanungopara', NULL, '4363', 164, '2021-03-09 02:00:18', '2021-03-09 02:00:18'),
(496, 'Sakpura', NULL, '4367', 164, '2021-03-09 02:00:18', '2021-03-09 02:00:18'),
(497, 'Saroatoli', NULL, '4364', 164, '2021-03-09 02:00:18', '2021-03-09 02:00:18'),
(498, 'Al- Amin Baria Madra', NULL, '4221', 165, '2021-03-09 02:00:18', '2021-03-09 02:00:18'),
(499, 'Amin Jute Mills', NULL, '4211', 165, '2021-03-09 02:00:18', '2021-03-09 02:00:18'),
(500, 'Anandabazar', NULL, '4215', 165, '2021-03-09 02:00:18', '2021-03-09 02:00:18'),
(501, 'Bayezid Bostami', NULL, '4210', 165, '2021-03-09 02:00:19', '2021-03-09 02:00:19'),
(502, 'Chandgaon', NULL, '4212', 165, '2021-03-09 02:00:19', '2021-03-09 02:00:19'),
(503, 'Chawkbazar', NULL, '4203', 165, '2021-03-09 02:00:19', '2021-03-09 02:00:19'),
(504, 'Chitt. Cantonment', NULL, '4220', 165, '2021-03-09 02:00:19', '2021-03-09 02:00:19'),
(505, 'Chitt. Customs Acca', NULL, '4219', 165, '2021-03-09 02:00:19', '2021-03-09 02:00:19'),
(506, 'Chitt. Politechnic In', NULL, '4209', 165, '2021-03-09 02:00:19', '2021-03-09 02:00:19'),
(507, 'Chitt. Sailers Colon', NULL, '4218', 165, '2021-03-09 02:00:19', '2021-03-09 02:00:19'),
(508, 'Chittagong Airport', NULL, '4205', 165, '2021-03-09 02:00:20', '2021-03-09 02:00:20'),
(509, 'Chittagong Bandar', NULL, '4100', 165, '2021-03-09 02:00:20', '2021-03-09 02:00:20'),
(510, 'Chittagong GPO', NULL, '4000', 165, '2021-03-09 02:00:20', '2021-03-09 02:00:20'),
(511, 'Export Processing', NULL, '4223', 165, '2021-03-09 02:00:20', '2021-03-09 02:00:20'),
(512, 'Firozshah', NULL, '4207', 165, '2021-03-09 02:00:20', '2021-03-09 02:00:20'),
(513, 'Halishahar', NULL, '4216', 165, '2021-03-09 02:00:20', '2021-03-09 02:00:20'),
(514, 'Halishshar', NULL, '4225', 165, '2021-03-09 02:00:20', '2021-03-09 02:00:20'),
(515, 'Jalalabad', NULL, '4214', 165, '2021-03-09 02:00:20', '2021-03-09 02:00:20'),
(516, 'Jaldia Merine Accade', NULL, '4206', 165, '2021-03-09 02:00:21', '2021-03-09 02:00:21'),
(517, 'Middle Patenga', NULL, '4222', 165, '2021-03-09 02:00:21', '2021-03-09 02:00:21'),
(518, 'Mohard', NULL, '4208', 165, '2021-03-09 02:00:21', '2021-03-09 02:00:21'),
(519, 'North Halishahar', NULL, '4226', 165, '2021-03-09 02:00:21', '2021-03-09 02:00:21'),
(520, 'North Katuli', NULL, '4217', 165, '2021-03-09 02:00:21', '2021-03-09 02:00:21'),
(521, 'Pahartoli', NULL, '4202', 165, '2021-03-09 02:00:21', '2021-03-09 02:00:21'),
(522, 'Patenga', NULL, '4204', 165, '2021-03-09 02:00:21', '2021-03-09 02:00:21'),
(523, 'Rampura TSO', NULL, '4224', 165, '2021-03-09 02:00:21', '2021-03-09 02:00:21'),
(524, 'Wazedia', NULL, '4213', 165, '2021-03-09 02:00:22', '2021-03-09 02:00:22'),
(525, 'Barma', NULL, '4383', 166, '2021-03-09 02:00:22', '2021-03-09 02:00:22'),
(526, 'Dohazari', NULL, '4382', 166, '2021-03-09 02:00:22', '2021-03-09 02:00:22'),
(527, 'East Joara', NULL, '4380', 166, '2021-03-09 02:00:22', '2021-03-09 02:00:22'),
(528, 'Gachbaria', NULL, '4381', 166, '2021-03-09 02:00:22', '2021-03-09 02:00:22'),
(529, 'Bhandar Sharif', NULL, '4352', 167, '2021-03-09 02:00:23', '2021-03-09 02:00:23'),
(530, 'Fatikchhari', NULL, '4350', 167, '2021-03-09 02:00:23', '2021-03-09 02:00:23'),
(531, 'Harualchhari', NULL, '4354', 167, '2021-03-09 02:00:23', '2021-03-09 02:00:23'),
(532, 'Najirhat', NULL, '4353', 167, '2021-03-09 02:00:23', '2021-03-09 02:00:23'),
(533, 'Nanupur', NULL, '4351', 167, '2021-03-09 02:00:23', '2021-03-09 02:00:23'),
(534, 'Narayanhat', NULL, '4355', 167, '2021-03-09 02:00:23', '2021-03-09 02:00:23'),
(535, 'Chitt.University', NULL, '4331', 168, '2021-03-09 02:00:23', '2021-03-09 02:00:23'),
(536, 'Fatahabad', NULL, '4335', 168, '2021-03-09 02:00:24', '2021-03-09 02:00:24'),
(537, 'Gorduara', NULL, '4332', 168, '2021-03-09 02:00:24', '2021-03-09 02:00:24'),
(538, 'Hathazari', NULL, '4330', 168, '2021-03-09 02:00:24', '2021-03-09 02:00:24'),
(539, 'Katirhat', NULL, '4333', 168, '2021-03-09 02:00:24', '2021-03-09 02:00:24'),
(540, 'Madrasa', NULL, '4339', 168, '2021-03-09 02:00:24', '2021-03-09 02:00:24'),
(541, 'Mirzapur', NULL, '4334', 168, '2021-03-09 02:00:24', '2021-03-09 02:00:24'),
(542, 'Nuralibari', NULL, '4337', 168, '2021-03-09 02:00:24', '2021-03-09 02:00:24'),
(543, 'Yunus Nagar', NULL, '4338', 168, '2021-03-09 02:00:25', '2021-03-09 02:00:25'),
(544, 'Banigram', NULL, '4393', 169, '2021-03-09 02:00:25', '2021-03-09 02:00:25'),
(545, 'Gunagari', NULL, '4392', 169, '2021-03-09 02:00:25', '2021-03-09 02:00:25'),
(546, 'Jaldi', NULL, '4390', 169, '2021-03-09 02:00:25', '2021-03-09 02:00:25'),
(547, 'Khan Bahadur', NULL, '4391', 169, '2021-03-09 02:00:25', '2021-03-09 02:00:25'),
(548, 'Chunti', NULL, '4398', 170, '2021-03-09 02:00:25', '2021-03-09 02:00:25'),
(549, 'Lohagara', NULL, '4396', 170, '2021-03-09 02:00:25', '2021-03-09 02:00:25'),
(550, 'Padua', NULL, '4397', 170, '2021-03-09 02:00:26', '2021-03-09 02:00:26'),
(551, 'Abutorab', NULL, '4321', 171, '2021-03-09 02:00:26', '2021-03-09 02:00:26'),
(552, 'Azampur', NULL, '4325', 171, '2021-03-09 02:00:26', '2021-03-09 02:00:26'),
(553, 'Bharawazhat', NULL, '4323', 171, '2021-03-09 02:00:26', '2021-03-09 02:00:26'),
(554, 'Darrogahat', NULL, '4322', 171, '2021-03-09 02:00:26', '2021-03-09 02:00:26'),
(555, 'Joarganj', NULL, '4324', 171, '2021-03-09 02:00:26', '2021-03-09 02:00:26'),
(556, 'Korerhat', NULL, '4327', 171, '2021-03-09 02:00:26', '2021-03-09 02:00:26'),
(557, 'Mirsharai', NULL, '4320', 171, '2021-03-09 02:00:26', '2021-03-09 02:00:26'),
(558, 'Mohazanhat', NULL, '4328', 171, '2021-03-09 02:00:26', '2021-03-09 02:00:26'),
(559, 'Budhpara', NULL, '4371', 172, '2021-03-09 02:00:27', '2021-03-09 02:00:27'),
(560, 'Patiya', NULL, '4370', 172, '2021-03-09 02:00:27', '2021-03-09 02:00:27'),
(561, 'Dhamair', NULL, '4361', 173, '2021-03-09 02:00:27', '2021-03-09 02:00:27'),
(562, 'Rangunia', NULL, '4360', 173, '2021-03-09 02:00:27', '2021-03-09 02:00:27'),
(563, 'B.I.T Post Office', NULL, '4349', 174, '2021-03-09 02:00:27', '2021-03-09 02:00:27'),
(564, 'Beenajuri', NULL, '4341', 174, '2021-03-09 02:00:28', '2021-03-09 02:00:28'),
(565, 'Dewanpur', NULL, '4347', 174, '2021-03-09 02:00:28', '2021-03-09 02:00:28'),
(566, 'Fatepur', NULL, '4345', 174, '2021-03-09 02:00:28', '2021-03-09 02:00:28'),
(567, 'Gahira', NULL, '4343', 174, '2021-03-09 02:00:28', '2021-03-09 02:00:28'),
(568, 'Guzra Noapara', NULL, '4346', 174, '2021-03-09 02:00:28', '2021-03-09 02:00:28'),
(569, 'jagannath Hat', NULL, '4344', 174, '2021-03-09 02:00:28', '2021-03-09 02:00:28'),
(570, 'Kundeshwari', NULL, '4342', 174, '2021-03-09 02:00:28', '2021-03-09 02:00:28'),
(571, 'Mohamuni', NULL, '4348', 174, '2021-03-09 02:00:28', '2021-03-09 02:00:28'),
(572, 'Raozan', NULL, '4340', 174, '2021-03-09 02:00:28', '2021-03-09 02:00:28'),
(573, 'Sandwip', NULL, '4300', 175, '2021-03-09 02:00:29', '2021-03-09 02:00:29'),
(574, 'Shiberhat', NULL, '4301', 175, '2021-03-09 02:00:29', '2021-03-09 02:00:29'),
(575, 'Urirchar', NULL, '4302', 175, '2021-03-09 02:00:29', '2021-03-09 02:00:29'),
(576, 'Baitul Ijjat', NULL, '4387', 176, '2021-03-09 02:00:29', '2021-03-09 02:00:29'),
(577, 'Bazalia', NULL, '4388', 176, '2021-03-09 02:00:29', '2021-03-09 02:00:29'),
(578, 'Satkania', NULL, '4386', 176, '2021-03-09 02:00:29', '2021-03-09 02:00:29'),
(579, 'Barabkunda', NULL, '4312', 177, '2021-03-09 02:00:30', '2021-03-09 02:00:30'),
(580, 'Baroidhala', NULL, '4311', 177, '2021-03-09 02:00:30', '2021-03-09 02:00:30'),
(581, 'Bawashbaria', NULL, '4313', 177, '2021-03-09 02:00:30', '2021-03-09 02:00:30'),
(582, 'Bhatiari', NULL, '4315', 177, '2021-03-09 02:00:30', '2021-03-09 02:00:30'),
(583, 'Fouzdarhat', NULL, '4316', 177, '2021-03-09 02:00:30', '2021-03-09 02:00:30'),
(584, 'Jafrabad', NULL, '4317', 177, '2021-03-09 02:00:30', '2021-03-09 02:00:30'),
(585, 'Kumira', NULL, '4314', 177, '2021-03-09 02:00:30', '2021-03-09 02:00:30'),
(586, 'Sitakunda', NULL, '4310', 177, '2021-03-09 02:00:31', '2021-03-09 02:00:31'),
(587, 'Barura', NULL, '3560', 178, '2021-03-09 02:00:31', '2021-03-09 02:00:31'),
(588, 'Murdafarganj', NULL, '3562', 178, '2021-03-09 02:00:31', '2021-03-09 02:00:31'),
(589, 'Poyalgachha', NULL, '3561', 178, '2021-03-09 02:00:31', '2021-03-09 02:00:31'),
(590, 'Brahmanpara', NULL, '3526', 179, '2021-03-09 02:00:32', '2021-03-09 02:00:32'),
(591, 'Burichong', NULL, '3520', 180, '2021-03-09 02:00:32', '2021-03-09 02:00:32'),
(592, 'Maynamoti bazar', NULL, '3521', 180, '2021-03-09 02:00:32', '2021-03-09 02:00:32'),
(593, 'Chandia', NULL, '3510', 181, '2021-03-09 02:00:32', '2021-03-09 02:00:32'),
(594, 'Madhaiabazar', NULL, '3511', 181, '2021-03-09 02:00:32', '2021-03-09 02:00:32'),
(595, 'Batisa', NULL, '3551', 182, '2021-03-09 02:00:33', '2021-03-09 02:00:33'),
(596, 'Chiora', NULL, '3552', 182, '2021-03-09 02:00:33', '2021-03-09 02:00:33'),
(597, 'Chauddagram', NULL, '3550', 182, '2021-03-09 02:00:33', '2021-03-09 02:00:33'),
(598, 'Comilla Contoment', NULL, '3501', 183, '2021-03-09 02:00:33', '2021-03-09 02:00:33'),
(599, 'Comilla Sadar', NULL, '3500', 183, '2021-03-09 02:00:33', '2021-03-09 02:00:33'),
(600, 'Courtbari', NULL, '3503', 183, '2021-03-09 02:00:33', '2021-03-09 02:00:33'),
(601, 'Halimanagar', NULL, '3502', 183, '2021-03-09 02:00:33', '2021-03-09 02:00:33');
INSERT INTO `post_offices` (`id`, `name`, `bn_name`, `code`, `thana_id`, `created_at`, `updated_at`) VALUES
(602, 'Suaganj', NULL, '3504', 183, '2021-03-09 02:00:34', '2021-03-09 02:00:34'),
(603, 'Dashpara', NULL, '3518', 184, '2021-03-09 02:00:34', '2021-03-09 02:00:34'),
(604, 'Daudkandi', NULL, '3516', 184, '2021-03-09 02:00:34', '2021-03-09 02:00:34'),
(605, 'Eliotganj', NULL, '3519', 184, '2021-03-09 02:00:34', '2021-03-09 02:00:34'),
(606, 'Gouripur', NULL, '3517', 184, '2021-03-09 02:00:34', '2021-03-09 02:00:34'),
(607, 'Barashalghar', NULL, '3532', 185, '2021-03-09 02:00:34', '2021-03-09 02:00:34'),
(608, 'Debidwar', NULL, '3530', 185, '2021-03-09 02:00:35', '2021-03-09 02:00:35'),
(609, 'Dhamtee', NULL, '3533', 185, '2021-03-09 02:00:35', '2021-03-09 02:00:35'),
(610, 'Gangamandal', NULL, '3531', 185, '2021-03-09 02:00:35', '2021-03-09 02:00:35'),
(611, 'Homna', NULL, '3546', 186, '2021-03-09 02:00:35', '2021-03-09 02:00:35'),
(612, 'Bipulasar', NULL, '3572', 187, '2021-03-09 02:00:35', '2021-03-09 02:00:35'),
(613, 'Laksam', NULL, '3570', 187, '2021-03-09 02:00:35', '2021-03-09 02:00:35'),
(614, 'Lakshamanpur', NULL, '3571', 187, '2021-03-09 02:00:36', '2021-03-09 02:00:36'),
(615, 'Chhariabazar', NULL, '3582', 188, '2021-03-09 02:00:36', '2021-03-09 02:00:36'),
(616, 'Dhalua', NULL, '3581', 188, '2021-03-09 02:00:36', '2021-03-09 02:00:36'),
(617, 'Gunabati', NULL, '3583', 188, '2021-03-09 02:00:36', '2021-03-09 02:00:36'),
(618, 'Nangalkot', NULL, '3580', 188, '2021-03-09 02:00:36', '2021-03-09 02:00:36'),
(619, 'Bangra', NULL, '3543', 189, '2021-03-09 02:00:37', '2021-03-09 02:00:37'),
(620, 'Companyganj', NULL, '3542', 189, '2021-03-09 02:00:37', '2021-03-09 02:00:37'),
(621, 'Muradnagar', NULL, '3540', 189, '2021-03-09 02:00:37', '2021-03-09 02:00:37'),
(622, 'Pantibazar', NULL, '3545', 189, '2021-03-09 02:00:37', '2021-03-09 02:00:37'),
(623, 'Ramchandarpur', NULL, '3541', 189, '2021-03-09 02:00:37', '2021-03-09 02:00:37'),
(624, 'Sonakanda', NULL, '3544', 189, '2021-03-09 02:00:37', '2021-03-09 02:00:37'),
(625, 'Badarkali', NULL, '4742', 190, '2021-03-09 02:00:38', '2021-03-09 02:00:38'),
(626, 'Chiringga', NULL, '4740', 190, '2021-03-09 02:00:38', '2021-03-09 02:00:38'),
(627, 'Chiringga S.O', NULL, '4741', 190, '2021-03-09 02:00:38', '2021-03-09 02:00:38'),
(628, 'Malumghat', NULL, '4743', 190, '2021-03-09 02:00:38', '2021-03-09 02:00:38'),
(629, 'Cox\'s bazar Sadar', NULL, '4700', 191, '2021-03-09 02:00:38', '2021-03-09 02:00:38'),
(630, 'Eidga', NULL, '4702', 191, '2021-03-09 02:00:38', '2021-03-09 02:00:38'),
(631, 'Zhilanja', NULL, '4701', 191, '2021-03-09 02:00:38', '2021-03-09 02:00:38'),
(632, 'Gorakghat', NULL, '4710', 192, '2021-03-09 02:00:39', '2021-03-09 02:00:39'),
(633, 'Kutubdia', NULL, '4720', 193, '2021-03-09 02:00:39', '2021-03-09 02:00:39'),
(634, 'Ramu', NULL, '4730', 194, '2021-03-09 02:00:39', '2021-03-09 02:00:39'),
(635, 'Hnila', NULL, '4761', 195, '2021-03-09 02:00:39', '2021-03-09 02:00:39'),
(636, 'St.Martin', NULL, '4762', 195, '2021-03-09 02:00:40', '2021-03-09 02:00:40'),
(637, 'Teknaf', NULL, '4760', 195, '2021-03-09 02:00:40', '2021-03-09 02:00:40'),
(638, 'Ukhia', NULL, '4750', 196, '2021-03-09 02:00:40', '2021-03-09 02:00:40'),
(639, 'Chagalnaiya', NULL, '3910', 197, '2021-03-09 02:00:40', '2021-03-09 02:00:40'),
(640, 'Daraga Hat', NULL, '3912', 197, '2021-03-09 02:00:40', '2021-03-09 02:00:40'),
(641, 'Maharajganj', NULL, '3911', 197, '2021-03-09 02:00:40', '2021-03-09 02:00:40'),
(642, 'Puabashimulia', NULL, '3913', 197, '2021-03-09 02:00:41', '2021-03-09 02:00:41'),
(643, 'Chhilonia', NULL, '3922', 198, '2021-03-09 02:00:41', '2021-03-09 02:00:41'),
(644, 'Dagondhuia', NULL, '3920', 198, '2021-03-09 02:00:41', '2021-03-09 02:00:41'),
(645, 'Dudmukha', NULL, '3921', 198, '2021-03-09 02:00:41', '2021-03-09 02:00:41'),
(646, 'Rajapur', NULL, '3923', 198, '2021-03-09 02:00:41', '2021-03-09 02:00:41'),
(647, 'Fazilpur', NULL, '3901', 199, '2021-03-09 02:00:41', '2021-03-09 02:00:41'),
(648, 'Feni Sadar', NULL, '3900', 199, '2021-03-09 02:00:42', '2021-03-09 02:00:42'),
(649, 'Laskarhat', NULL, '3903', 199, '2021-03-09 02:00:42', '2021-03-09 02:00:42'),
(650, 'Sharshadie', NULL, '3902', 199, '2021-03-09 02:00:42', '2021-03-09 02:00:42'),
(651, 'Fulgazi', NULL, '3942', 200, '2021-03-09 02:00:42', '2021-03-09 02:00:42'),
(652, 'Munshirhat', NULL, '3943', 200, '2021-03-09 02:00:42', '2021-03-09 02:00:42'),
(653, 'Pashurampur', NULL, '3940', 200, '2021-03-09 02:00:42', '2021-03-09 02:00:42'),
(654, 'Shuarbazar', NULL, '3941', 200, '2021-03-09 02:00:42', '2021-03-09 02:00:42'),
(655, 'Ahmadpur', NULL, '3932', 201, '2021-03-09 02:00:43', '2021-03-09 02:00:43'),
(656, 'Kazirhat', NULL, '3933', 201, '2021-03-09 02:00:43', '2021-03-09 02:00:43'),
(657, 'Motiganj', NULL, '3931', 201, '2021-03-09 02:00:43', '2021-03-09 02:00:43'),
(658, 'Sonagazi', NULL, '3930', 201, '2021-03-09 02:00:43', '2021-03-09 02:00:43'),
(659, 'Dighinala', NULL, '4420', 202, '2021-03-09 02:00:43', '2021-03-09 02:00:43'),
(660, 'Khagrachhari', NULL, '4400', 203, '2021-03-09 02:00:44', '2021-03-09 02:00:44'),
(661, 'Laxmichhari', NULL, '4470', 204, '2021-03-09 02:00:44', '2021-03-09 02:00:44'),
(662, 'Mahalchhari', NULL, '4430', 205, '2021-03-09 02:00:44', '2021-03-09 02:00:44'),
(663, 'Manikchhari', NULL, '4460', 206, '2021-03-09 02:00:44', '2021-03-09 02:00:44'),
(664, 'Matiranga', NULL, '4450', 207, '2021-03-09 02:00:45', '2021-03-09 02:00:45'),
(665, 'Panchhari', NULL, '4410', 208, '2021-03-09 02:00:45', '2021-03-09 02:00:45'),
(666, 'Ramgarh', NULL, '4440', 209, '2021-03-09 02:00:45', '2021-03-09 02:00:45'),
(667, 'Char Alexandar', NULL, '3730', 210, '2021-03-09 02:00:45', '2021-03-09 02:00:45'),
(668, 'Hajirghat', NULL, '3731', 210, '2021-03-09 02:00:45', '2021-03-09 02:00:45'),
(669, 'Ramgatirhat', NULL, '3732', 210, '2021-03-09 02:00:45', '2021-03-09 02:00:45'),
(670, 'Amani Lakshimpur', NULL, '3709', 211, '2021-03-09 02:00:46', '2021-03-09 02:00:46'),
(671, 'Bhabaniganj', NULL, '3702', 211, '2021-03-09 02:00:46', '2021-03-09 02:00:46'),
(672, 'Chandraganj', NULL, '3708', 211, '2021-03-09 02:00:46', '2021-03-09 02:00:46'),
(673, 'Choupalli', NULL, '3707', 211, '2021-03-09 02:00:46', '2021-03-09 02:00:46'),
(674, 'Dalal Bazar', NULL, '3701', 211, '2021-03-09 02:00:46', '2021-03-09 02:00:46'),
(675, 'Duttapara', NULL, '3706', 211, '2021-03-09 02:00:46', '2021-03-09 02:00:46'),
(676, 'Keramatganj', NULL, '3704', 211, '2021-03-09 02:00:46', '2021-03-09 02:00:46'),
(677, 'Lakshmipur Sadar', NULL, '3700', 211, '2021-03-09 02:00:46', '2021-03-09 02:00:46'),
(678, 'Mandari', NULL, '3703', 211, '2021-03-09 02:00:46', '2021-03-09 02:00:46'),
(679, 'Rupchara', NULL, '3705', 211, '2021-03-09 02:00:47', '2021-03-09 02:00:47'),
(680, 'Alipur', NULL, '3721', 212, '2021-03-09 02:00:47', '2021-03-09 02:00:47'),
(681, 'Dolta', NULL, '3725', 212, '2021-03-09 02:00:47', '2021-03-09 02:00:47'),
(682, 'Kanchanpur', NULL, '3723', 212, '2021-03-09 02:00:47', '2021-03-09 02:00:47'),
(683, 'Naagmud', NULL, '3724', 212, '2021-03-09 02:00:47', '2021-03-09 02:00:47'),
(684, 'Panpara', NULL, '3722', 212, '2021-03-09 02:00:47', '2021-03-09 02:00:47'),
(685, 'Ramganj', NULL, '3720', 212, '2021-03-09 02:00:47', '2021-03-09 02:00:47'),
(686, 'Bhuabari', NULL, '3714', 213, '2021-03-09 02:00:48', '2021-03-09 02:00:48'),
(687, 'Haydarganj', NULL, '3713', 213, '2021-03-09 02:00:48', '2021-03-09 02:00:48'),
(688, 'Nagerdighirpar', NULL, '3712', 213, '2021-03-09 02:00:48', '2021-03-09 02:00:48'),
(689, 'Rakhallia', NULL, '3711', 213, '2021-03-09 02:00:48', '2021-03-09 02:00:48'),
(690, 'Raipur', NULL, '3710', 213, '2021-03-09 02:00:48', '2021-03-09 02:00:48'),
(691, 'Basur Hat', NULL, '3850', 214, '2021-03-09 02:00:48', '2021-03-09 02:00:48'),
(692, 'Charhajari', NULL, '3851', 214, '2021-03-09 02:00:48', '2021-03-09 02:00:48'),
(693, 'Alaiarpur', NULL, '3831', 215, '2021-03-09 02:00:49', '2021-03-09 02:00:49'),
(694, 'Amisha Para', NULL, '3847', 215, '2021-03-09 02:00:49', '2021-03-09 02:00:49'),
(695, 'Banglabazar', NULL, '3822', 215, '2021-03-09 02:00:49', '2021-03-09 02:00:49'),
(696, 'Bazra', NULL, '3824', 215, '2021-03-09 02:00:49', '2021-03-09 02:00:49'),
(697, 'Begumganj', NULL, '3820', 215, '2021-03-09 02:00:49', '2021-03-09 02:00:49'),
(698, 'Bhabani Jibanpur', NULL, '3837', 215, '2021-03-09 02:00:49', '2021-03-09 02:00:49'),
(699, 'Choumohani', NULL, '3821', 215, '2021-03-09 02:00:49', '2021-03-09 02:00:49'),
(700, 'Dauti', NULL, '3843', 215, '2021-03-09 02:00:49', '2021-03-09 02:00:49'),
(701, 'Durgapur', NULL, '3848', 215, '2021-03-09 02:00:50', '2021-03-09 02:00:50'),
(702, 'Gopalpur', NULL, '3828', 215, '2021-03-09 02:00:50', '2021-03-09 02:00:50'),
(703, 'Jamidar Hat', NULL, '3825', 215, '2021-03-09 02:00:50', '2021-03-09 02:00:50'),
(704, 'Joyag', NULL, '3844', 215, '2021-03-09 02:00:50', '2021-03-09 02:00:50'),
(705, 'Joynarayanpur', NULL, '3829', 215, '2021-03-09 02:00:50', '2021-03-09 02:00:50'),
(706, 'Khalafat Bazar', NULL, '3833', 215, '2021-03-09 02:00:50', '2021-03-09 02:00:50'),
(707, 'Khalishpur', NULL, '3842', 215, '2021-03-09 02:00:50', '2021-03-09 02:00:50'),
(708, 'Maheshganj', NULL, '3838', 215, '2021-03-09 02:00:51', '2021-03-09 02:00:51'),
(709, 'Mir Owarishpur', NULL, '3823', 215, '2021-03-09 02:00:51', '2021-03-09 02:00:51'),
(710, 'Nadona', NULL, '3839', 215, '2021-03-09 02:00:51', '2021-03-09 02:00:51'),
(711, 'Nandiapara', NULL, '3841', 215, '2021-03-09 02:00:51', '2021-03-09 02:00:51'),
(712, 'Oachhekpur', NULL, '3835', 215, '2021-03-09 02:00:51', '2021-03-09 02:00:51'),
(713, 'Rajganj', NULL, '3834', 215, '2021-03-09 02:00:51', '2021-03-09 02:00:51'),
(714, 'Sonaimuri', NULL, '3827', 215, '2021-03-09 02:00:51', '2021-03-09 02:00:51'),
(715, 'Tangirpar', NULL, '3832', 215, '2021-03-09 02:00:51', '2021-03-09 02:00:51'),
(716, 'Thanar Hat', NULL, '3845', 215, '2021-03-09 02:00:52', '2021-03-09 02:00:52'),
(717, 'Bansa Bazar', NULL, '3879', 216, '2021-03-09 02:00:52', '2021-03-09 02:00:52'),
(718, 'Bodalcourt', NULL, '3873', 216, '2021-03-09 02:00:52', '2021-03-09 02:00:52'),
(719, 'Chatkhil', NULL, '3870', 216, '2021-03-09 02:00:52', '2021-03-09 02:00:52'),
(720, 'Dosh Gharia', NULL, '3878', 216, '2021-03-09 02:00:52', '2021-03-09 02:00:52'),
(721, 'Karihati', NULL, '3877', 216, '2021-03-09 02:00:52', '2021-03-09 02:00:52'),
(722, 'Khilpara', NULL, '3872', 216, '2021-03-09 02:00:52', '2021-03-09 02:00:52'),
(723, 'Palla', NULL, '3871', 216, '2021-03-09 02:00:52', '2021-03-09 02:00:52'),
(724, 'Rezzakpur', NULL, '3874', 216, '2021-03-09 02:00:52', '2021-03-09 02:00:52'),
(725, 'Sahapur', NULL, '3881', 216, '2021-03-09 02:00:53', '2021-03-09 02:00:53'),
(726, 'Sampara', NULL, '3882', 216, '2021-03-09 02:00:53', '2021-03-09 02:00:53'),
(727, 'Shingbahura', NULL, '3883', 216, '2021-03-09 02:00:53', '2021-03-09 02:00:53'),
(728, 'Solla', NULL, '3875', 216, '2021-03-09 02:00:53', '2021-03-09 02:00:53'),
(729, 'Afazia', NULL, '3891', 217, '2021-03-09 02:00:53', '2021-03-09 02:00:53'),
(730, 'Hatia', NULL, '3890', 217, '2021-03-09 02:00:54', '2021-03-09 02:00:54'),
(731, 'Tamoraddi', NULL, '3892', 217, '2021-03-09 02:00:54', '2021-03-09 02:00:54'),
(732, 'Chaprashir Hat', NULL, '3811', 218, '2021-03-09 02:00:54', '2021-03-09 02:00:54'),
(733, 'Char Jabbar', NULL, '3812', 218, '2021-03-09 02:00:54', '2021-03-09 02:00:54'),
(734, 'Charam Tua', NULL, '3809', 218, '2021-03-09 02:00:54', '2021-03-09 02:00:54'),
(735, 'Din Monir Hat', NULL, '3803', 218, '2021-03-09 02:00:54', '2021-03-09 02:00:54'),
(736, 'Kabirhat', NULL, '3807', 218, '2021-03-09 02:00:54', '2021-03-09 02:00:54'),
(737, 'Khalifar Hat', NULL, '3808', 218, '2021-03-09 02:00:54', '2021-03-09 02:00:54'),
(738, 'Mriddarhat', NULL, '3806', 218, '2021-03-09 02:00:55', '2021-03-09 02:00:55'),
(739, 'Noakhali College', NULL, '3801', 218, '2021-03-09 02:00:55', '2021-03-09 02:00:55'),
(740, 'Noakhali Sadar', NULL, '3800', 218, '2021-03-09 02:00:55', '2021-03-09 02:00:55'),
(741, 'Pak Kishoreganj', NULL, '3804', 218, '2021-03-09 02:00:55', '2021-03-09 02:00:55'),
(742, 'Sonapur', NULL, '3802', 218, '2021-03-09 02:00:55', '2021-03-09 02:00:55'),
(743, 'Beezbag', NULL, '3862', 219, '2021-03-09 02:00:55', '2021-03-09 02:00:55'),
(744, 'Chatarpaia', NULL, '3864', 219, '2021-03-09 02:00:55', '2021-03-09 02:00:55'),
(745, 'Kallyandi', NULL, '3861', 219, '2021-03-09 02:00:55', '2021-03-09 02:00:55'),
(746, 'Kankirhat', NULL, '3863', 219, '2021-03-09 02:00:56', '2021-03-09 02:00:56'),
(747, 'Shenbag', NULL, '3860', 219, '2021-03-09 02:00:56', '2021-03-09 02:00:56'),
(748, 'T.P. Lamua', NULL, '3865', 219, '2021-03-09 02:00:56', '2021-03-09 02:00:56'),
(749, 'Barkal', NULL, '4570', 220, '2021-03-09 02:00:56', '2021-03-09 02:00:56'),
(750, 'Bilaichhari', NULL, '4550', 221, '2021-03-09 02:00:56', '2021-03-09 02:00:56'),
(751, 'Jarachhari', NULL, '4560', 222, '2021-03-09 02:00:57', '2021-03-09 02:00:57'),
(752, 'Betbunia', NULL, '4511', 223, '2021-03-09 02:00:57', '2021-03-09 02:00:57'),
(753, 'Kalampati', NULL, '4510', 223, '2021-03-09 02:00:57', '2021-03-09 02:00:57'),
(754, 'Chandraghona', NULL, '4531', 224, '2021-03-09 02:00:57', '2021-03-09 02:00:57'),
(755, 'Kaptai', NULL, '4530', 224, '2021-03-09 02:00:57', '2021-03-09 02:00:57'),
(756, 'Kaptai Nuton Bazar', NULL, '4533', 224, '2021-03-09 02:00:57', '2021-03-09 02:00:57'),
(757, 'Kaptai Project', NULL, '4532', 224, '2021-03-09 02:00:58', '2021-03-09 02:00:58'),
(758, 'Longachh', NULL, '4580', 225, '2021-03-09 02:00:58', '2021-03-09 02:00:58'),
(759, 'Marishya', NULL, '4590', 226, '2021-03-09 02:00:58', '2021-03-09 02:00:58'),
(760, 'Nannerchar', NULL, '4520', 227, '2021-03-09 02:00:58', '2021-03-09 02:00:58'),
(761, 'Rajsthali', NULL, '4540', 228, '2021-03-09 02:00:59', '2021-03-09 02:00:59'),
(762, 'Rangamati Sadar', NULL, '4500', 229, '2021-03-09 02:00:59', '2021-03-09 02:00:59'),
(763, 'Bangla Hili', NULL, '5270', 230, '2021-03-09 02:00:59', '2021-03-09 02:00:59'),
(764, 'Biral', NULL, '5210', 231, '2021-03-09 02:01:00', '2021-03-09 02:01:00'),
(765, 'Birampur', NULL, '5266', 232, '2021-03-09 02:01:00', '2021-03-09 02:01:00'),
(766, 'Birganj', NULL, '5220', 233, '2021-03-09 02:01:00', '2021-03-09 02:01:00'),
(767, 'Chirirbandar', NULL, '5240', 234, '2021-03-09 02:01:00', '2021-03-09 02:01:00'),
(768, 'Ranirbandar', NULL, '5241', 234, '2021-03-09 02:01:00', '2021-03-09 02:01:00'),
(769, 'Dinajpur Rajbari', NULL, '5201', 235, '2021-03-09 02:01:01', '2021-03-09 02:01:01'),
(770, 'Dinajpur Sadar', NULL, '5200', 235, '2021-03-09 02:01:01', '2021-03-09 02:01:01'),
(771, 'Khansama', NULL, '5230', 236, '2021-03-09 02:01:01', '2021-03-09 02:01:01'),
(772, 'Pakarhat', NULL, '5231', 236, '2021-03-09 02:01:01', '2021-03-09 02:01:01'),
(773, 'Maharajganj', NULL, '5226', 237, '2021-03-09 02:01:01', '2021-03-09 02:01:01'),
(774, 'Daudpur', NULL, '5281', 238, '2021-03-09 02:01:02', '2021-03-09 02:01:02'),
(775, 'Gopalpur', NULL, '5282', 238, '2021-03-09 02:01:02', '2021-03-09 02:01:02'),
(776, 'Nawabganj', NULL, '5280', 238, '2021-03-09 02:01:02', '2021-03-09 02:01:02'),
(777, 'Ghoraghat', NULL, '5291', 239, '2021-03-09 02:01:02', '2021-03-09 02:01:02'),
(778, 'Osmanpur', NULL, '5290', 239, '2021-03-09 02:01:02', '2021-03-09 02:01:02'),
(779, 'Parbatipur', NULL, '5250', 240, '2021-03-09 02:01:02', '2021-03-09 02:01:02'),
(780, 'Phulbari', NULL, '5260', 241, '2021-03-09 02:01:03', '2021-03-09 02:01:03'),
(781, 'Setabganj', NULL, '5216', 242, '2021-03-09 02:01:03', '2021-03-09 02:01:03'),
(782, 'Bonarpara', NULL, '5750', 243, '2021-03-09 02:01:03', '2021-03-09 02:01:03'),
(783, 'saghata', NULL, '5751', 243, '2021-03-09 02:01:03', '2021-03-09 02:01:03'),
(784, 'Gaibandha Sadar', NULL, '5700', 244, '2021-03-09 02:01:04', '2021-03-09 02:01:04'),
(785, 'Gobindhaganj', NULL, '5740', 245, '2021-03-09 02:01:04', '2021-03-09 02:01:04'),
(786, 'Mahimaganj', NULL, '5741', 245, '2021-03-09 02:01:04', '2021-03-09 02:01:04'),
(787, 'Palashbari', NULL, '5730', 246, '2021-03-09 02:01:04', '2021-03-09 02:01:04'),
(788, 'Bharatkhali', NULL, '5761', 247, '2021-03-09 02:01:04', '2021-03-09 02:01:04'),
(789, 'Fulchhari', NULL, '5760', 247, '2021-03-09 02:01:05', '2021-03-09 02:01:05'),
(790, 'Naldanga', NULL, '5711', 248, '2021-03-09 02:01:05', '2021-03-09 02:01:05'),
(791, 'Sadullapur', NULL, '5710', 248, '2021-03-09 02:01:05', '2021-03-09 02:01:05'),
(792, 'Bamandanga', NULL, '5721', 249, '2021-03-09 02:01:05', '2021-03-09 02:01:05'),
(793, 'Sundarganj', NULL, '5720', 249, '2021-03-09 02:01:05', '2021-03-09 02:01:05'),
(794, 'Bhurungamari', NULL, '5670', 250, '2021-03-09 02:01:06', '2021-03-09 02:01:06'),
(795, 'Chilmari', NULL, '5630', 251, '2021-03-09 02:01:06', '2021-03-09 02:01:06'),
(796, 'Jorgachh', NULL, '5631', 251, '2021-03-09 02:01:06', '2021-03-09 02:01:06'),
(797, 'Kurigram Sadar', NULL, '5600', 252, '2021-03-09 02:01:06', '2021-03-09 02:01:06'),
(798, 'Pandul', NULL, '5601', 252, '2021-03-09 02:01:06', '2021-03-09 02:01:06'),
(799, 'Phulbari', NULL, '5680', 252, '2021-03-09 02:01:06', '2021-03-09 02:01:06'),
(800, 'Nageshwari', NULL, '5660', 253, '2021-03-09 02:01:07', '2021-03-09 02:01:07'),
(801, 'Nazimkhan', NULL, '5611', 254, '2021-03-09 02:01:07', '2021-03-09 02:01:07'),
(802, 'Rajarhat', NULL, '5610', 254, '2021-03-09 02:01:07', '2021-03-09 02:01:07'),
(803, 'Char Rajibpur', NULL, '5650', 255, '2021-03-09 02:01:07', '2021-03-09 02:01:07'),
(804, 'Rowmari', NULL, '5640', 256, '2021-03-09 02:01:07', '2021-03-09 02:01:07'),
(805, 'Bazarhat', NULL, '5621', 257, '2021-03-09 02:01:08', '2021-03-09 02:01:08'),
(806, 'Ulipur', NULL, '5620', 257, '2021-03-09 02:01:08', '2021-03-09 02:01:08'),
(807, 'Aditmari', NULL, '5510', 258, '2021-03-09 02:01:08', '2021-03-09 02:01:08'),
(808, 'Hatibandha', NULL, '5530', 259, '2021-03-09 02:01:08', '2021-03-09 02:01:08'),
(809, 'Kulaghat SO', NULL, '5502', 260, '2021-03-09 02:01:09', '2021-03-09 02:01:09'),
(810, 'Lalmanirhat Sadar', NULL, '5500', 260, '2021-03-09 02:01:09', '2021-03-09 02:01:09'),
(811, 'Moghalhat', NULL, '5501', 260, '2021-03-09 02:01:09', '2021-03-09 02:01:09'),
(812, 'Baura', NULL, '5541', 261, '2021-03-09 02:01:09', '2021-03-09 02:01:09'),
(813, 'Burimari', NULL, '5542', 261, '2021-03-09 02:01:09', '2021-03-09 02:01:09'),
(814, 'Patgram', NULL, '5540', 261, '2021-03-09 02:01:09', '2021-03-09 02:01:09'),
(815, 'Tushbhandar', NULL, '5520', 262, '2021-03-09 02:01:10', '2021-03-09 02:01:10'),
(816, 'Dimla', NULL, '5350', 263, '2021-03-09 02:01:10', '2021-03-09 02:01:10'),
(817, 'Ghaga Kharibari', NULL, '5351', 263, '2021-03-09 02:01:10', '2021-03-09 02:01:10'),
(818, 'Chilahati', NULL, '5341', 264, '2021-03-09 02:01:10', '2021-03-09 02:01:10'),
(819, 'Domar', NULL, '5340', 264, '2021-03-09 02:01:10', '2021-03-09 02:01:10'),
(820, 'Jaldhaka', NULL, '5330', 265, '2021-03-09 02:01:11', '2021-03-09 02:01:11'),
(821, 'Kishoreganj', NULL, '5320', 266, '2021-03-09 02:01:11', '2021-03-09 02:01:11'),
(822, 'Nilphamari Sadar', NULL, '5300', 267, '2021-03-09 02:01:11', '2021-03-09 02:01:11'),
(823, 'Nilphamari Sugar Mil', NULL, '5301', 267, '2021-03-09 02:01:11', '2021-03-09 02:01:11'),
(824, 'Saidpur', NULL, '5310', 268, '2021-03-09 02:01:11', '2021-03-09 02:01:11'),
(825, 'Saidpur Upashahar', NULL, '5311', 268, '2021-03-09 02:01:12', '2021-03-09 02:01:12'),
(826, 'Boda', NULL, '5010', 269, '2021-03-09 02:01:12', '2021-03-09 02:01:12'),
(827, 'Chotto Dab', NULL, '5040', 270, '2021-03-09 02:01:12', '2021-03-09 02:01:12'),
(828, 'Mirjapur', NULL, '5041', 270, '2021-03-09 02:01:12', '2021-03-09 02:01:12'),
(829, 'Debiganj', NULL, '5020', 271, '2021-03-09 02:01:13', '2021-03-09 02:01:13'),
(830, 'Panchagarh Sadar', NULL, '5000', 272, '2021-03-09 02:01:13', '2021-03-09 02:01:13'),
(831, 'Tetulia', NULL, '5030', 273, '2021-03-09 02:01:13', '2021-03-09 02:01:13'),
(832, 'Badarganj', NULL, '5430', 274, '2021-03-09 02:01:13', '2021-03-09 02:01:13'),
(833, 'Shyampur', NULL, '5431', 274, '2021-03-09 02:01:14', '2021-03-09 02:01:14'),
(834, 'Gangachara', NULL, '5410', 275, '2021-03-09 02:01:14', '2021-03-09 02:01:14'),
(835, 'Haragachh', NULL, '5441', 276, '2021-03-09 02:01:14', '2021-03-09 02:01:14'),
(836, 'Kaunia', NULL, '5440', 276, '2021-03-09 02:01:14', '2021-03-09 02:01:14'),
(837, 'Mithapukur', NULL, '5460', 277, '2021-03-09 02:01:14', '2021-03-09 02:01:14'),
(838, 'Pirgachha', NULL, '5450', 278, '2021-03-09 02:01:15', '2021-03-09 02:01:15'),
(839, 'Alamnagar', NULL, '5402', 279, '2021-03-09 02:01:15', '2021-03-09 02:01:15'),
(840, 'Mahiganj', NULL, '5403', 279, '2021-03-09 02:01:15', '2021-03-09 02:01:15'),
(841, 'Rangpur Cadet Colleg', NULL, '5404', 279, '2021-03-09 02:01:15', '2021-03-09 02:01:15'),
(842, 'Rangpur Carmiecal Col', NULL, '5405', 279, '2021-03-09 02:01:15', '2021-03-09 02:01:15'),
(843, 'Rangpur Sadar', NULL, '5400', 279, '2021-03-09 02:01:15', '2021-03-09 02:01:15'),
(844, 'Rangpur Upa-Shahar', NULL, '5401', 279, '2021-03-09 02:01:16', '2021-03-09 02:01:16'),
(845, 'Taraganj', NULL, '5420', 280, '2021-03-09 02:01:16', '2021-03-09 02:01:16'),
(846, 'Baliadangi', NULL, '5140', 281, '2021-03-09 02:01:16', '2021-03-09 02:01:16'),
(847, 'Lahiri', NULL, '5141', 281, '2021-03-09 02:01:16', '2021-03-09 02:01:16'),
(848, 'Jibanpur', NULL, '5130', 282, '2021-03-09 02:01:17', '2021-03-09 02:01:17'),
(849, 'Pirganj', NULL, '5110', 283, '2021-03-09 02:01:17', '2021-03-09 02:01:17'),
(850, 'Pirganj', NULL, '5470', 283, '2021-03-09 02:01:17', '2021-03-09 02:01:17'),
(851, 'Nekmarad', NULL, '5121', 284, '2021-03-09 02:01:18', '2021-03-09 02:01:18'),
(852, 'Ranisankail', NULL, '5120', 284, '2021-03-09 02:01:18', '2021-03-09 02:01:18'),
(853, 'Ruhia', NULL, '5103', 285, '2021-03-09 02:01:18', '2021-03-09 02:01:18'),
(854, 'Shibganj', NULL, '5102', 285, '2021-03-09 02:01:18', '2021-03-09 02:01:18'),
(855, 'Thakurgaon Road', NULL, '5101', 285, '2021-03-09 02:01:18', '2021-03-09 02:01:18'),
(856, 'Thakurgaon Sadar', NULL, '5100', 285, '2021-03-09 02:01:18', '2021-03-09 02:01:18'),
(857, 'Adamdighi', NULL, '5890', 286, '2021-03-09 02:01:19', '2021-03-09 02:01:19'),
(858, 'Nasharatpur', NULL, '5892', 286, '2021-03-09 02:01:19', '2021-03-09 02:01:19'),
(859, 'Santahar', NULL, '5891', 286, '2021-03-09 02:01:19', '2021-03-09 02:01:19'),
(860, 'Bogra Canttonment', NULL, '5801', 287, '2021-03-09 02:01:19', '2021-03-09 02:01:19'),
(861, 'Bogra Sadar', NULL, '5800', 287, '2021-03-09 02:01:19', '2021-03-09 02:01:19'),
(862, 'Dhunat', NULL, '5850', 288, '2021-03-09 02:01:20', '2021-03-09 02:01:20'),
(863, 'Gosaibari', NULL, '5851', 288, '2021-03-09 02:01:20', '2021-03-09 02:01:20'),
(864, 'Dupchachia', NULL, '5880', 289, '2021-03-09 02:01:20', '2021-03-09 02:01:20'),
(865, 'Talora', NULL, '5881', 289, '2021-03-09 02:01:20', '2021-03-09 02:01:20'),
(866, 'Gabtoli', NULL, '5820', 290, '2021-03-09 02:01:21', '2021-03-09 02:01:21'),
(867, 'Sukhanpukur', NULL, '5821', 290, '2021-03-09 02:01:21', '2021-03-09 02:01:21'),
(868, 'Kahaloo', NULL, '5870', 291, '2021-03-09 02:01:21', '2021-03-09 02:01:21'),
(869, 'Nandigram', NULL, '5860', 292, '2021-03-09 02:01:21', '2021-03-09 02:01:21'),
(870, 'Chandan Baisha', NULL, '5831', 293, '2021-03-09 02:01:21', '2021-03-09 02:01:21'),
(871, 'Sariakandi', NULL, '5830', 293, '2021-03-09 02:01:21', '2021-03-09 02:01:21'),
(872, 'Chandaikona', NULL, '5841', 294, '2021-03-09 02:01:22', '2021-03-09 02:01:22'),
(873, 'Palli Unnyan Accadem', NULL, '5842', 294, '2021-03-09 02:01:22', '2021-03-09 02:01:22'),
(874, 'Sherpur', NULL, '5840', 294, '2021-03-09 02:01:22', '2021-03-09 02:01:22'),
(875, 'Shibganj', NULL, '5810', 295, '2021-03-09 02:01:22', '2021-03-09 02:01:22'),
(876, 'Sonatala', NULL, '5826', 296, '2021-03-09 02:01:22', '2021-03-09 02:01:22'),
(877, 'Bholahat', NULL, '6330', 297, '2021-03-09 02:01:23', '2021-03-09 02:01:23'),
(878, 'Amnura', NULL, '6303', 298, '2021-03-09 02:01:23', '2021-03-09 02:01:23'),
(879, 'Chapinawbganj Sadar', NULL, '6300', 298, '2021-03-09 02:01:23', '2021-03-09 02:01:23'),
(880, 'Rajarampur', NULL, '6301', 298, '2021-03-09 02:01:23', '2021-03-09 02:01:23'),
(881, 'Ramchandrapur', NULL, '6302', 298, '2021-03-09 02:01:23', '2021-03-09 02:01:23'),
(882, 'Mandumala', NULL, '6311', 299, '2021-03-09 02:01:24', '2021-03-09 02:01:24'),
(883, 'Nachole', NULL, '6310', 299, '2021-03-09 02:01:24', '2021-03-09 02:01:24'),
(884, 'Gomashtapur', NULL, '6321', 300, '2021-03-09 02:01:24', '2021-03-09 02:01:24'),
(885, 'Rohanpur', NULL, '6320', 300, '2021-03-09 02:01:24', '2021-03-09 02:01:24'),
(886, 'Kansart', NULL, '6341', 301, '2021-03-09 02:01:25', '2021-03-09 02:01:25'),
(887, 'Manaksha', NULL, '6342', 301, '2021-03-09 02:01:25', '2021-03-09 02:01:25'),
(888, 'Shibganj', NULL, '6340', 301, '2021-03-09 02:01:25', '2021-03-09 02:01:25'),
(889, 'Akklepur', NULL, '5940', 302, '2021-03-09 02:01:25', '2021-03-09 02:01:25'),
(890, 'jamalganj', NULL, '5941', 302, '2021-03-09 02:01:25', '2021-03-09 02:01:25'),
(891, 'Tilakpur', NULL, '5942', 302, '2021-03-09 02:01:25', '2021-03-09 02:01:25'),
(892, 'Joypurhat Sadar', NULL, '5900', 303, '2021-03-09 02:01:26', '2021-03-09 02:01:26'),
(893, 'kalai', NULL, '5930', 304, '2021-03-09 02:01:26', '2021-03-09 02:01:26'),
(894, 'Khetlal', NULL, '5920', 305, '2021-03-09 02:01:26', '2021-03-09 02:01:26'),
(895, 'Panchbibi', NULL, '5910', 306, '2021-03-09 02:01:26', '2021-03-09 02:01:26'),
(896, 'Ahsanganj', NULL, '6596', 307, '2021-03-09 02:01:27', '2021-03-09 02:01:27'),
(897, 'Bandai', NULL, '6597', 307, '2021-03-09 02:01:27', '2021-03-09 02:01:27'),
(898, 'Badalgachhi', NULL, '6570', 308, '2021-03-09 02:01:27', '2021-03-09 02:01:27'),
(899, 'Dhamoirhat', NULL, '6580', 309, '2021-03-09 02:01:27', '2021-03-09 02:01:27'),
(900, 'Mohadevpur', NULL, '6530', 310, '2021-03-09 02:01:28', '2021-03-09 02:01:28'),
(901, 'Naogaon Sadar', NULL, '6500', 311, '2021-03-09 02:01:28', '2021-03-09 02:01:28'),
(902, 'Niamatpur', NULL, '6520', 312, '2021-03-09 02:01:28', '2021-03-09 02:01:28'),
(903, 'Nitpur', NULL, '6550', 313, '2021-03-09 02:01:28', '2021-03-09 02:01:28'),
(904, 'Panguria', NULL, '6552', 313, '2021-03-09 02:01:29', '2021-03-09 02:01:29'),
(905, 'Porsa', NULL, '6551', 313, '2021-03-09 02:01:29', '2021-03-09 02:01:29'),
(906, 'Patnitala', NULL, '6540', 314, '2021-03-09 02:01:29', '2021-03-09 02:01:29'),
(907, 'Balihar', NULL, '6512', 315, '2021-03-09 02:01:29', '2021-03-09 02:01:29'),
(908, 'Manda', NULL, '6511', 315, '2021-03-09 02:01:29', '2021-03-09 02:01:29'),
(909, 'Prasadpur', NULL, '6510', 315, '2021-03-09 02:01:29', '2021-03-09 02:01:29'),
(910, 'Kashimpur', NULL, '6591', 316, '2021-03-09 02:01:30', '2021-03-09 02:01:30'),
(911, 'Raninagar', NULL, '6590', 316, '2021-03-09 02:01:30', '2021-03-09 02:01:30'),
(912, 'Moduhil', NULL, '6561', 317, '2021-03-09 02:01:30', '2021-03-09 02:01:30'),
(913, 'Sapahar', NULL, '6560', 317, '2021-03-09 02:01:30', '2021-03-09 02:01:30'),
(914, 'Abdulpur', NULL, '6422', 318, '2021-03-09 02:01:30', '2021-03-09 02:01:30'),
(915, 'Gopalpur U.P.O', NULL, '6420', 318, '2021-03-09 02:01:31', '2021-03-09 02:01:31'),
(916, 'Lalpur S.O', NULL, '6421', 318, '2021-03-09 02:01:31', '2021-03-09 02:01:31'),
(917, 'Baraigram', NULL, '6432', 319, '2021-03-09 02:01:31', '2021-03-09 02:01:31'),
(918, 'Dayarampur', NULL, '6431', 319, '2021-03-09 02:01:31', '2021-03-09 02:01:31'),
(919, 'Harua', NULL, '6430', 319, '2021-03-09 02:01:31', '2021-03-09 02:01:31'),
(920, 'Hatgurudaspur', NULL, '6440', 320, '2021-03-09 02:01:31', '2021-03-09 02:01:31'),
(921, 'Laxman', NULL, '6410', 321, '2021-03-09 02:01:32', '2021-03-09 02:01:32'),
(922, 'Baiddyabal Gharia', NULL, '6402', 322, '2021-03-09 02:01:32', '2021-03-09 02:01:32'),
(923, 'Digapatia', NULL, '6401', 322, '2021-03-09 02:01:32', '2021-03-09 02:01:32'),
(924, 'Madhnagar', NULL, '6403', 322, '2021-03-09 02:01:32', '2021-03-09 02:01:32'),
(925, 'Natore Sadar', NULL, '6400', 322, '2021-03-09 02:01:32', '2021-03-09 02:01:32'),
(926, 'Singra', NULL, '6450', 323, '2021-03-09 02:01:32', '2021-03-09 02:01:32'),
(927, 'Banwarinagar', NULL, '6650', 324, '2021-03-09 02:01:33', '2021-03-09 02:01:33'),
(928, 'Bera', NULL, '6680', 325, '2021-03-09 02:01:33', '2021-03-09 02:01:33'),
(929, 'Kashinathpur', NULL, '6682', 325, '2021-03-09 02:01:33', '2021-03-09 02:01:33'),
(930, 'Nakalia', NULL, '6681', 325, '2021-03-09 02:01:33', '2021-03-09 02:01:33'),
(931, 'Puran Bharenga', NULL, '6683', 325, '2021-03-09 02:01:33', '2021-03-09 02:01:33'),
(932, 'Bhangura', NULL, '6640', 326, '2021-03-09 02:01:33', '2021-03-09 02:01:33'),
(933, 'Chatmohar', NULL, '6630', 327, '2021-03-09 02:01:34', '2021-03-09 02:01:34'),
(934, 'Debottar', NULL, '6610', 328, '2021-03-09 02:01:34', '2021-03-09 02:01:34'),
(935, 'Dhapari', NULL, '6621', 329, '2021-03-09 02:01:34', '2021-03-09 02:01:34'),
(936, 'Ishwardi', NULL, '6620', 329, '2021-03-09 02:01:34', '2021-03-09 02:01:34'),
(937, 'Pakshi', NULL, '6622', 329, '2021-03-09 02:01:34', '2021-03-09 02:01:34'),
(938, 'Rajapur', NULL, '6623', 329, '2021-03-09 02:01:34', '2021-03-09 02:01:34'),
(939, 'Hamayetpur', NULL, '6602', 330, '2021-03-09 02:01:35', '2021-03-09 02:01:35'),
(940, 'Kaliko Cotton Mills', NULL, '6601', 330, '2021-03-09 02:01:35', '2021-03-09 02:01:35'),
(941, 'Pabna Sadar', NULL, '6600', 330, '2021-03-09 02:01:35', '2021-03-09 02:01:35'),
(942, 'Santhia', NULL, '6670', 331, '2021-03-09 02:01:35', '2021-03-09 02:01:35'),
(943, 'Sagarkandi', NULL, '6661', 332, '2021-03-09 02:01:35', '2021-03-09 02:01:35'),
(944, 'Sujanagar', NULL, '6660', 332, '2021-03-09 02:01:35', '2021-03-09 02:01:35'),
(945, 'Arani', NULL, '6281', 333, '2021-03-09 02:01:36', '2021-03-09 02:01:36'),
(946, 'Bagha', NULL, '6280', 333, '2021-03-09 02:01:36', '2021-03-09 02:01:36'),
(947, 'Bhabaniganj', NULL, '6250', 334, '2021-03-09 02:01:36', '2021-03-09 02:01:36'),
(948, 'Taharpur', NULL, '6251', 334, '2021-03-09 02:01:36', '2021-03-09 02:01:36'),
(949, 'Charghat', NULL, '6270', 335, '2021-03-09 02:01:37', '2021-03-09 02:01:37'),
(950, 'Sarda', NULL, '6271', 335, '2021-03-09 02:01:37', '2021-03-09 02:01:37'),
(951, 'Durgapur', NULL, '6240', 336, '2021-03-09 02:01:37', '2021-03-09 02:01:37'),
(952, 'Godagari', NULL, '6290', 337, '2021-03-09 02:01:37', '2021-03-09 02:01:37'),
(953, 'Premtoli', NULL, '6291', 337, '2021-03-09 02:01:38', '2021-03-09 02:01:38'),
(954, 'Khodmohanpur', NULL, '6220', 338, '2021-03-09 02:01:38', '2021-03-09 02:01:38'),
(955, 'Lalitganj', NULL, '6210', 339, '2021-03-09 02:01:38', '2021-03-09 02:01:38'),
(956, 'Rajshahi Sugar Mills', NULL, '6211', 339, '2021-03-09 02:01:38', '2021-03-09 02:01:38'),
(957, 'Shyampur', NULL, '6212', 339, '2021-03-09 02:01:38', '2021-03-09 02:01:38'),
(958, 'Puthia', NULL, '6260', 340, '2021-03-09 02:01:38', '2021-03-09 02:01:38'),
(959, 'Binodpur Bazar', NULL, '6206', 341, '2021-03-09 02:01:39', '2021-03-09 02:01:39'),
(960, 'Ghuramara', NULL, '6100', 341, '2021-03-09 02:01:39', '2021-03-09 02:01:39'),
(961, 'Kazla', NULL, '6204', 341, '2021-03-09 02:01:39', '2021-03-09 02:01:39'),
(962, 'Rajshahi Canttonment', NULL, '6202', 341, '2021-03-09 02:01:39', '2021-03-09 02:01:39'),
(963, 'Rajshahi Court', NULL, '6201', 341, '2021-03-09 02:01:39', '2021-03-09 02:01:39'),
(964, 'Rajshahi Sadar', NULL, '6000', 341, '2021-03-09 02:01:39', '2021-03-09 02:01:39'),
(965, 'Rajshahi University', NULL, '6205', 341, '2021-03-09 02:01:40', '2021-03-09 02:01:40'),
(966, 'Sapura', NULL, '6203', 341, '2021-03-09 02:01:40', '2021-03-09 02:01:40'),
(967, 'Tanore', NULL, '6230', 342, '2021-03-09 02:01:40', '2021-03-09 02:01:40'),
(968, 'Baiddya Jam Toil', NULL, '6730', 343, '2021-03-09 02:01:40', '2021-03-09 02:01:40'),
(969, 'Belkuchi', NULL, '6740', 344, '2021-03-09 02:01:41', '2021-03-09 02:01:41'),
(970, 'Enayetpur', NULL, '6751', 344, '2021-03-09 02:01:41', '2021-03-09 02:01:41'),
(971, 'Rajapur', NULL, '6742', 344, '2021-03-09 02:01:41', '2021-03-09 02:01:41'),
(972, 'Sohagpur', NULL, '6741', 344, '2021-03-09 02:01:41', '2021-03-09 02:01:41'),
(973, 'Sthal', NULL, '6752', 344, '2021-03-09 02:01:41', '2021-03-09 02:01:41'),
(974, 'Dhangora', NULL, '6720', 345, '2021-03-09 02:01:42', '2021-03-09 02:01:42'),
(975, 'Malonga', NULL, '6721', 345, '2021-03-09 02:01:42', '2021-03-09 02:01:42'),
(976, 'Gandail', NULL, '6712', 346, '2021-03-09 02:01:42', '2021-03-09 02:01:42'),
(977, 'Kazipur', NULL, '6710', 346, '2021-03-09 02:01:42', '2021-03-09 02:01:42'),
(978, 'Shuvgachha', NULL, '6711', 346, '2021-03-09 02:01:42', '2021-03-09 02:01:42'),
(979, 'Jamirta', NULL, '6772', 347, '2021-03-09 02:01:42', '2021-03-09 02:01:42'),
(980, 'Kaijuri', NULL, '6773', 347, '2021-03-09 02:01:43', '2021-03-09 02:01:43'),
(981, 'Porjana', NULL, '6771', 347, '2021-03-09 02:01:43', '2021-03-09 02:01:43'),
(982, 'Shahjadpur', NULL, '6770', 347, '2021-03-09 02:01:43', '2021-03-09 02:01:43'),
(983, 'Raipur', NULL, '6701', 348, '2021-03-09 02:01:43', '2021-03-09 02:01:43'),
(984, 'Rashidabad', NULL, '6702', 348, '2021-03-09 02:01:43', '2021-03-09 02:01:43'),
(985, 'Sirajganj Sadar', NULL, '6700', 348, '2021-03-09 02:01:43', '2021-03-09 02:01:43'),
(986, 'Tarash', NULL, '6780', 349, '2021-03-09 02:01:43', '2021-03-09 02:01:43'),
(987, 'Lahiri Mohanpur', NULL, '6762', 350, '2021-03-09 02:01:44', '2021-03-09 02:01:44'),
(988, 'Salap', NULL, '6763', 350, '2021-03-09 02:01:44', '2021-03-09 02:01:44'),
(989, 'Ullahpara', NULL, '6760', 350, '2021-03-09 02:01:44', '2021-03-09 02:01:44'),
(990, 'Ullahpara R.S', NULL, '6761', 350, '2021-03-09 02:01:44', '2021-03-09 02:01:44'),
(991, 'Dewanganj', NULL, '2030', 351, '2021-03-09 02:01:44', '2021-03-09 02:01:44'),
(992, 'Dewanganj S. Mills', NULL, '2031', 351, '2021-03-09 02:01:45', '2021-03-09 02:01:45'),
(993, 'Durmoot', NULL, '2021', 352, '2021-03-09 02:01:45', '2021-03-09 02:01:45'),
(994, 'Gilabari', NULL, '2022', 352, '2021-03-09 02:01:45', '2021-03-09 02:01:45'),
(995, 'Islampur', NULL, '2020', 352, '2021-03-09 02:01:45', '2021-03-09 02:01:45'),
(996, 'Jamalpur', NULL, '2000', 353, '2021-03-09 02:01:45', '2021-03-09 02:01:45'),
(997, 'Nandina', NULL, '2001', 353, '2021-03-09 02:01:45', '2021-03-09 02:01:45'),
(998, 'Narundi', NULL, '2002', 353, '2021-03-09 02:01:46', '2021-03-09 02:01:46'),
(999, 'Jamalpur', NULL, '2011', 354, '2021-03-09 02:01:46', '2021-03-09 02:01:46'),
(1000, 'Mahmoodpur', NULL, '2013', 354, '2021-03-09 02:01:46', '2021-03-09 02:01:46'),
(1001, 'Malancha', NULL, '2012', 354, '2021-03-09 02:01:46', '2021-03-09 02:01:46'),
(1002, 'Melandaha', NULL, '2010', 354, '2021-03-09 02:01:46', '2021-03-09 02:01:46'),
(1003, 'Balijhuri', NULL, '2041', 355, '2021-03-09 02:01:46', '2021-03-09 02:01:46'),
(1004, 'Madarganj', NULL, '2040', 355, '2021-03-09 02:01:46', '2021-03-09 02:01:46'),
(1005, 'Bausee', NULL, '2052', 356, '2021-03-09 02:01:47', '2021-03-09 02:01:47'),
(1006, 'Gunerbari', NULL, '2051', 356, '2021-03-09 02:01:47', '2021-03-09 02:01:47'),
(1007, 'Jagannath Ghat', NULL, '2053', 356, '2021-03-09 02:01:47', '2021-03-09 02:01:47'),
(1008, 'Jamuna Sar Karkhana', NULL, '2055', 356, '2021-03-09 02:01:47', '2021-03-09 02:01:47'),
(1009, 'Pingna', NULL, '2054', 356, '2021-03-09 02:01:47', '2021-03-09 02:01:47'),
(1010, 'Sarishabari', NULL, '2050', 356, '2021-03-09 02:01:47', '2021-03-09 02:01:47'),
(1011, 'Bhaluka', NULL, '2240', 357, '2021-03-09 02:01:48', '2021-03-09 02:01:48'),
(1012, 'Fulbaria', NULL, '2216', 358, '2021-03-09 02:01:48', '2021-03-09 02:01:48'),
(1013, 'Duttarbazar', NULL, '2234', 359, '2021-03-09 02:01:48', '2021-03-09 02:01:48'),
(1014, 'Gaffargaon', NULL, '2230', 359, '2021-03-09 02:01:48', '2021-03-09 02:01:48'),
(1015, 'Kandipara', NULL, '2233', 359, '2021-03-09 02:01:48', '2021-03-09 02:01:48'),
(1016, 'Shibganj', NULL, '2231', 359, '2021-03-09 02:01:48', '2021-03-09 02:01:48'),
(1017, 'Usti', NULL, '2232', 359, '2021-03-09 02:01:49', '2021-03-09 02:01:49'),
(1018, 'Gauripur', NULL, '2270', 360, '2021-03-09 02:01:49', '2021-03-09 02:01:49'),
(1019, 'Ramgopalpur', NULL, '2271', 360, '2021-03-09 02:01:49', '2021-03-09 02:01:49'),
(1020, 'Dhara', NULL, '2261', 361, '2021-03-09 02:01:49', '2021-03-09 02:01:49'),
(1021, 'Haluaghat', NULL, '2260', 361, '2021-03-09 02:01:49', '2021-03-09 02:01:49'),
(1022, 'Munshirhat', NULL, '2262', 361, '2021-03-09 02:01:49', '2021-03-09 02:01:49'),
(1023, 'Atharabari', NULL, '2282', 362, '2021-03-09 02:01:50', '2021-03-09 02:01:50'),
(1024, 'Ishwarganj', NULL, '2280', 362, '2021-03-09 02:01:50', '2021-03-09 02:01:50'),
(1025, 'Sohagi', NULL, '2281', 362, '2021-03-09 02:01:50', '2021-03-09 02:01:50'),
(1026, 'Muktagachha', NULL, '2210', 363, '2021-03-09 02:01:50', '2021-03-09 02:01:50'),
(1027, 'Agriculture Universi', NULL, '2202', 364, '2021-03-09 02:01:50', '2021-03-09 02:01:50'),
(1028, 'Biddyaganj', NULL, '2204', 364, '2021-03-09 02:01:50', '2021-03-09 02:01:50'),
(1029, 'Kawatkhali', NULL, '2201', 364, '2021-03-09 02:01:51', '2021-03-09 02:01:51'),
(1030, 'Mymensingh Sadar', NULL, '2200', 364, '2021-03-09 02:01:51', '2021-03-09 02:01:51'),
(1031, 'Pearpur', NULL, '2205', 364, '2021-03-09 02:01:51', '2021-03-09 02:01:51'),
(1032, 'Shombhuganj', NULL, '2203', 364, '2021-03-09 02:01:51', '2021-03-09 02:01:51'),
(1033, 'Gangail', NULL, '2291', 365, '2021-03-09 02:01:51', '2021-03-09 02:01:51'),
(1034, 'Nandail', NULL, '2290', 365, '2021-03-09 02:01:51', '2021-03-09 02:01:51'),
(1035, 'Beltia', NULL, '2251', 366, '2021-03-09 02:01:51', '2021-03-09 02:01:51'),
(1036, 'Phulpur', NULL, '2250', 366, '2021-03-09 02:01:51', '2021-03-09 02:01:51'),
(1037, 'Tarakanda', NULL, '2252', 366, '2021-03-09 02:01:51', '2021-03-09 02:01:51'),
(1038, 'Ahmadbad', NULL, '2221', 367, '2021-03-09 02:01:52', '2021-03-09 02:01:52'),
(1039, 'Dhala', NULL, '2223', 367, '2021-03-09 02:01:52', '2021-03-09 02:01:52'),
(1040, 'Ram Amritaganj', NULL, '2222', 367, '2021-03-09 02:01:52', '2021-03-09 02:01:52'),
(1041, 'Trishal', NULL, '2220', 367, '2021-03-09 02:01:52', '2021-03-09 02:01:52'),
(1042, 'Dhobaura', NULL, '2416', 368, '2021-03-09 02:01:52', '2021-03-09 02:01:52'),
(1043, 'Susnng Durgapur', NULL, '2420', 369, '2021-03-09 02:01:53', '2021-03-09 02:01:53'),
(1044, 'Atpara', NULL, '2470', 370, '2021-03-09 02:01:53', '2021-03-09 02:01:53'),
(1045, 'Barhatta', NULL, '2440', 371, '2021-03-09 02:01:53', '2021-03-09 02:01:53'),
(1046, 'Dharampasha', NULL, '2450', 372, '2021-03-09 02:01:53', '2021-03-09 02:01:53'),
(1047, 'Dhobaura', NULL, '2416', 373, '2021-03-09 02:01:54', '2021-03-09 02:01:54'),
(1048, 'Sakoai', NULL, '2417', 373, '2021-03-09 02:01:54', '2021-03-09 02:01:54'),
(1049, 'Kalmakanda', NULL, '2430', 374, '2021-03-09 02:01:54', '2021-03-09 02:01:54'),
(1050, 'Kendua', NULL, '2480', 375, '2021-03-09 02:01:54', '2021-03-09 02:01:54'),
(1051, 'Khaliajhri', NULL, '2460', 376, '2021-03-09 02:01:54', '2021-03-09 02:01:54'),
(1052, 'Shaldigha', NULL, '2462', 376, '2021-03-09 02:01:55', '2021-03-09 02:01:55'),
(1053, 'Madan', NULL, '2490', 377, '2021-03-09 02:01:55', '2021-03-09 02:01:55'),
(1054, 'Moddoynagar', NULL, '2456', 378, '2021-03-09 02:01:55', '2021-03-09 02:01:55'),
(1055, 'Mohanganj', NULL, '2446', 379, '2021-03-09 02:01:56', '2021-03-09 02:01:56'),
(1056, 'Baikherhati', NULL, '2401', 380, '2021-03-09 02:01:56', '2021-03-09 02:01:56'),
(1057, 'Netrakona Sadar', NULL, '2400', 380, '2021-03-09 02:01:56', '2021-03-09 02:01:56'),
(1058, 'Jaria Jhanjhail', NULL, '2412', 381, '2021-03-09 02:01:56', '2021-03-09 02:01:56'),
(1059, 'Purbadhola', NULL, '2410', 381, '2021-03-09 02:01:56', '2021-03-09 02:01:56'),
(1060, 'Shamgonj', NULL, '2411', 381, '2021-03-09 02:01:57', '2021-03-09 02:01:57'),
(1061, 'Baksiganj', NULL, '2140', 382, '2021-03-09 02:01:57', '2021-03-09 02:01:57'),
(1062, 'Jhinaigati', NULL, '2120', 383, '2021-03-09 02:01:57', '2021-03-09 02:01:57'),
(1063, 'Gonopaddi', NULL, '2151', 384, '2021-03-09 02:01:58', '2021-03-09 02:01:58'),
(1064, 'Nakla', NULL, '2150', 384, '2021-03-09 02:01:58', '2021-03-09 02:01:58'),
(1065, 'Hatibandha', NULL, '2111', 385, '2021-03-09 02:01:58', '2021-03-09 02:01:58'),
(1066, 'Nalitabari', NULL, '2110', 385, '2021-03-09 02:01:58', '2021-03-09 02:01:58'),
(1067, 'Sherpur Shadar', NULL, '2100', 386, '2021-03-09 02:01:58', '2021-03-09 02:01:58'),
(1068, 'Shribardi', NULL, '2130', 387, '2021-03-09 02:01:59', '2021-03-09 02:01:59'),
(1069, 'Amtali', NULL, '8710', 388, '2021-03-09 02:01:59', '2021-03-09 02:01:59'),
(1070, 'Bamna', NULL, '8730', 389, '2021-03-09 02:01:59', '2021-03-09 02:01:59'),
(1071, 'Barguna Sadar', NULL, '8700', 390, '2021-03-09 02:02:00', '2021-03-09 02:02:00'),
(1072, 'Nali Bandar', NULL, '8701', 390, '2021-03-09 02:02:00', '2021-03-09 02:02:00'),
(1073, 'Betagi', NULL, '8740', 391, '2021-03-09 02:02:00', '2021-03-09 02:02:00'),
(1074, 'Darul Ulam', NULL, '8741', 391, '2021-03-09 02:02:00', '2021-03-09 02:02:00'),
(1075, 'Kakchira', NULL, '8721', 392, '2021-03-09 02:02:00', '2021-03-09 02:02:00'),
(1076, 'Patharghata', NULL, '8720', 392, '2021-03-09 02:02:00', '2021-03-09 02:02:00'),
(1077, 'Agailjhara', NULL, '8240', 393, '2021-03-09 02:02:01', '2021-03-09 02:02:01'),
(1078, 'Gaila', NULL, '8241', 393, '2021-03-09 02:02:01', '2021-03-09 02:02:01'),
(1079, 'Paisarhat', NULL, '8242', 393, '2021-03-09 02:02:01', '2021-03-09 02:02:01'),
(1080, 'Babuganj', NULL, '8210', 394, '2021-03-09 02:02:01', '2021-03-09 02:02:01'),
(1081, 'Barisal Cadet', NULL, '8216', 394, '2021-03-09 02:02:01', '2021-03-09 02:02:01'),
(1082, 'Chandpasha', NULL, '8212', 394, '2021-03-09 02:02:01', '2021-03-09 02:02:01'),
(1083, 'Madhabpasha', NULL, '8213', 394, '2021-03-09 02:02:02', '2021-03-09 02:02:02'),
(1084, 'Nizamuddin College', NULL, '8215', 394, '2021-03-09 02:02:02', '2021-03-09 02:02:02'),
(1085, 'Rahamatpur', NULL, '8211', 394, '2021-03-09 02:02:02', '2021-03-09 02:02:02'),
(1086, 'Thakur Mallik', NULL, '8214', 394, '2021-03-09 02:02:02', '2021-03-09 02:02:02'),
(1087, 'Barajalia', NULL, '8260', 395, '2021-03-09 02:02:02', '2021-03-09 02:02:02'),
(1088, 'Osman Manjil', NULL, '8261', 395, '2021-03-09 02:02:02', '2021-03-09 02:02:02'),
(1089, 'Barisal Sadar', NULL, '8200', 396, '2021-03-09 02:02:03', '2021-03-09 02:02:03'),
(1090, 'Bukhainagar', NULL, '8201', 396, '2021-03-09 02:02:03', '2021-03-09 02:02:03'),
(1091, 'Jaguarhat', NULL, '8206', 396, '2021-03-09 02:02:03', '2021-03-09 02:02:03'),
(1092, 'Kashipur', NULL, '8205', 396, '2021-03-09 02:02:03', '2021-03-09 02:02:03'),
(1093, 'Patang', NULL, '8204', 396, '2021-03-09 02:02:03', '2021-03-09 02:02:03'),
(1094, 'Saheberhat', NULL, '8202', 396, '2021-03-09 02:02:03', '2021-03-09 02:02:03'),
(1095, 'Sugandia', NULL, '8203', 396, '2021-03-09 02:02:03', '2021-03-09 02:02:03'),
(1096, 'Batajor', NULL, '8233', 397, '2021-03-09 02:02:04', '2021-03-09 02:02:04'),
(1097, 'Gaurnadi', NULL, '8230', 397, '2021-03-09 02:02:04', '2021-03-09 02:02:04'),
(1098, 'Kashemabad', NULL, '8232', 397, '2021-03-09 02:02:04', '2021-03-09 02:02:04'),
(1099, 'Tarki Bandar', NULL, '8231', 397, '2021-03-09 02:02:04', '2021-03-09 02:02:04'),
(1100, 'Langutia', NULL, '8274', 398, '2021-03-09 02:02:04', '2021-03-09 02:02:04'),
(1101, 'Laskarpur', NULL, '8271', 398, '2021-03-09 02:02:05', '2021-03-09 02:02:05'),
(1102, 'Mahendiganj', NULL, '8270', 398, '2021-03-09 02:02:05', '2021-03-09 02:02:05'),
(1103, 'Nalgora', NULL, '8273', 398, '2021-03-09 02:02:05', '2021-03-09 02:02:05'),
(1104, 'Ulania', NULL, '8272', 398, '2021-03-09 02:02:05', '2021-03-09 02:02:05'),
(1105, 'Charkalekhan', NULL, '8252', 399, '2021-03-09 02:02:05', '2021-03-09 02:02:05'),
(1106, 'Kazirchar', NULL, '8251', 399, '2021-03-09 02:02:05', '2021-03-09 02:02:05'),
(1107, 'Muladi', NULL, '8250', 399, '2021-03-09 02:02:06', '2021-03-09 02:02:06'),
(1108, 'Charamandi', NULL, '8281', 400, '2021-03-09 02:02:06', '2021-03-09 02:02:06'),
(1109, 'kalaskati', NULL, '8284', 400, '2021-03-09 02:02:06', '2021-03-09 02:02:06'),
(1110, 'Padri Shibpur', NULL, '8282', 400, '2021-03-09 02:02:06', '2021-03-09 02:02:06'),
(1111, 'Sahebganj', NULL, '8280', 400, '2021-03-09 02:02:06', '2021-03-09 02:02:06'),
(1112, 'Shialguni', NULL, '8283', 400, '2021-03-09 02:02:06', '2021-03-09 02:02:06'),
(1113, 'Dakuarhat', NULL, '8223', 401, '2021-03-09 02:02:06', '2021-03-09 02:02:06'),
(1114, 'Dhamura', NULL, '8221', 401, '2021-03-09 02:02:07', '2021-03-09 02:02:07'),
(1115, 'Jugirkanda', NULL, '8222', 401, '2021-03-09 02:02:07', '2021-03-09 02:02:07'),
(1116, 'Shikarpur', NULL, '8224', 401, '2021-03-09 02:02:07', '2021-03-09 02:02:07'),
(1117, 'Uzirpur', NULL, '8220', 401, '2021-03-09 02:02:07', '2021-03-09 02:02:07'),
(1118, 'Bhola Sadar', NULL, '8300', 402, '2021-03-09 02:02:07', '2021-03-09 02:02:07'),
(1119, 'Joynagar', NULL, '8301', 402, '2021-03-09 02:02:07', '2021-03-09 02:02:07'),
(1120, 'Burhanuddin', NULL, '8320', 403, '2021-03-09 02:02:08', '2021-03-09 02:02:08'),
(1121, 'Mirzakalu', NULL, '8321', 403, '2021-03-09 02:02:08', '2021-03-09 02:02:08'),
(1122, 'Char Fasson', NULL, '8340', 404, '2021-03-09 02:02:08', '2021-03-09 02:02:08'),
(1123, 'Dularhat', NULL, '8341', 404, '2021-03-09 02:02:08', '2021-03-09 02:02:08'),
(1124, 'Keramatganj', NULL, '8342', 404, '2021-03-09 02:02:08', '2021-03-09 02:02:08'),
(1125, 'Daulatkhan', NULL, '8310', 405, '2021-03-09 02:02:09', '2021-03-09 02:02:09'),
(1126, 'Hajipur', NULL, '8311', 405, '2021-03-09 02:02:09', '2021-03-09 02:02:09'),
(1127, 'Hajirhat', NULL, '8360', 406, '2021-03-09 02:02:09', '2021-03-09 02:02:09'),
(1128, 'Hatshoshiganj', NULL, '8350', 407, '2021-03-09 02:02:09', '2021-03-09 02:02:09'),
(1129, 'Daurihat', NULL, '8331', 408, '2021-03-09 02:02:10', '2021-03-09 02:02:10'),
(1130, 'Gazaria', NULL, '8332', 408, '2021-03-09 02:02:10', '2021-03-09 02:02:10'),
(1131, 'Lalmohan', NULL, '8330', 408, '2021-03-09 02:02:10', '2021-03-09 02:02:10'),
(1132, 'Baukathi', NULL, '8402', 409, '2021-03-09 02:02:10', '2021-03-09 02:02:10'),
(1133, 'Gabha', NULL, '8403', 409, '2021-03-09 02:02:10', '2021-03-09 02:02:10'),
(1134, 'Jhalokati Sadar', NULL, '8400', 409, '2021-03-09 02:02:11', '2021-03-09 02:02:11'),
(1135, 'Nabagram', NULL, '8401', 409, '2021-03-09 02:02:11', '2021-03-09 02:02:11'),
(1136, 'Shekherhat', NULL, '8404', 409, '2021-03-09 02:02:11', '2021-03-09 02:02:11'),
(1137, 'Amua', NULL, '8431', 410, '2021-03-09 02:02:11', '2021-03-09 02:02:11'),
(1138, 'Kathalia', NULL, '8430', 410, '2021-03-09 02:02:11', '2021-03-09 02:02:11'),
(1139, 'Niamatee', NULL, '8432', 410, '2021-03-09 02:02:11', '2021-03-09 02:02:11'),
(1140, 'Shoulajalia', NULL, '8433', 410, '2021-03-09 02:02:11', '2021-03-09 02:02:11'),
(1141, 'Beerkathi', NULL, '8421', 411, '2021-03-09 02:02:12', '2021-03-09 02:02:12'),
(1142, 'Nalchity', NULL, '8420', 411, '2021-03-09 02:02:12', '2021-03-09 02:02:12'),
(1143, 'Rajapur', NULL, '8410', 412, '2021-03-09 02:02:12', '2021-03-09 02:02:12'),
(1144, 'Bagabandar', NULL, '8621', 413, '2021-03-09 02:02:12', '2021-03-09 02:02:12'),
(1145, 'Bauphal', NULL, '8620', 413, '2021-03-09 02:02:12', '2021-03-09 02:02:12'),
(1146, 'Birpasha', NULL, '8622', 413, '2021-03-09 02:02:12', '2021-03-09 02:02:12'),
(1147, 'Kalaia', NULL, '8624', 413, '2021-03-09 02:02:13', '2021-03-09 02:02:13'),
(1148, 'Kalishari', NULL, '8623', 413, '2021-03-09 02:02:13', '2021-03-09 02:02:13'),
(1149, 'Dashmina', NULL, '8630', 414, '2021-03-09 02:02:13', '2021-03-09 02:02:13'),
(1150, 'Galachipa', NULL, '8640', 415, '2021-03-09 02:02:13', '2021-03-09 02:02:13'),
(1151, 'Gazipur Bandar', NULL, '8641', 415, '2021-03-09 02:02:13', '2021-03-09 02:02:13'),
(1152, 'Khepupara', NULL, '8650', 416, '2021-03-09 02:02:14', '2021-03-09 02:02:14'),
(1153, 'Mahipur', NULL, '8651', 416, '2021-03-09 02:02:14', '2021-03-09 02:02:14'),
(1154, 'Dumkee', NULL, '8602', 417, '2021-03-09 02:02:14', '2021-03-09 02:02:14'),
(1155, 'Moukaran', NULL, '8601', 417, '2021-03-09 02:02:14', '2021-03-09 02:02:14'),
(1156, 'Patuakhali Sadar', NULL, '8600', 417, '2021-03-09 02:02:14', '2021-03-09 02:02:14'),
(1157, 'Rahimabad', NULL, '8603', 417, '2021-03-09 02:02:14', '2021-03-09 02:02:14'),
(1158, 'Subidkhali', NULL, '8610', 418, '2021-03-09 02:02:15', '2021-03-09 02:02:15'),
(1159, 'Banaripara', NULL, '8530', 419, '2021-03-09 02:02:15', '2021-03-09 02:02:15'),
(1160, 'Chakhar', NULL, '8531', 419, '2021-03-09 02:02:15', '2021-03-09 02:02:15'),
(1161, 'Bhandaria', NULL, '8550', 420, '2021-03-09 02:02:15', '2021-03-09 02:02:15'),
(1162, 'Dhaoa', NULL, '8552', 420, '2021-03-09 02:02:16', '2021-03-09 02:02:16'),
(1163, 'Kanudashkathi', NULL, '8551', 420, '2021-03-09 02:02:16', '2021-03-09 02:02:16'),
(1164, 'Jolagati', NULL, '8513', 421, '2021-03-09 02:02:16', '2021-03-09 02:02:16'),
(1165, 'Joykul', NULL, '8512', 421, '2021-03-09 02:02:16', '2021-03-09 02:02:16'),
(1166, 'Kaukhali', NULL, '8510', 421, '2021-03-09 02:02:16', '2021-03-09 02:02:16'),
(1167, 'Keundia', NULL, '8511', 421, '2021-03-09 02:02:16', '2021-03-09 02:02:16'),
(1168, 'Betmor Natun Hat', NULL, '8565', 422, '2021-03-09 02:02:17', '2021-03-09 02:02:17'),
(1169, 'Gulishakhali', NULL, '8563', 422, '2021-03-09 02:02:17', '2021-03-09 02:02:17'),
(1170, 'Halta', NULL, '8562', 422, '2021-03-09 02:02:17', '2021-03-09 02:02:17'),
(1171, 'Mathbaria', NULL, '8560', 422, '2021-03-09 02:02:17', '2021-03-09 02:02:17'),
(1172, 'Shilarganj', NULL, '8566', 422, '2021-03-09 02:02:17', '2021-03-09 02:02:17'),
(1173, 'Tiarkhali', NULL, '8564', 422, '2021-03-09 02:02:17', '2021-03-09 02:02:17'),
(1174, 'Tushkhali', NULL, '8561', 422, '2021-03-09 02:02:17', '2021-03-09 02:02:17'),
(1175, 'Nazirpur', NULL, '8540', 423, '2021-03-09 02:02:18', '2021-03-09 02:02:18'),
(1176, 'Sriramkathi', NULL, '8541', 423, '2021-03-09 02:02:18', '2021-03-09 02:02:18'),
(1177, 'Hularhat', NULL, '8501', 424, '2021-03-09 02:02:18', '2021-03-09 02:02:18'),
(1178, 'Parerhat', NULL, '8502', 424, '2021-03-09 02:02:18', '2021-03-09 02:02:18'),
(1179, 'Pirojpur Sadar', NULL, '8500', 424, '2021-03-09 02:02:18', '2021-03-09 02:02:18'),
(1180, 'Darus Sunnat', NULL, '8521', 425, '2021-03-09 02:02:18', '2021-03-09 02:02:18'),
(1181, 'Jalabari', NULL, '8523', 425, '2021-03-09 02:02:19', '2021-03-09 02:02:19'),
(1182, 'Kaurikhara', NULL, '8522', 425, '2021-03-09 02:02:19', '2021-03-09 02:02:19'),
(1183, 'Swarupkathi', NULL, '8520', 425, '2021-03-09 02:02:19', '2021-03-09 02:02:19'),
(1184, 'Alamdanga', NULL, '7210', 426, '2021-03-09 02:02:19', '2021-03-09 02:02:19'),
(1185, 'Hardi', NULL, '7211', 426, '2021-03-09 02:02:19', '2021-03-09 02:02:19'),
(1186, 'Chuadanga Sadar', NULL, '7200', 427, '2021-03-09 02:02:20', '2021-03-09 02:02:20'),
(1187, 'Munshiganj', NULL, '7201', 427, '2021-03-09 02:02:20', '2021-03-09 02:02:20'),
(1188, 'Andulbaria', NULL, '7222', 428, '2021-03-09 02:02:20', '2021-03-09 02:02:20'),
(1189, 'Damurhuda', NULL, '7220', 428, '2021-03-09 02:02:20', '2021-03-09 02:02:20'),
(1190, 'Darshana', NULL, '7221', 428, '2021-03-09 02:02:20', '2021-03-09 02:02:20'),
(1191, 'Doulatganj', NULL, '7230', 429, '2021-03-09 02:02:21', '2021-03-09 02:02:21'),
(1192, 'Bagerhat Sadar', NULL, '9300', 430, '2021-03-09 02:02:21', '2021-03-09 02:02:21'),
(1193, 'P.C College', NULL, '9301', 430, '2021-03-09 02:02:21', '2021-03-09 02:02:21'),
(1194, 'Rangdia', NULL, '9302', 430, '2021-03-09 02:02:21', '2021-03-09 02:02:21'),
(1195, 'Chalna Ankorage', NULL, '9350', 431, '2021-03-09 02:02:22', '2021-03-09 02:02:22'),
(1196, 'Mongla Port', NULL, '9351', 431, '2021-03-09 02:02:22', '2021-03-09 02:02:22');
INSERT INTO `post_offices` (`id`, `name`, `bn_name`, `code`, `thana_id`, `created_at`, `updated_at`) VALUES
(1197, 'Barabaria', NULL, '9361', 432, '2021-03-09 02:02:22', '2021-03-09 02:02:22'),
(1198, 'Chitalmari', NULL, '9360', 432, '2021-03-09 02:02:22', '2021-03-09 02:02:22'),
(1199, 'Bhanganpar Bazar', NULL, '9372', 433, '2021-03-09 02:02:22', '2021-03-09 02:02:22'),
(1200, 'Fakirhat', NULL, '9370', 433, '2021-03-09 02:02:22', '2021-03-09 02:02:22'),
(1201, 'Mansa', NULL, '9371', 433, '2021-03-09 02:02:23', '2021-03-09 02:02:23'),
(1202, 'Kachua', NULL, '9310', 434, '2021-03-09 02:02:23', '2021-03-09 02:02:23'),
(1203, 'Sonarkola', NULL, '9311', 434, '2021-03-09 02:02:23', '2021-03-09 02:02:23'),
(1204, 'Charkulia', NULL, '9383', 435, '2021-03-09 02:02:23', '2021-03-09 02:02:23'),
(1205, 'Dariala', NULL, '9382', 435, '2021-03-09 02:02:23', '2021-03-09 02:02:23'),
(1206, 'Kahalpur', NULL, '9381', 435, '2021-03-09 02:02:24', '2021-03-09 02:02:24'),
(1207, 'Mollahat', NULL, '9380', 435, '2021-03-09 02:02:24', '2021-03-09 02:02:24'),
(1208, 'Nagarkandi', NULL, '9384', 435, '2021-03-09 02:02:24', '2021-03-09 02:02:24'),
(1209, 'Pak Gangni', NULL, '9385', 435, '2021-03-09 02:02:24', '2021-03-09 02:02:24'),
(1210, 'Morrelganj', NULL, '9320', 436, '2021-03-09 02:02:24', '2021-03-09 02:02:24'),
(1211, 'Sannasi Bazar', NULL, '9321', 436, '2021-03-09 02:02:24', '2021-03-09 02:02:24'),
(1212, 'Telisatee', NULL, '9322', 436, '2021-03-09 02:02:24', '2021-03-09 02:02:24'),
(1213, 'Foylahat', NULL, '9341', 437, '2021-03-09 02:02:25', '2021-03-09 02:02:25'),
(1214, 'Gourambha', NULL, '9343', 437, '2021-03-09 02:02:25', '2021-03-09 02:02:25'),
(1215, 'Rampal', NULL, '9340', 437, '2021-03-09 02:02:25', '2021-03-09 02:02:25'),
(1216, 'Sonatunia', NULL, '9342', 437, '2021-03-09 02:02:25', '2021-03-09 02:02:25'),
(1217, 'Rayenda', NULL, '9330', 438, '2021-03-09 02:02:25', '2021-03-09 02:02:25'),
(1218, 'Bagherpara', NULL, '7470', 439, '2021-03-09 02:02:26', '2021-03-09 02:02:26'),
(1219, 'Gouranagar', NULL, '7471', 439, '2021-03-09 02:02:26', '2021-03-09 02:02:26'),
(1220, 'Chougachha', NULL, '7410', 440, '2021-03-09 02:02:26', '2021-03-09 02:02:26'),
(1221, 'Basundia', NULL, '7406', 441, '2021-03-09 02:02:26', '2021-03-09 02:02:26'),
(1222, 'Chanchra', NULL, '7402', 441, '2021-03-09 02:02:27', '2021-03-09 02:02:27'),
(1223, 'Churamankathi', NULL, '7407', 441, '2021-03-09 02:02:27', '2021-03-09 02:02:27'),
(1224, 'Jessore Airbach', NULL, '7404', 441, '2021-03-09 02:02:27', '2021-03-09 02:02:27'),
(1225, 'Jessore canttonment', NULL, '7403', 441, '2021-03-09 02:02:27', '2021-03-09 02:02:27'),
(1226, 'Jessore Sadar', NULL, '7400', 441, '2021-03-09 02:02:27', '2021-03-09 02:02:27'),
(1227, 'Jessore Upa-Shahar', NULL, '7401', 441, '2021-03-09 02:02:27', '2021-03-09 02:02:27'),
(1228, 'Rupdia', NULL, '7405', 441, '2021-03-09 02:02:27', '2021-03-09 02:02:27'),
(1229, 'Jhikargachha', NULL, '7420', 442, '2021-03-09 02:02:27', '2021-03-09 02:02:27'),
(1230, 'Keshobpur', NULL, '7450', 443, '2021-03-09 02:02:28', '2021-03-09 02:02:28'),
(1231, 'Manirampur', NULL, '7440', 444, '2021-03-09 02:02:28', '2021-03-09 02:02:28'),
(1232, 'Bhugilhat', NULL, '7462', 445, '2021-03-09 02:02:28', '2021-03-09 02:02:28'),
(1233, 'Noapara', NULL, '7460', 445, '2021-03-09 02:02:28', '2021-03-09 02:02:28'),
(1234, 'Rajghat', NULL, '7461', 445, '2021-03-09 02:02:28', '2021-03-09 02:02:28'),
(1235, 'Bag Achra', NULL, '7433', 446, '2021-03-09 02:02:29', '2021-03-09 02:02:29'),
(1236, 'Benapole', NULL, '7431', 446, '2021-03-09 02:02:29', '2021-03-09 02:02:29'),
(1237, 'Jadabpur', NULL, '7432', 446, '2021-03-09 02:02:29', '2021-03-09 02:02:29'),
(1238, 'Sharsha', NULL, '7430', 446, '2021-03-09 02:02:29', '2021-03-09 02:02:29'),
(1239, 'Harinakunda', NULL, '7310', 447, '2021-03-09 02:02:29', '2021-03-09 02:02:29'),
(1240, 'Jhenaidah Cadet College', NULL, '7301', 448, '2021-03-09 02:02:29', '2021-03-09 02:02:29'),
(1241, 'Jhenaidah Sadar', NULL, '7300', 448, '2021-03-09 02:02:30', '2021-03-09 02:02:30'),
(1242, 'Kotchandpur', NULL, '7330', 449, '2021-03-09 02:02:30', '2021-03-09 02:02:30'),
(1243, 'Maheshpur', NULL, '7340', 450, '2021-03-09 02:02:30', '2021-03-09 02:02:30'),
(1244, 'Hatbar Bazar', NULL, '7351', 451, '2021-03-09 02:02:30', '2021-03-09 02:02:30'),
(1245, 'Naldanga', NULL, '7350', 451, '2021-03-09 02:02:30', '2021-03-09 02:02:30'),
(1246, 'Kumiradaha', NULL, '7321', 452, '2021-03-09 02:02:30', '2021-03-09 02:02:30'),
(1247, 'Shailkupa', NULL, '7320', 452, '2021-03-09 02:02:31', '2021-03-09 02:02:31'),
(1248, 'Alaipur', NULL, '9240', 453, '2021-03-09 02:02:31', '2021-03-09 02:02:31'),
(1249, 'Belphulia', NULL, '9242', 453, '2021-03-09 02:02:31', '2021-03-09 02:02:31'),
(1250, 'Rupsha', NULL, '9241', 453, '2021-03-09 02:02:31', '2021-03-09 02:02:31'),
(1251, 'Batiaghata', NULL, '9260', 454, '2021-03-09 02:02:31', '2021-03-09 02:02:31'),
(1252, 'Surkalee', NULL, '9261', 454, '2021-03-09 02:02:31', '2021-03-09 02:02:31'),
(1253, 'Bajua', NULL, '9272', 455, '2021-03-09 02:02:32', '2021-03-09 02:02:32'),
(1254, 'Chalna Bazar', NULL, '9270', 455, '2021-03-09 02:02:32', '2021-03-09 02:02:32'),
(1255, 'Dakup', NULL, '9271', 455, '2021-03-09 02:02:32', '2021-03-09 02:02:32'),
(1256, 'Nalian', NULL, '9273', 455, '2021-03-09 02:02:32', '2021-03-09 02:02:32'),
(1257, 'Chandni Mahal', NULL, '9221', 456, '2021-03-09 02:02:32', '2021-03-09 02:02:32'),
(1258, 'Dighalia', NULL, '9220', 456, '2021-03-09 02:02:32', '2021-03-09 02:02:32'),
(1259, 'Gazirhat', NULL, '9224', 456, '2021-03-09 02:02:32', '2021-03-09 02:02:32'),
(1260, 'Ghoshghati', NULL, '9223', 456, '2021-03-09 02:02:32', '2021-03-09 02:02:32'),
(1261, 'Senhati', NULL, '9222', 456, '2021-03-09 02:02:33', '2021-03-09 02:02:33'),
(1262, 'Atra Shilpa Area', NULL, '9207', 457, '2021-03-09 02:02:33', '2021-03-09 02:02:33'),
(1263, 'BIT Khulna', NULL, '9203', 457, '2021-03-09 02:02:33', '2021-03-09 02:02:33'),
(1264, 'Doulatpur', NULL, '9202', 457, '2021-03-09 02:02:33', '2021-03-09 02:02:33'),
(1265, 'Jahanabad Canttonmen', NULL, '9205', 457, '2021-03-09 02:02:33', '2021-03-09 02:02:33'),
(1266, 'Khula Sadar', NULL, '9100', 457, '2021-03-09 02:02:33', '2021-03-09 02:02:33'),
(1267, 'Khulna G.P.O', NULL, '9000', 457, '2021-03-09 02:02:33', '2021-03-09 02:02:33'),
(1268, 'Khulna Shipyard', NULL, '9201', 457, '2021-03-09 02:02:34', '2021-03-09 02:02:34'),
(1269, 'Khulna University', NULL, '9208', 457, '2021-03-09 02:02:34', '2021-03-09 02:02:34'),
(1270, 'Siramani', NULL, '9204', 457, '2021-03-09 02:02:34', '2021-03-09 02:02:34'),
(1271, 'Sonali Jute Mills', NULL, '9206', 457, '2021-03-09 02:02:34', '2021-03-09 02:02:34'),
(1272, 'Amadee', NULL, '9291', 458, '2021-03-09 02:02:34', '2021-03-09 02:02:34'),
(1273, 'Madinabad', NULL, '9290', 458, '2021-03-09 02:02:34', '2021-03-09 02:02:34'),
(1274, 'Chandkhali', NULL, '9284', 459, '2021-03-09 02:02:35', '2021-03-09 02:02:35'),
(1275, 'Garaikhali', NULL, '9285', 459, '2021-03-09 02:02:35', '2021-03-09 02:02:35'),
(1276, 'Godaipur', NULL, '9281', 459, '2021-03-09 02:02:35', '2021-03-09 02:02:35'),
(1277, 'Kapilmoni', NULL, '9282', 459, '2021-03-09 02:02:35', '2021-03-09 02:02:35'),
(1278, 'Katipara', NULL, '9283', 459, '2021-03-09 02:02:35', '2021-03-09 02:02:35'),
(1279, 'Paikgachha', NULL, '9280', 459, '2021-03-09 02:02:35', '2021-03-09 02:02:35'),
(1280, 'Phultala', NULL, '9210', 460, '2021-03-09 02:02:35', '2021-03-09 02:02:35'),
(1281, 'Chuknagar', NULL, '9252', 461, '2021-03-09 02:02:36', '2021-03-09 02:02:36'),
(1282, 'Ghonabanda', NULL, '9251', 461, '2021-03-09 02:02:36', '2021-03-09 02:02:36'),
(1283, 'Sajiara', NULL, '9250', 461, '2021-03-09 02:02:36', '2021-03-09 02:02:36'),
(1284, 'Shahapur', NULL, '9253', 461, '2021-03-09 02:02:36', '2021-03-09 02:02:36'),
(1285, 'Pak Barasat', NULL, '9231', 462, '2021-03-09 02:02:36', '2021-03-09 02:02:36'),
(1286, 'Terokhada', NULL, '9230', 462, '2021-03-09 02:02:36', '2021-03-09 02:02:36'),
(1287, 'Allardarga', NULL, '7042', 463, '2021-03-09 02:02:37', '2021-03-09 02:02:37'),
(1288, 'Bheramara', NULL, '7040', 463, '2021-03-09 02:02:37', '2021-03-09 02:02:37'),
(1289, 'Ganges Bheramara', NULL, '7041', 463, '2021-03-09 02:02:37', '2021-03-09 02:02:37'),
(1290, 'Janipur', NULL, '7020', 464, '2021-03-09 02:02:37', '2021-03-09 02:02:37'),
(1291, 'Khoksa', NULL, '7021', 464, '2021-03-09 02:02:37', '2021-03-09 02:02:37'),
(1292, 'Kumarkhali', NULL, '7010', 465, '2021-03-09 02:02:37', '2021-03-09 02:02:37'),
(1293, 'Panti', NULL, '7011', 465, '2021-03-09 02:02:38', '2021-03-09 02:02:38'),
(1294, 'Islami University', NULL, '7003', 466, '2021-03-09 02:02:38', '2021-03-09 02:02:38'),
(1295, 'Jagati', NULL, '7002', 466, '2021-03-09 02:02:38', '2021-03-09 02:02:38'),
(1296, 'Kushtia Mohini', NULL, '7001', 466, '2021-03-09 02:02:38', '2021-03-09 02:02:38'),
(1297, 'Kushtia Sadar', NULL, '7000', 466, '2021-03-09 02:02:38', '2021-03-09 02:02:38'),
(1298, 'Amla Sadarpur', NULL, '7032', 467, '2021-03-09 02:02:39', '2021-03-09 02:02:39'),
(1299, 'Mirpur', NULL, '7030', 467, '2021-03-09 02:02:39', '2021-03-09 02:02:39'),
(1300, 'Poradaha', NULL, '7031', 467, '2021-03-09 02:02:39', '2021-03-09 02:02:39'),
(1301, 'Khasmathurapur', NULL, '7052', 468, '2021-03-09 02:02:39', '2021-03-09 02:02:39'),
(1302, 'Rafayetpur', NULL, '7050', 468, '2021-03-09 02:02:39', '2021-03-09 02:02:39'),
(1303, 'Taragunia', NULL, '7051', 468, '2021-03-09 02:02:39', '2021-03-09 02:02:39'),
(1304, 'Arpara', NULL, '7620', 469, '2021-03-09 02:02:40', '2021-03-09 02:02:40'),
(1305, 'Magura Sadar', NULL, '7600', 470, '2021-03-09 02:02:40', '2021-03-09 02:02:40'),
(1306, 'Binodpur', NULL, '7631', 471, '2021-03-09 02:02:40', '2021-03-09 02:02:40'),
(1307, 'Mohammadpur', NULL, '7630', 471, '2021-03-09 02:02:40', '2021-03-09 02:02:40'),
(1308, 'Nahata', NULL, '7632', 471, '2021-03-09 02:02:40', '2021-03-09 02:02:40'),
(1309, 'Langalbadh', NULL, '7611', 472, '2021-03-09 02:02:40', '2021-03-09 02:02:40'),
(1310, 'Nachol', NULL, '7612', 472, '2021-03-09 02:02:40', '2021-03-09 02:02:40'),
(1311, 'Sreepur', NULL, '7610', 472, '2021-03-09 02:02:41', '2021-03-09 02:02:41'),
(1312, 'Gangni', NULL, '7110', 473, '2021-03-09 02:02:41', '2021-03-09 02:02:41'),
(1313, 'Amjhupi', NULL, '7101', 474, '2021-03-09 02:02:41', '2021-03-09 02:02:41'),
(1314, 'Amjhupi', NULL, '7152', 474, '2021-03-09 02:02:41', '2021-03-09 02:02:41'),
(1315, 'Meherpur Sadar', NULL, '7100', 474, '2021-03-09 02:02:41', '2021-03-09 02:02:41'),
(1316, 'Mujib Nagar Complex', NULL, '7102', 474, '2021-03-09 02:02:42', '2021-03-09 02:02:42'),
(1317, 'Kalia', NULL, '7520', 475, '2021-03-09 02:02:42', '2021-03-09 02:02:42'),
(1318, 'Baradia', NULL, '7514', 476, '2021-03-09 02:02:42', '2021-03-09 02:02:42'),
(1319, 'Itna', NULL, '7512', 476, '2021-03-09 02:02:42', '2021-03-09 02:02:42'),
(1320, 'Laxmipasha', NULL, '7510', 476, '2021-03-09 02:02:42', '2021-03-09 02:02:42'),
(1321, 'Lohagora', NULL, '7511', 476, '2021-03-09 02:02:42', '2021-03-09 02:02:42'),
(1322, 'Naldi', NULL, '7513', 476, '2021-03-09 02:02:43', '2021-03-09 02:02:43'),
(1323, 'Mohajan', NULL, '7521', 477, '2021-03-09 02:02:43', '2021-03-09 02:02:43'),
(1324, 'Narail Sadar', NULL, '7500', 478, '2021-03-09 02:02:43', '2021-03-09 02:02:43'),
(1325, 'Ratanganj', NULL, '7501', 478, '2021-03-09 02:02:43', '2021-03-09 02:02:43'),
(1326, 'Assasuni', NULL, '9460', 479, '2021-03-09 02:02:43', '2021-03-09 02:02:43'),
(1327, 'Baradal', NULL, '9461', 479, '2021-03-09 02:02:44', '2021-03-09 02:02:44'),
(1328, 'Debhata', NULL, '9430', 480, '2021-03-09 02:02:44', '2021-03-09 02:02:44'),
(1329, 'Gurugram', NULL, '9431', 480, '2021-03-09 02:02:44', '2021-03-09 02:02:44'),
(1330, 'Chandanpur', NULL, '9415', 481, '2021-03-09 02:02:44', '2021-03-09 02:02:44'),
(1331, 'Hamidpur', NULL, '9413', 481, '2021-03-09 02:02:44', '2021-03-09 02:02:44'),
(1332, 'Jhaudanga', NULL, '9412', 481, '2021-03-09 02:02:44', '2021-03-09 02:02:44'),
(1333, 'kalaroa', NULL, '9410', 481, '2021-03-09 02:02:45', '2021-03-09 02:02:45'),
(1334, 'Khordo', NULL, '9414', 481, '2021-03-09 02:02:45', '2021-03-09 02:02:45'),
(1335, 'Murarikati', NULL, '9411', 481, '2021-03-09 02:02:45', '2021-03-09 02:02:45'),
(1336, 'Kaliganj', NULL, '9440', 482, '2021-03-09 02:02:45', '2021-03-09 02:02:45'),
(1337, 'Nalta Mubaroknagar', NULL, '9441', 482, '2021-03-09 02:02:45', '2021-03-09 02:02:45'),
(1338, 'Ratanpur', NULL, '9442', 482, '2021-03-09 02:02:45', '2021-03-09 02:02:45'),
(1339, 'Buri Goalini', NULL, '9453', 483, '2021-03-09 02:02:45', '2021-03-09 02:02:45'),
(1340, 'Gabura', NULL, '9454', 483, '2021-03-09 02:02:45', '2021-03-09 02:02:45'),
(1341, 'Habinagar', NULL, '9455', 483, '2021-03-09 02:02:46', '2021-03-09 02:02:46'),
(1342, 'Nakipur', NULL, '9450', 483, '2021-03-09 02:02:46', '2021-03-09 02:02:46'),
(1343, 'Naobeki', NULL, '9452', 483, '2021-03-09 02:02:46', '2021-03-09 02:02:46'),
(1344, 'Noornagar', NULL, '9451', 483, '2021-03-09 02:02:46', '2021-03-09 02:02:46'),
(1345, 'Budhhat', NULL, '9403', 484, '2021-03-09 02:02:46', '2021-03-09 02:02:46'),
(1346, 'Gunakar kati', NULL, '9402', 484, '2021-03-09 02:02:46', '2021-03-09 02:02:46'),
(1347, 'Satkhira Islamia Acc', NULL, '9401', 484, '2021-03-09 02:02:46', '2021-03-09 02:02:46'),
(1348, 'Satkhira Sadar', NULL, '9400', 484, '2021-03-09 02:02:47', '2021-03-09 02:02:47'),
(1349, 'Patkelghata', NULL, '9421', 485, '2021-03-09 02:02:47', '2021-03-09 02:02:47'),
(1350, 'Tala', NULL, '9420', 485, '2021-03-09 02:02:47', '2021-03-09 02:02:47');

-- --------------------------------------------------------

--
-- Table structure for table `thanas`
--

CREATE TABLE `thanas` (
  `id` bigint UNSIGNED NOT NULL,
  `name` varchar(30) COLLATE utf8mb4_unicode_ci NOT NULL,
  `bn_name` varchar(50) COLLATE utf8mb4_unicode_ci DEFAULT NULL,
  `district_id` bigint UNSIGNED NOT NULL,
  `created_at` timestamp NULL DEFAULT NULL,
  `updated_at` timestamp NULL DEFAULT NULL
) ENGINE=InnoDB DEFAULT CHARSET=utf8mb4 COLLATE=utf8mb4_unicode_ci;

--
-- Dumping data for table `thanas`
--

INSERT INTO `thanas` (`id`, `name`, `bn_name`, `district_id`, `created_at`, `updated_at`) VALUES
(1, 'Demra', NULL, 1, '2021-03-09 01:58:54', '2021-03-09 01:58:54'),
(2, 'Dhaka Cantt.', NULL, 1, '2021-03-09 01:58:54', '2021-03-09 01:58:54'),
(3, 'Dhamrai', NULL, 1, '2021-03-09 01:58:55', '2021-03-09 01:58:55'),
(4, 'Dhanmondi', NULL, 1, '2021-03-09 01:58:55', '2021-03-09 01:58:55'),
(5, 'Gulshan', NULL, 1, '2021-03-09 01:58:55', '2021-03-09 01:58:55'),
(6, 'Jatrabari', NULL, 1, '2021-03-09 01:58:55', '2021-03-09 01:58:55'),
(7, 'Joypara', NULL, 1, '2021-03-09 01:58:56', '2021-03-09 01:58:56'),
(8, 'Keraniganj', NULL, 1, '2021-03-09 01:58:56', '2021-03-09 01:58:56'),
(9, 'Khilgaon', NULL, 1, '2021-03-09 01:58:57', '2021-03-09 01:58:57'),
(10, 'Khilkhet', NULL, 1, '2021-03-09 01:58:57', '2021-03-09 01:58:57'),
(11, 'Lalbag', NULL, 1, '2021-03-09 01:58:57', '2021-03-09 01:58:57'),
(12, 'Mirpur', NULL, 1, '2021-03-09 01:58:57', '2021-03-09 01:58:57'),
(13, 'Mohammadpur', NULL, 1, '2021-03-09 01:58:57', '2021-03-09 01:58:57'),
(14, 'Motijheel', NULL, 1, '2021-03-09 01:58:58', '2021-03-09 01:58:58'),
(15, 'Nawabganj', NULL, 1, '2021-03-09 01:58:58', '2021-03-09 01:58:58'),
(16, 'New market', NULL, 1, '2021-03-09 01:58:59', '2021-03-09 01:58:59'),
(17, 'Paltan', NULL, 1, '2021-03-09 01:58:59', '2021-03-09 01:58:59'),
(18, 'Ramna', NULL, 1, '2021-03-09 01:58:59', '2021-03-09 01:58:59'),
(19, 'Sabujbag', NULL, 1, '2021-03-09 01:58:59', '2021-03-09 01:58:59'),
(20, 'Savar', NULL, 1, '2021-03-09 01:58:59', '2021-03-09 01:58:59'),
(21, 'Sutrapur', NULL, 1, '2021-03-09 01:59:01', '2021-03-09 01:59:01'),
(22, 'Tejgaon', NULL, 1, '2021-03-09 01:59:01', '2021-03-09 01:59:01'),
(23, 'Tejgaon Industrial Area', NULL, 1, '2021-03-09 01:59:01', '2021-03-09 01:59:01'),
(24, 'Uttara', NULL, 1, '2021-03-09 01:59:01', '2021-03-09 01:59:01'),
(25, 'Alfadanga', NULL, 2, '2021-03-09 01:59:02', '2021-03-09 01:59:02'),
(26, 'Bhanga', NULL, 2, '2021-03-09 01:59:02', '2021-03-09 01:59:02'),
(27, 'Boalmari', NULL, 2, '2021-03-09 01:59:02', '2021-03-09 01:59:02'),
(28, 'Charbhadrasan', NULL, 2, '2021-03-09 01:59:02', '2021-03-09 01:59:02'),
(29, 'Faridpur Sadar', NULL, 2, '2021-03-09 01:59:03', '2021-03-09 01:59:03'),
(30, 'Madhukhali', NULL, 2, '2021-03-09 01:59:03', '2021-03-09 01:59:03'),
(31, 'Nagarkanda', NULL, 2, '2021-03-09 01:59:04', '2021-03-09 01:59:04'),
(32, 'Sadarpur', NULL, 2, '2021-03-09 01:59:04', '2021-03-09 01:59:04'),
(33, 'Shriangan', NULL, 2, '2021-03-09 01:59:04', '2021-03-09 01:59:04'),
(34, 'Gazipur Sadar', NULL, 3, '2021-03-09 01:59:04', '2021-03-09 01:59:04'),
(35, 'Kaliakior', NULL, 3, '2021-03-09 01:59:05', '2021-03-09 01:59:05'),
(36, 'Kaliganj', NULL, 3, '2021-03-09 01:59:06', '2021-03-09 01:59:06'),
(37, 'Kapasia', NULL, 3, '2021-03-09 01:59:06', '2021-03-09 01:59:06'),
(38, 'Monnunagar', NULL, 3, '2021-03-09 01:59:06', '2021-03-09 01:59:06'),
(39, 'Sripur', NULL, 3, '2021-03-09 01:59:07', '2021-03-09 01:59:07'),
(40, 'Gopalganj Sadar', NULL, 4, '2021-03-09 01:59:08', '2021-03-09 01:59:08'),
(41, 'Kashiani', NULL, 4, '2021-03-09 01:59:08', '2021-03-09 01:59:08'),
(42, 'Kotalipara', NULL, 4, '2021-03-09 01:59:09', '2021-03-09 01:59:09'),
(43, 'Muksudpur', NULL, 4, '2021-03-09 01:59:09', '2021-03-09 01:59:09'),
(44, 'Tungipara', NULL, 4, '2021-03-09 01:59:10', '2021-03-09 01:59:10'),
(45, 'Bajitpur', NULL, 5, '2021-03-09 01:59:10', '2021-03-09 01:59:10'),
(46, 'Bhairab', NULL, 5, '2021-03-09 01:59:10', '2021-03-09 01:59:10'),
(47, 'Hossenpur', NULL, 5, '2021-03-09 01:59:11', '2021-03-09 01:59:11'),
(48, 'Itna', NULL, 5, '2021-03-09 01:59:11', '2021-03-09 01:59:11'),
(49, 'Karimganj', NULL, 5, '2021-03-09 01:59:11', '2021-03-09 01:59:11'),
(50, 'Katiadi', NULL, 5, '2021-03-09 01:59:11', '2021-03-09 01:59:11'),
(51, 'Kishoreganj Sadar', NULL, 5, '2021-03-09 01:59:12', '2021-03-09 01:59:12'),
(52, 'Kuliarchar', NULL, 5, '2021-03-09 01:59:12', '2021-03-09 01:59:12'),
(53, 'Mithamain', NULL, 5, '2021-03-09 01:59:12', '2021-03-09 01:59:12'),
(54, 'Nikli', NULL, 5, '2021-03-09 01:59:13', '2021-03-09 01:59:13'),
(55, 'Ostagram', NULL, 5, '2021-03-09 01:59:13', '2021-03-09 01:59:13'),
(56, 'Pakundia', NULL, 5, '2021-03-09 01:59:13', '2021-03-09 01:59:13'),
(57, 'Tarail', NULL, 5, '2021-03-09 01:59:14', '2021-03-09 01:59:14'),
(58, 'Barhamganj', NULL, 6, '2021-03-09 01:59:14', '2021-03-09 01:59:14'),
(59, 'kalkini', NULL, 6, '2021-03-09 01:59:15', '2021-03-09 01:59:15'),
(60, 'Madaripur Sadar', NULL, 6, '2021-03-09 01:59:15', '2021-03-09 01:59:15'),
(61, 'Rajoir', NULL, 6, '2021-03-09 01:59:16', '2021-03-09 01:59:16'),
(62, 'Daulatpur', NULL, 7, '2021-03-09 01:59:16', '2021-03-09 01:59:16'),
(63, 'Ghior', NULL, 7, '2021-03-09 01:59:16', '2021-03-09 01:59:16'),
(64, 'Lechhraganj', NULL, 7, '2021-03-09 01:59:17', '2021-03-09 01:59:17'),
(65, 'Manikganj Sadar', NULL, 7, '2021-03-09 01:59:17', '2021-03-09 01:59:17'),
(66, 'Saturia', NULL, 7, '2021-03-09 01:59:18', '2021-03-09 01:59:18'),
(67, 'Shibalaya', NULL, 7, '2021-03-09 01:59:18', '2021-03-09 01:59:18'),
(68, 'Singair', NULL, 7, '2021-03-09 01:59:19', '2021-03-09 01:59:19'),
(69, 'Gazaria', NULL, 8, '2021-03-09 01:59:20', '2021-03-09 01:59:20'),
(70, 'Lohajang', NULL, 8, '2021-03-09 01:59:21', '2021-03-09 01:59:21'),
(71, 'Munshiganj Sadar', NULL, 8, '2021-03-09 01:59:22', '2021-03-09 01:59:22'),
(72, 'Sirajdikhan', NULL, 8, '2021-03-09 01:59:23', '2021-03-09 01:59:23'),
(73, 'Sreenagar', NULL, 8, '2021-03-09 01:59:24', '2021-03-09 01:59:24'),
(74, 'Tongibari', NULL, 8, '2021-03-09 01:59:25', '2021-03-09 01:59:25'),
(75, 'Araihazar', NULL, 9, '2021-03-09 01:59:27', '2021-03-09 01:59:27'),
(76, 'Baidder Bazar', NULL, 9, '2021-03-09 01:59:27', '2021-03-09 01:59:27'),
(77, 'Bandar', NULL, 9, '2021-03-09 01:59:28', '2021-03-09 01:59:28'),
(78, 'Fatullah', NULL, 9, '2021-03-09 01:59:28', '2021-03-09 01:59:28'),
(79, 'Naryanganj Sadar', NULL, 9, '2021-03-09 01:59:29', '2021-03-09 01:59:29'),
(80, 'Rupganj', NULL, 9, '2021-03-09 01:59:29', '2021-03-09 01:59:29'),
(81, 'Siddirgonj', NULL, 9, '2021-03-09 01:59:30', '2021-03-09 01:59:30'),
(82, 'Belabo', NULL, 10, '2021-03-09 01:59:31', '2021-03-09 01:59:31'),
(83, 'Monohardi', NULL, 10, '2021-03-09 01:59:31', '2021-03-09 01:59:31'),
(84, 'Narsingdi Sadar', NULL, 10, '2021-03-09 01:59:32', '2021-03-09 01:59:32'),
(85, 'Palash', NULL, 10, '2021-03-09 01:59:32', '2021-03-09 01:59:32'),
(86, 'Raipura', NULL, 10, '2021-03-09 01:59:33', '2021-03-09 01:59:33'),
(87, 'Shibpur', NULL, 10, '2021-03-09 01:59:34', '2021-03-09 01:59:34'),
(88, 'Baliakandi', NULL, 11, '2021-03-09 01:59:34', '2021-03-09 01:59:34'),
(89, 'Pangsha', NULL, 11, '2021-03-09 01:59:34', '2021-03-09 01:59:34'),
(90, 'Rajbari Sadar', NULL, 11, '2021-03-09 01:59:35', '2021-03-09 01:59:35'),
(91, 'Bhedarganj', NULL, 12, '2021-03-09 01:59:36', '2021-03-09 01:59:36'),
(92, 'Damudya', NULL, 12, '2021-03-09 01:59:36', '2021-03-09 01:59:36'),
(93, 'Gosairhat', NULL, 12, '2021-03-09 01:59:36', '2021-03-09 01:59:36'),
(94, 'Jajira', NULL, 12, '2021-03-09 01:59:36', '2021-03-09 01:59:36'),
(95, 'Naria', NULL, 12, '2021-03-09 01:59:36', '2021-03-09 01:59:36'),
(96, 'Shariatpur Sadar -Palong', NULL, 12, '2021-03-09 01:59:37', '2021-03-09 01:59:37'),
(97, 'Basail', NULL, 13, '2021-03-09 01:59:37', '2021-03-09 01:59:37'),
(98, 'Bhuapur', NULL, 13, '2021-03-09 01:59:38', '2021-03-09 01:59:38'),
(99, 'Delduar', NULL, 13, '2021-03-09 01:59:38', '2021-03-09 01:59:38'),
(100, 'Ghatail', NULL, 13, '2021-03-09 01:59:39', '2021-03-09 01:59:39'),
(101, 'Gopalpur', NULL, 13, '2021-03-09 01:59:40', '2021-03-09 01:59:40'),
(102, 'Kalihati', NULL, 13, '2021-03-09 01:59:40', '2021-03-09 01:59:40'),
(103, 'Kashkaolia', NULL, 13, '2021-03-09 01:59:41', '2021-03-09 01:59:41'),
(104, 'Madhupur', NULL, 13, '2021-03-09 01:59:41', '2021-03-09 01:59:41'),
(105, 'Mirzapur', NULL, 13, '2021-03-09 01:59:42', '2021-03-09 01:59:42'),
(106, 'Nagarpur', NULL, 13, '2021-03-09 01:59:42', '2021-03-09 01:59:42'),
(107, 'Sakhipur', NULL, 13, '2021-03-09 01:59:43', '2021-03-09 01:59:43'),
(108, 'Tangail Sadar', NULL, 13, '2021-03-09 01:59:43', '2021-03-09 01:59:43'),
(109, 'Ajmiriganj', NULL, 14, '2021-03-09 01:59:44', '2021-03-09 01:59:44'),
(110, 'Bahubal', NULL, 14, '2021-03-09 01:59:44', '2021-03-09 01:59:44'),
(111, 'Baniachang', NULL, 14, '2021-03-09 01:59:44', '2021-03-09 01:59:44'),
(112, 'Chunarughat', NULL, 14, '2021-03-09 01:59:45', '2021-03-09 01:59:45'),
(113, 'Habiganj Sadar', NULL, 14, '2021-03-09 01:59:45', '2021-03-09 01:59:45'),
(114, 'Kalauk', NULL, 14, '2021-03-09 01:59:46', '2021-03-09 01:59:46'),
(115, 'Madhabpur', NULL, 14, '2021-03-09 01:59:46', '2021-03-09 01:59:46'),
(116, 'Nabiganj', NULL, 14, '2021-03-09 01:59:47', '2021-03-09 01:59:47'),
(117, 'Barlekha', NULL, 15, '2021-03-09 01:59:48', '2021-03-09 01:59:48'),
(118, 'Kamalganj', NULL, 15, '2021-03-09 01:59:49', '2021-03-09 01:59:49'),
(119, 'Kulaura', NULL, 15, '2021-03-09 01:59:49', '2021-03-09 01:59:49'),
(120, 'Moulvibazar Sadar', NULL, 15, '2021-03-09 01:59:50', '2021-03-09 01:59:50'),
(121, 'Rajnagar', NULL, 15, '2021-03-09 01:59:51', '2021-03-09 01:59:51'),
(122, 'Sreemangal', NULL, 15, '2021-03-09 01:59:52', '2021-03-09 01:59:52'),
(123, 'Bishwambarpur', NULL, 16, '2021-03-09 01:59:52', '2021-03-09 01:59:52'),
(124, 'Chhatak', NULL, 16, '2021-03-09 01:59:53', '2021-03-09 01:59:53'),
(125, 'Derai', NULL, 16, '2021-03-09 01:59:54', '2021-03-09 01:59:54'),
(126, 'Dowarabazar', NULL, 16, '2021-03-09 01:59:54', '2021-03-09 01:59:54'),
(127, 'Ghungiar', NULL, 16, '2021-03-09 01:59:54', '2021-03-09 01:59:54'),
(128, 'Jagannathpur', NULL, 16, '2021-03-09 01:59:54', '2021-03-09 01:59:54'),
(129, 'Sachna', NULL, 16, '2021-03-09 01:59:55', '2021-03-09 01:59:55'),
(130, 'Sunamganj Sadar', NULL, 16, '2021-03-09 01:59:56', '2021-03-09 01:59:56'),
(131, 'Tahirpur', NULL, 16, '2021-03-09 01:59:56', '2021-03-09 01:59:56'),
(132, 'Balaganj', NULL, 17, '2021-03-09 01:59:57', '2021-03-09 01:59:57'),
(133, 'Beanibazar', NULL, 17, '2021-03-09 01:59:58', '2021-03-09 01:59:58'),
(134, 'Bishwanath', NULL, 17, '2021-03-09 01:59:59', '2021-03-09 01:59:59'),
(135, 'Fenchuganj', NULL, 17, '2021-03-09 02:00:00', '2021-03-09 02:00:00'),
(136, 'Gowainghat', NULL, 17, '2021-03-09 02:00:00', '2021-03-09 02:00:00'),
(137, 'Golapganj', NULL, 17, '2021-03-09 02:00:01', '2021-03-09 02:00:01'),
(138, 'Jaintiapur', NULL, 17, '2021-03-09 02:00:01', '2021-03-09 02:00:01'),
(139, 'Zakiganj', NULL, 17, '2021-03-09 02:00:02', '2021-03-09 02:00:02'),
(140, 'Kanaighat', NULL, 17, '2021-03-09 02:00:02', '2021-03-09 02:00:02'),
(141, 'Companiganj', NULL, 17, '2021-03-09 02:00:03', '2021-03-09 02:00:03'),
(142, 'Sylhet Sadar', NULL, 17, '2021-03-09 02:00:03', '2021-03-09 02:00:03'),
(143, 'Ali kadam', NULL, 18, '2021-03-09 02:00:05', '2021-03-09 02:00:05'),
(144, 'Bandarban Sadar', NULL, 18, '2021-03-09 02:00:05', '2021-03-09 02:00:05'),
(145, 'Naikhong', NULL, 18, '2021-03-09 02:00:06', '2021-03-09 02:00:06'),
(146, 'Rowangchhari', NULL, 18, '2021-03-09 02:00:06', '2021-03-09 02:00:06'),
(147, 'Ruma', NULL, 18, '2021-03-09 02:00:06', '2021-03-09 02:00:06'),
(148, 'Thanchi', NULL, 18, '2021-03-09 02:00:07', '2021-03-09 02:00:07'),
(149, 'Akhaura', NULL, 19, '2021-03-09 02:00:07', '2021-03-09 02:00:07'),
(150, 'Bancharampur', NULL, 19, '2021-03-09 02:00:08', '2021-03-09 02:00:08'),
(151, 'Brahmanbaria Sadar', NULL, 19, '2021-03-09 02:00:08', '2021-03-09 02:00:08'),
(152, 'Kasba', NULL, 19, '2021-03-09 02:00:09', '2021-03-09 02:00:09'),
(153, 'Nabinagar', NULL, 19, '2021-03-09 02:00:10', '2021-03-09 02:00:10'),
(154, 'Nasirnagar', NULL, 19, '2021-03-09 02:00:11', '2021-03-09 02:00:11'),
(155, 'Sarail', NULL, 19, '2021-03-09 02:00:11', '2021-03-09 02:00:11'),
(156, 'Chandpur Sadar', NULL, 20, '2021-03-09 02:00:12', '2021-03-09 02:00:12'),
(157, 'Faridganj', NULL, 20, '2021-03-09 02:00:13', '2021-03-09 02:00:13'),
(158, 'Haziganj', NULL, 20, '2021-03-09 02:00:13', '2021-03-09 02:00:13'),
(159, 'Haimchar', NULL, 20, '2021-03-09 02:00:14', '2021-03-09 02:00:14'),
(160, 'Kachua', NULL, 20, '2021-03-09 02:00:14', '2021-03-09 02:00:14'),
(161, 'Matlobganj', NULL, 20, '2021-03-09 02:00:15', '2021-03-09 02:00:15'),
(162, 'Shahrasti', NULL, 20, '2021-03-09 02:00:15', '2021-03-09 02:00:15'),
(163, 'Anwara', NULL, 21, '2021-03-09 02:00:16', '2021-03-09 02:00:16'),
(164, 'Boalkhali', NULL, 21, '2021-03-09 02:00:17', '2021-03-09 02:00:17'),
(165, 'Chittagong Sadar', NULL, 21, '2021-03-09 02:00:18', '2021-03-09 02:00:18'),
(166, 'East Joara', NULL, 21, '2021-03-09 02:00:22', '2021-03-09 02:00:22'),
(167, 'Fatikchhari', NULL, 21, '2021-03-09 02:00:23', '2021-03-09 02:00:23'),
(168, 'Hathazari', NULL, 21, '2021-03-09 02:00:23', '2021-03-09 02:00:23'),
(169, 'Jaldi', NULL, 21, '2021-03-09 02:00:25', '2021-03-09 02:00:25'),
(170, 'Lohagara', NULL, 21, '2021-03-09 02:00:25', '2021-03-09 02:00:25'),
(171, 'Mirsharai', NULL, 21, '2021-03-09 02:00:26', '2021-03-09 02:00:26'),
(172, 'Patiya', NULL, 21, '2021-03-09 02:00:27', '2021-03-09 02:00:27'),
(173, 'Rangunia', NULL, 21, '2021-03-09 02:00:27', '2021-03-09 02:00:27'),
(174, 'Raozan', NULL, 21, '2021-03-09 02:00:27', '2021-03-09 02:00:27'),
(175, 'Sandwip', NULL, 21, '2021-03-09 02:00:29', '2021-03-09 02:00:29'),
(176, 'Satkania', NULL, 21, '2021-03-09 02:00:29', '2021-03-09 02:00:29'),
(177, 'Sitakunda', NULL, 21, '2021-03-09 02:00:30', '2021-03-09 02:00:30'),
(178, 'Barura', NULL, 22, '2021-03-09 02:00:31', '2021-03-09 02:00:31'),
(179, 'Brahmanpara', NULL, 22, '2021-03-09 02:00:31', '2021-03-09 02:00:31'),
(180, 'Burichong', NULL, 22, '2021-03-09 02:00:32', '2021-03-09 02:00:32'),
(181, 'Chandina', NULL, 22, '2021-03-09 02:00:32', '2021-03-09 02:00:32'),
(182, 'Chauddagram', NULL, 22, '2021-03-09 02:00:32', '2021-03-09 02:00:32'),
(183, 'Comilla Sadar', NULL, 22, '2021-03-09 02:00:33', '2021-03-09 02:00:33'),
(184, 'Daudkandi', NULL, 22, '2021-03-09 02:00:34', '2021-03-09 02:00:34'),
(185, 'Debidwar', NULL, 22, '2021-03-09 02:00:34', '2021-03-09 02:00:34'),
(186, 'Homna', NULL, 22, '2021-03-09 02:00:35', '2021-03-09 02:00:35'),
(187, 'Laksam', NULL, 22, '2021-03-09 02:00:35', '2021-03-09 02:00:35'),
(188, 'Nangalkot', NULL, 22, '2021-03-09 02:00:36', '2021-03-09 02:00:36'),
(189, 'Muradnagar', NULL, 22, '2021-03-09 02:00:36', '2021-03-09 02:00:36'),
(190, 'Chiringga', NULL, 23, '2021-03-09 02:00:37', '2021-03-09 02:00:37'),
(191, 'Cox\'s bazar Sadar', NULL, 23, '2021-03-09 02:00:38', '2021-03-09 02:00:38'),
(192, 'Gorakghat', NULL, 23, '2021-03-09 02:00:38', '2021-03-09 02:00:38'),
(193, 'Kutubdia', NULL, 23, '2021-03-09 02:00:39', '2021-03-09 02:00:39'),
(194, 'Ramu', NULL, 23, '2021-03-09 02:00:39', '2021-03-09 02:00:39'),
(195, 'Teknaf', NULL, 23, '2021-03-09 02:00:39', '2021-03-09 02:00:39'),
(196, 'Ukhia', NULL, 23, '2021-03-09 02:00:40', '2021-03-09 02:00:40'),
(197, 'Chagalnaiya', NULL, 24, '2021-03-09 02:00:40', '2021-03-09 02:00:40'),
(198, 'Daganbhyan', NULL, 24, '2021-03-09 02:00:41', '2021-03-09 02:00:41'),
(199, 'Feni Sadar', NULL, 24, '2021-03-09 02:00:41', '2021-03-09 02:00:41'),
(200, 'Pashurampur', NULL, 24, '2021-03-09 02:00:42', '2021-03-09 02:00:42'),
(201, 'Sonagazi', NULL, 24, '2021-03-09 02:00:42', '2021-03-09 02:00:42'),
(202, 'Dighinala', NULL, 25, '2021-03-09 02:00:43', '2021-03-09 02:00:43'),
(203, 'Khagrachhari', NULL, 25, '2021-03-09 02:00:44', '2021-03-09 02:00:44'),
(204, 'Laxmichhari', NULL, 25, '2021-03-09 02:00:44', '2021-03-09 02:00:44'),
(205, 'Mahalchhari', NULL, 25, '2021-03-09 02:00:44', '2021-03-09 02:00:44'),
(206, 'Manikchhari', NULL, 25, '2021-03-09 02:00:44', '2021-03-09 02:00:44'),
(207, 'Matiranga', NULL, 25, '2021-03-09 02:00:45', '2021-03-09 02:00:45'),
(208, 'Panchhari', NULL, 25, '2021-03-09 02:00:45', '2021-03-09 02:00:45'),
(209, 'Ramgarh', NULL, 25, '2021-03-09 02:00:45', '2021-03-09 02:00:45'),
(210, 'Char Alexandar', NULL, 26, '2021-03-09 02:00:45', '2021-03-09 02:00:45'),
(211, 'Lakshmipur Sadar', NULL, 26, '2021-03-09 02:00:46', '2021-03-09 02:00:46'),
(212, 'Ramganj', NULL, 26, '2021-03-09 02:00:47', '2021-03-09 02:00:47'),
(213, 'Raipur', NULL, 26, '2021-03-09 02:00:47', '2021-03-09 02:00:47'),
(214, 'Basurhat', NULL, 27, '2021-03-09 02:00:48', '2021-03-09 02:00:48'),
(215, 'Begumganj', NULL, 27, '2021-03-09 02:00:48', '2021-03-09 02:00:48'),
(216, 'Chatkhil', NULL, 27, '2021-03-09 02:00:52', '2021-03-09 02:00:52'),
(217, 'Hatia', NULL, 27, '2021-03-09 02:00:53', '2021-03-09 02:00:53'),
(218, 'Noakhali Sadar', NULL, 27, '2021-03-09 02:00:54', '2021-03-09 02:00:54'),
(219, 'Shenbag', NULL, 27, '2021-03-09 02:00:55', '2021-03-09 02:00:55'),
(220, 'Barkal', NULL, 28, '2021-03-09 02:00:56', '2021-03-09 02:00:56'),
(221, 'Bilaichhari', NULL, 28, '2021-03-09 02:00:56', '2021-03-09 02:00:56'),
(222, 'Jarachhari', NULL, 28, '2021-03-09 02:00:57', '2021-03-09 02:00:57'),
(223, 'Kalampati', NULL, 28, '2021-03-09 02:00:57', '2021-03-09 02:00:57'),
(224, 'kaptai', NULL, 28, '2021-03-09 02:00:57', '2021-03-09 02:00:57'),
(225, 'Longachh', NULL, 28, '2021-03-09 02:00:58', '2021-03-09 02:00:58'),
(226, 'Marishya', NULL, 28, '2021-03-09 02:00:58', '2021-03-09 02:00:58'),
(227, 'Nannerchar', NULL, 28, '2021-03-09 02:00:58', '2021-03-09 02:00:58'),
(228, 'Rajsthali', NULL, 28, '2021-03-09 02:00:58', '2021-03-09 02:00:58'),
(229, 'Rangamati Sadar', NULL, 28, '2021-03-09 02:00:59', '2021-03-09 02:00:59'),
(230, 'Bangla Hili', NULL, 29, '2021-03-09 02:00:59', '2021-03-09 02:00:59'),
(231, 'Biral', NULL, 29, '2021-03-09 02:00:59', '2021-03-09 02:00:59'),
(232, 'Birampur', NULL, 29, '2021-03-09 02:01:00', '2021-03-09 02:01:00'),
(233, 'Birganj', NULL, 29, '2021-03-09 02:01:00', '2021-03-09 02:01:00'),
(234, 'Chirirbandar', NULL, 29, '2021-03-09 02:01:00', '2021-03-09 02:01:00'),
(235, 'Dinajpur Sadar', NULL, 29, '2021-03-09 02:01:01', '2021-03-09 02:01:01'),
(236, 'Khansama', NULL, 29, '2021-03-09 02:01:01', '2021-03-09 02:01:01'),
(237, 'Maharajganj', NULL, 29, '2021-03-09 02:01:01', '2021-03-09 02:01:01'),
(238, 'Nawabganj', NULL, 29, '2021-03-09 02:01:01', '2021-03-09 02:01:01'),
(239, 'Osmanpur', NULL, 29, '2021-03-09 02:01:02', '2021-03-09 02:01:02'),
(240, 'Parbatipur', NULL, 29, '2021-03-09 02:01:02', '2021-03-09 02:01:02'),
(241, 'Phulbari', NULL, 29, '2021-03-09 02:01:02', '2021-03-09 02:01:02'),
(242, 'Setabganj', NULL, 29, '2021-03-09 02:01:03', '2021-03-09 02:01:03'),
(243, 'Bonarpara', NULL, 30, '2021-03-09 02:01:03', '2021-03-09 02:01:03'),
(244, 'Gaibandha Sadar', NULL, 30, '2021-03-09 02:01:04', '2021-03-09 02:01:04'),
(245, 'Gobindaganj', NULL, 30, '2021-03-09 02:01:04', '2021-03-09 02:01:04'),
(246, 'Palashbari', NULL, 30, '2021-03-09 02:01:04', '2021-03-09 02:01:04'),
(247, 'Fulchhari', NULL, 30, '2021-03-09 02:01:04', '2021-03-09 02:01:04'),
(248, 'Sadullapur', NULL, 30, '2021-03-09 02:01:05', '2021-03-09 02:01:05'),
(249, 'Sundarganj', NULL, 30, '2021-03-09 02:01:05', '2021-03-09 02:01:05'),
(250, 'Bhurungamari', NULL, 31, '2021-03-09 02:01:06', '2021-03-09 02:01:06'),
(251, 'Chilmari', NULL, 31, '2021-03-09 02:01:06', '2021-03-09 02:01:06'),
(252, 'Kurigram Sadar', NULL, 31, '2021-03-09 02:01:06', '2021-03-09 02:01:06'),
(253, 'Nageshwari', NULL, 31, '2021-03-09 02:01:07', '2021-03-09 02:01:07'),
(254, 'Rajarhat', NULL, 31, '2021-03-09 02:01:07', '2021-03-09 02:01:07'),
(255, 'Char Rajibpur', NULL, 31, '2021-03-09 02:01:07', '2021-03-09 02:01:07'),
(256, 'Rowmari', NULL, 31, '2021-03-09 02:01:07', '2021-03-09 02:01:07'),
(257, 'Ulipur', NULL, 31, '2021-03-09 02:01:08', '2021-03-09 02:01:08'),
(258, 'Aditmari', NULL, 32, '2021-03-09 02:01:08', '2021-03-09 02:01:08'),
(259, 'Hatibandha', NULL, 32, '2021-03-09 02:01:08', '2021-03-09 02:01:08'),
(260, 'Lalmanirhat Sadar', NULL, 32, '2021-03-09 02:01:08', '2021-03-09 02:01:08'),
(261, 'Patgram', NULL, 32, '2021-03-09 02:01:09', '2021-03-09 02:01:09'),
(262, 'Tushbhandar', NULL, 32, '2021-03-09 02:01:09', '2021-03-09 02:01:09'),
(263, 'Dimla', NULL, 33, '2021-03-09 02:01:10', '2021-03-09 02:01:10'),
(264, 'Domar', NULL, 33, '2021-03-09 02:01:10', '2021-03-09 02:01:10'),
(265, 'Jaldhaka', NULL, 33, '2021-03-09 02:01:10', '2021-03-09 02:01:10'),
(266, 'Kishoreganj', NULL, 33, '2021-03-09 02:01:11', '2021-03-09 02:01:11'),
(267, 'Nilphamari Sadar', NULL, 33, '2021-03-09 02:01:11', '2021-03-09 02:01:11'),
(268, 'Saidpur', NULL, 33, '2021-03-09 02:01:11', '2021-03-09 02:01:11'),
(269, 'Boda', NULL, 34, '2021-03-09 02:01:12', '2021-03-09 02:01:12'),
(270, 'Chotto Dab', NULL, 34, '2021-03-09 02:01:12', '2021-03-09 02:01:12'),
(271, 'Debiganj', NULL, 34, '2021-03-09 02:01:12', '2021-03-09 02:01:12'),
(272, 'Panchagarh Sadar', NULL, 34, '2021-03-09 02:01:13', '2021-03-09 02:01:13'),
(273, 'Tetulia', NULL, 34, '2021-03-09 02:01:13', '2021-03-09 02:01:13'),
(274, 'Badarganj', NULL, 35, '2021-03-09 02:01:13', '2021-03-09 02:01:13'),
(275, 'Gangachara', NULL, 35, '2021-03-09 02:01:14', '2021-03-09 02:01:14'),
(276, 'Kaunia', NULL, 35, '2021-03-09 02:01:14', '2021-03-09 02:01:14'),
(277, 'Mithapukur', NULL, 35, '2021-03-09 02:01:14', '2021-03-09 02:01:14'),
(278, 'Pirgachha', NULL, 35, '2021-03-09 02:01:15', '2021-03-09 02:01:15'),
(279, 'Rangpur Sadar', NULL, 35, '2021-03-09 02:01:15', '2021-03-09 02:01:15'),
(280, 'Taraganj', NULL, 35, '2021-03-09 02:01:16', '2021-03-09 02:01:16'),
(281, 'Baliadangi', NULL, 36, '2021-03-09 02:01:16', '2021-03-09 02:01:16'),
(282, 'Jibanpur', NULL, 36, '2021-03-09 02:01:17', '2021-03-09 02:01:17'),
(283, 'Pirganj', NULL, 36, '2021-03-09 02:01:17', '2021-03-09 02:01:17'),
(284, 'Ranisankail', NULL, 36, '2021-03-09 02:01:17', '2021-03-09 02:01:17'),
(285, 'Thakurgaon Sadar', NULL, 36, '2021-03-09 02:01:18', '2021-03-09 02:01:18'),
(286, 'Alamdighi', NULL, 37, '2021-03-09 02:01:19', '2021-03-09 02:01:19'),
(287, 'Bogra Sadar', NULL, 37, '2021-03-09 02:01:19', '2021-03-09 02:01:19'),
(288, 'Dhunat', NULL, 37, '2021-03-09 02:01:20', '2021-03-09 02:01:20'),
(289, 'Dupchachia', NULL, 37, '2021-03-09 02:01:20', '2021-03-09 02:01:20'),
(290, 'Gabtoli', NULL, 37, '2021-03-09 02:01:20', '2021-03-09 02:01:20'),
(291, 'Kahaloo', NULL, 37, '2021-03-09 02:01:21', '2021-03-09 02:01:21'),
(292, 'Nandigram', NULL, 37, '2021-03-09 02:01:21', '2021-03-09 02:01:21'),
(293, 'Sariakandi', NULL, 37, '2021-03-09 02:01:21', '2021-03-09 02:01:21'),
(294, 'Sherpur', NULL, 37, '2021-03-09 02:01:21', '2021-03-09 02:01:21'),
(295, 'Shibganj', NULL, 37, '2021-03-09 02:01:22', '2021-03-09 02:01:22'),
(296, 'Sonatala', NULL, 37, '2021-03-09 02:01:22', '2021-03-09 02:01:22'),
(297, 'Bholahat', NULL, 38, '2021-03-09 02:01:22', '2021-03-09 02:01:22'),
(298, 'Chapainawabganj Sadar', NULL, 38, '2021-03-09 02:01:23', '2021-03-09 02:01:23'),
(299, 'Nachole', NULL, 38, '2021-03-09 02:01:23', '2021-03-09 02:01:23'),
(300, 'Rohanpur', NULL, 38, '2021-03-09 02:01:24', '2021-03-09 02:01:24'),
(301, 'Shibganj', NULL, 38, '2021-03-09 02:01:24', '2021-03-09 02:01:24'),
(302, 'Akkelpur', NULL, 39, '2021-03-09 02:01:25', '2021-03-09 02:01:25'),
(303, 'Joypurhat Sadar', NULL, 39, '2021-03-09 02:01:25', '2021-03-09 02:01:25'),
(304, 'kalai', NULL, 39, '2021-03-09 02:01:26', '2021-03-09 02:01:26'),
(305, 'Khetlal', NULL, 39, '2021-03-09 02:01:26', '2021-03-09 02:01:26'),
(306, 'panchbibi', NULL, 39, '2021-03-09 02:01:26', '2021-03-09 02:01:26'),
(307, 'Ahsanganj', NULL, 40, '2021-03-09 02:01:26', '2021-03-09 02:01:26'),
(308, 'Badalgachhi', NULL, 40, '2021-03-09 02:01:27', '2021-03-09 02:01:27'),
(309, 'Dhamoirhat', NULL, 40, '2021-03-09 02:01:27', '2021-03-09 02:01:27'),
(310, 'Mohadevpur', NULL, 40, '2021-03-09 02:01:27', '2021-03-09 02:01:27'),
(311, 'Naogaon Sadar', NULL, 40, '2021-03-09 02:01:28', '2021-03-09 02:01:28'),
(312, 'Niamatpur', NULL, 40, '2021-03-09 02:01:28', '2021-03-09 02:01:28'),
(313, 'Nitpur', NULL, 40, '2021-03-09 02:01:28', '2021-03-09 02:01:28'),
(314, 'Patnitala', NULL, 40, '2021-03-09 02:01:29', '2021-03-09 02:01:29'),
(315, 'Prasadpur', NULL, 40, '2021-03-09 02:01:29', '2021-03-09 02:01:29'),
(316, 'Raninagar', NULL, 40, '2021-03-09 02:01:30', '2021-03-09 02:01:30'),
(317, 'Sapahar', NULL, 40, '2021-03-09 02:01:30', '2021-03-09 02:01:30'),
(318, 'Gopalpur UPO', NULL, 41, '2021-03-09 02:01:30', '2021-03-09 02:01:30'),
(319, 'Harua', NULL, 41, '2021-03-09 02:01:31', '2021-03-09 02:01:31'),
(320, 'Hatgurudaspur', NULL, 41, '2021-03-09 02:01:31', '2021-03-09 02:01:31'),
(321, 'Laxman', NULL, 41, '2021-03-09 02:01:31', '2021-03-09 02:01:31'),
(322, 'Natore Sadar', NULL, 41, '2021-03-09 02:01:32', '2021-03-09 02:01:32'),
(323, 'Singra', NULL, 41, '2021-03-09 02:01:32', '2021-03-09 02:01:32'),
(324, 'Banwarinagar', NULL, 42, '2021-03-09 02:01:32', '2021-03-09 02:01:32'),
(325, 'Bera', NULL, 42, '2021-03-09 02:01:33', '2021-03-09 02:01:33'),
(326, 'Bhangura', NULL, 42, '2021-03-09 02:01:33', '2021-03-09 02:01:33'),
(327, 'Chatmohar', NULL, 42, '2021-03-09 02:01:33', '2021-03-09 02:01:33'),
(328, 'Debottar', NULL, 42, '2021-03-09 02:01:34', '2021-03-09 02:01:34'),
(329, 'Ishwardi', NULL, 42, '2021-03-09 02:01:34', '2021-03-09 02:01:34'),
(330, 'Pabna Sadar', NULL, 42, '2021-03-09 02:01:34', '2021-03-09 02:01:34'),
(331, 'Santhia', NULL, 42, '2021-03-09 02:01:35', '2021-03-09 02:01:35'),
(332, 'Sujanagar', NULL, 42, '2021-03-09 02:01:35', '2021-03-09 02:01:35'),
(333, 'Bagha', NULL, 43, '2021-03-09 02:01:36', '2021-03-09 02:01:36'),
(334, 'Bhabaniganj', NULL, 43, '2021-03-09 02:01:36', '2021-03-09 02:01:36'),
(335, 'Charghat', NULL, 43, '2021-03-09 02:01:37', '2021-03-09 02:01:37'),
(336, 'Durgapur', NULL, 43, '2021-03-09 02:01:37', '2021-03-09 02:01:37'),
(337, 'Godagari', NULL, 43, '2021-03-09 02:01:37', '2021-03-09 02:01:37'),
(338, 'Mohanpur', NULL, 43, '2021-03-09 02:01:38', '2021-03-09 02:01:38'),
(339, 'Lalitganj', NULL, 43, '2021-03-09 02:01:38', '2021-03-09 02:01:38'),
(340, 'Puthia', NULL, 43, '2021-03-09 02:01:38', '2021-03-09 02:01:38'),
(341, 'Rajshahi Sadar', NULL, 43, '2021-03-09 02:01:39', '2021-03-09 02:01:39'),
(342, 'Tanore', NULL, 43, '2021-03-09 02:01:40', '2021-03-09 02:01:40'),
(343, 'Baiddya Jam Toil', NULL, 44, '2021-03-09 02:01:40', '2021-03-09 02:01:40'),
(344, 'Belkuchi', NULL, 44, '2021-03-09 02:01:41', '2021-03-09 02:01:41'),
(345, 'Dhangora', NULL, 44, '2021-03-09 02:01:41', '2021-03-09 02:01:41'),
(346, 'Kazipur', NULL, 44, '2021-03-09 02:01:42', '2021-03-09 02:01:42'),
(347, 'Shahjadpur', NULL, 44, '2021-03-09 02:01:42', '2021-03-09 02:01:42'),
(348, 'Sirajganj Sadar', NULL, 44, '2021-03-09 02:01:43', '2021-03-09 02:01:43'),
(349, 'Tarash', NULL, 44, '2021-03-09 02:01:43', '2021-03-09 02:01:43'),
(350, 'Ullahpara', NULL, 44, '2021-03-09 02:01:44', '2021-03-09 02:01:44'),
(351, 'Dewanganj', NULL, 45, '2021-03-09 02:01:44', '2021-03-09 02:01:44'),
(352, 'Islampur', NULL, 45, '2021-03-09 02:01:45', '2021-03-09 02:01:45'),
(353, 'Jamalpur Sadar', NULL, 45, '2021-03-09 02:01:45', '2021-03-09 02:01:45'),
(354, 'Melandaha', NULL, 45, '2021-03-09 02:01:46', '2021-03-09 02:01:46'),
(355, 'Madarganj', NULL, 45, '2021-03-09 02:01:46', '2021-03-09 02:01:46'),
(356, 'Sarishabari', NULL, 45, '2021-03-09 02:01:47', '2021-03-09 02:01:47'),
(357, 'Bhaluka', NULL, 46, '2021-03-09 02:01:47', '2021-03-09 02:01:47'),
(358, 'Fulbaria', NULL, 46, '2021-03-09 02:01:48', '2021-03-09 02:01:48'),
(359, 'Gaffargaon', NULL, 46, '2021-03-09 02:01:48', '2021-03-09 02:01:48'),
(360, 'Gauripur', NULL, 46, '2021-03-09 02:01:49', '2021-03-09 02:01:49'),
(361, 'Haluaghat', NULL, 46, '2021-03-09 02:01:49', '2021-03-09 02:01:49'),
(362, 'Ishwarganj', NULL, 46, '2021-03-09 02:01:49', '2021-03-09 02:01:49'),
(363, 'Muktagachha', NULL, 46, '2021-03-09 02:01:50', '2021-03-09 02:01:50'),
(364, 'Mymensingh Sadar', NULL, 46, '2021-03-09 02:01:50', '2021-03-09 02:01:50'),
(365, 'Nandail', NULL, 46, '2021-03-09 02:01:51', '2021-03-09 02:01:51'),
(366, 'Phulpur', NULL, 46, '2021-03-09 02:01:51', '2021-03-09 02:01:51'),
(367, 'Trishal', NULL, 46, '2021-03-09 02:01:52', '2021-03-09 02:01:52'),
(368, 'Dhobaura', NULL, 46, '2021-03-09 02:01:52', '2021-03-09 02:01:52'),
(369, 'Durgapur', NULL, 47, '2021-03-09 02:01:52', '2021-03-09 02:01:52'),
(370, 'Atpara', NULL, 47, '2021-03-09 02:01:53', '2021-03-09 02:01:53'),
(371, 'Barhatta', NULL, 47, '2021-03-09 02:01:53', '2021-03-09 02:01:53'),
(372, 'Dharampasha', NULL, 47, '2021-03-09 02:01:53', '2021-03-09 02:01:53'),
(373, 'Dhobaura', NULL, 47, '2021-03-09 02:01:53', '2021-03-09 02:01:53'),
(374, 'Kalmakanda', NULL, 47, '2021-03-09 02:01:54', '2021-03-09 02:01:54'),
(375, 'Kendua', NULL, 47, '2021-03-09 02:01:54', '2021-03-09 02:01:54'),
(376, 'Khaliajuri', NULL, 47, '2021-03-09 02:01:54', '2021-03-09 02:01:54'),
(377, 'Madan', NULL, 47, '2021-03-09 02:01:55', '2021-03-09 02:01:55'),
(378, 'Moddhynagar', NULL, 47, '2021-03-09 02:01:55', '2021-03-09 02:01:55'),
(379, 'Mohanganj', NULL, 47, '2021-03-09 02:01:55', '2021-03-09 02:01:55'),
(380, 'Netrakona Sadar', NULL, 47, '2021-03-09 02:01:56', '2021-03-09 02:01:56'),
(381, 'Purbadhola', NULL, 47, '2021-03-09 02:01:56', '2021-03-09 02:01:56'),
(382, 'Baksiganj', NULL, 48, '2021-03-09 02:01:57', '2021-03-09 02:01:57'),
(383, 'Jhinaigati', NULL, 48, '2021-03-09 02:01:57', '2021-03-09 02:01:57'),
(384, 'Nakla', NULL, 48, '2021-03-09 02:01:57', '2021-03-09 02:01:57'),
(385, 'Nalitabari', NULL, 48, '2021-03-09 02:01:58', '2021-03-09 02:01:58'),
(386, 'Sherpur Shadar', NULL, 48, '2021-03-09 02:01:58', '2021-03-09 02:01:58'),
(387, 'Shribardi', NULL, 48, '2021-03-09 02:01:58', '2021-03-09 02:01:58'),
(388, 'Amtali', NULL, 49, '2021-03-09 02:01:59', '2021-03-09 02:01:59'),
(389, 'Bamna', NULL, 49, '2021-03-09 02:01:59', '2021-03-09 02:01:59'),
(390, 'Barguna Sadar', NULL, 49, '2021-03-09 02:01:59', '2021-03-09 02:01:59'),
(391, 'Betagi', NULL, 49, '2021-03-09 02:02:00', '2021-03-09 02:02:00'),
(392, 'Patharghata', NULL, 49, '2021-03-09 02:02:00', '2021-03-09 02:02:00'),
(393, 'Agailjhara', NULL, 50, '2021-03-09 02:02:01', '2021-03-09 02:02:01'),
(394, 'Babuganj', NULL, 50, '2021-03-09 02:02:01', '2021-03-09 02:02:01'),
(395, 'Barajalia', NULL, 50, '2021-03-09 02:02:02', '2021-03-09 02:02:02'),
(396, 'Barisal Sadar', NULL, 50, '2021-03-09 02:02:03', '2021-03-09 02:02:03'),
(397, 'Gaurnadi', NULL, 50, '2021-03-09 02:02:04', '2021-03-09 02:02:04'),
(398, 'Mahendiganj', NULL, 50, '2021-03-09 02:02:04', '2021-03-09 02:02:04'),
(399, 'Muladi', NULL, 50, '2021-03-09 02:02:05', '2021-03-09 02:02:05'),
(400, 'Sahebganj', NULL, 50, '2021-03-09 02:02:06', '2021-03-09 02:02:06'),
(401, 'Uzirpur', NULL, 50, '2021-03-09 02:02:06', '2021-03-09 02:02:06'),
(402, 'Bhola Sadar', NULL, 51, '2021-03-09 02:02:07', '2021-03-09 02:02:07'),
(403, 'Burhanuddin', NULL, 51, '2021-03-09 02:02:08', '2021-03-09 02:02:08'),
(404, 'Char Fasson', NULL, 51, '2021-03-09 02:02:08', '2021-03-09 02:02:08'),
(405, 'Daulatkhan', NULL, 51, '2021-03-09 02:02:09', '2021-03-09 02:02:09'),
(406, 'Hajirhat', NULL, 51, '2021-03-09 02:02:09', '2021-03-09 02:02:09'),
(407, 'Hatshoshiganj', NULL, 51, '2021-03-09 02:02:09', '2021-03-09 02:02:09'),
(408, 'Lalmohan', NULL, 51, '2021-03-09 02:02:10', '2021-03-09 02:02:10'),
(409, 'Jhalokati Sadar', NULL, 52, '2021-03-09 02:02:10', '2021-03-09 02:02:10'),
(410, 'Kathalia', NULL, 52, '2021-03-09 02:02:11', '2021-03-09 02:02:11'),
(411, 'Nalchity', NULL, 52, '2021-03-09 02:02:11', '2021-03-09 02:02:11'),
(412, 'Rajapur', NULL, 52, '2021-03-09 02:02:12', '2021-03-09 02:02:12'),
(413, 'Bauphal', NULL, 53, '2021-03-09 02:02:12', '2021-03-09 02:02:12'),
(414, 'Dashmina', NULL, 53, '2021-03-09 02:02:13', '2021-03-09 02:02:13'),
(415, 'Galachipa', NULL, 53, '2021-03-09 02:02:13', '2021-03-09 02:02:13'),
(416, 'Khepupara', NULL, 53, '2021-03-09 02:02:13', '2021-03-09 02:02:13'),
(417, 'Patuakhali Sadar', NULL, 53, '2021-03-09 02:02:14', '2021-03-09 02:02:14'),
(418, 'Subidkhali', NULL, 53, '2021-03-09 02:02:14', '2021-03-09 02:02:14'),
(419, 'Banaripara', NULL, 54, '2021-03-09 02:02:15', '2021-03-09 02:02:15'),
(420, 'Bhandaria', NULL, 54, '2021-03-09 02:02:15', '2021-03-09 02:02:15'),
(421, 'kaukhali', NULL, 54, '2021-03-09 02:02:16', '2021-03-09 02:02:16'),
(422, 'Mathbaria', NULL, 54, '2021-03-09 02:02:17', '2021-03-09 02:02:17'),
(423, 'Nazirpur', NULL, 54, '2021-03-09 02:02:17', '2021-03-09 02:02:17'),
(424, 'Pirojpur Sadar', NULL, 54, '2021-03-09 02:02:18', '2021-03-09 02:02:18'),
(425, 'Swarupkathi', NULL, 54, '2021-03-09 02:02:18', '2021-03-09 02:02:18'),
(426, 'Alamdanga', NULL, 55, '2021-03-09 02:02:19', '2021-03-09 02:02:19'),
(427, 'Chuadanga Sadar', NULL, 55, '2021-03-09 02:02:20', '2021-03-09 02:02:20'),
(428, 'Damurhuda', NULL, 55, '2021-03-09 02:02:20', '2021-03-09 02:02:20'),
(429, 'Doulatganj', NULL, 55, '2021-03-09 02:02:21', '2021-03-09 02:02:21'),
(430, 'Bagerhat Sadar', NULL, 56, '2021-03-09 02:02:21', '2021-03-09 02:02:21'),
(431, 'Chalna Ankorage', NULL, 56, '2021-03-09 02:02:21', '2021-03-09 02:02:21'),
(432, 'Chitalmari', NULL, 56, '2021-03-09 02:02:22', '2021-03-09 02:02:22'),
(433, 'Fakirhat', NULL, 56, '2021-03-09 02:02:22', '2021-03-09 02:02:22'),
(434, 'Kachua', NULL, 56, '2021-03-09 02:02:23', '2021-03-09 02:02:23'),
(435, 'Mollahat', NULL, 56, '2021-03-09 02:02:23', '2021-03-09 02:02:23'),
(436, 'Morrelganj', NULL, 56, '2021-03-09 02:02:24', '2021-03-09 02:02:24'),
(437, 'Rampal', NULL, 56, '2021-03-09 02:02:25', '2021-03-09 02:02:25'),
(438, 'Rayenda', NULL, 56, '2021-03-09 02:02:25', '2021-03-09 02:02:25'),
(439, 'Bagherpara', NULL, 57, '2021-03-09 02:02:26', '2021-03-09 02:02:26'),
(440, 'Chaugachha', NULL, 57, '2021-03-09 02:02:26', '2021-03-09 02:02:26'),
(441, 'Jessore Sadar', NULL, 57, '2021-03-09 02:02:26', '2021-03-09 02:02:26'),
(442, 'Jhikargachha', NULL, 57, '2021-03-09 02:02:27', '2021-03-09 02:02:27'),
(443, 'Keshabpur', NULL, 57, '2021-03-09 02:02:28', '2021-03-09 02:02:28'),
(444, 'Manirampur', NULL, 57, '2021-03-09 02:02:28', '2021-03-09 02:02:28'),
(445, 'Noapara', NULL, 57, '2021-03-09 02:02:28', '2021-03-09 02:02:28'),
(446, 'Sharsha', NULL, 57, '2021-03-09 02:02:28', '2021-03-09 02:02:28'),
(447, 'Harinakunda', NULL, 58, '2021-03-09 02:02:29', '2021-03-09 02:02:29'),
(448, 'Jhenaidah Sadar', NULL, 58, '2021-03-09 02:02:29', '2021-03-09 02:02:29'),
(449, 'Kotchandpur', NULL, 58, '2021-03-09 02:02:30', '2021-03-09 02:02:30'),
(450, 'Maheshpur', NULL, 58, '2021-03-09 02:02:30', '2021-03-09 02:02:30'),
(451, 'Naldanga', NULL, 58, '2021-03-09 02:02:30', '2021-03-09 02:02:30'),
(452, 'Shailkupa', NULL, 58, '2021-03-09 02:02:30', '2021-03-09 02:02:30'),
(453, 'Alaipur', NULL, 59, '2021-03-09 02:02:31', '2021-03-09 02:02:31'),
(454, 'Batiaghata', NULL, 59, '2021-03-09 02:02:31', '2021-03-09 02:02:31'),
(455, 'Chalna Bazar', NULL, 59, '2021-03-09 02:02:32', '2021-03-09 02:02:32'),
(456, 'Dighalia', NULL, 59, '2021-03-09 02:02:32', '2021-03-09 02:02:32'),
(457, 'Khulna Sadar', NULL, 59, '2021-03-09 02:02:33', '2021-03-09 02:02:33'),
(458, 'Madinabad', NULL, 59, '2021-03-09 02:02:34', '2021-03-09 02:02:34'),
(459, 'Paikgachha', NULL, 59, '2021-03-09 02:02:34', '2021-03-09 02:02:34'),
(460, 'Phultala', NULL, 59, '2021-03-09 02:02:35', '2021-03-09 02:02:35'),
(461, 'Sajiara', NULL, 59, '2021-03-09 02:02:35', '2021-03-09 02:02:35'),
(462, 'Terokhada', NULL, 59, '2021-03-09 02:02:36', '2021-03-09 02:02:36'),
(463, 'Bheramara', NULL, 60, '2021-03-09 02:02:37', '2021-03-09 02:02:37'),
(464, 'Janipur', NULL, 60, '2021-03-09 02:02:37', '2021-03-09 02:02:37'),
(465, 'Kumarkhali', NULL, 60, '2021-03-09 02:02:37', '2021-03-09 02:02:37'),
(466, 'Kushtia Sadar', NULL, 60, '2021-03-09 02:02:38', '2021-03-09 02:02:38'),
(467, 'Mirpur', NULL, 60, '2021-03-09 02:02:38', '2021-03-09 02:02:38'),
(468, 'Rafayetpur', NULL, 60, '2021-03-09 02:02:39', '2021-03-09 02:02:39'),
(469, 'Arpara', NULL, 61, '2021-03-09 02:02:39', '2021-03-09 02:02:39'),
(470, 'Magura Sadar', NULL, 61, '2021-03-09 02:02:40', '2021-03-09 02:02:40'),
(471, 'Mohammadpur', NULL, 61, '2021-03-09 02:02:40', '2021-03-09 02:02:40'),
(472, 'Sreepur', NULL, 61, '2021-03-09 02:02:40', '2021-03-09 02:02:40'),
(473, 'Gangni', NULL, 62, '2021-03-09 02:02:41', '2021-03-09 02:02:41'),
(474, 'Meherpur Sadar', NULL, 62, '2021-03-09 02:02:41', '2021-03-09 02:02:41'),
(475, 'Kalia', NULL, 63, '2021-03-09 02:02:42', '2021-03-09 02:02:42'),
(476, 'Laxmipasha', NULL, 63, '2021-03-09 02:02:42', '2021-03-09 02:02:42'),
(477, 'Mohajan', NULL, 63, '2021-03-09 02:02:43', '2021-03-09 02:02:43'),
(478, 'Narail Sadar', NULL, 63, '2021-03-09 02:02:43', '2021-03-09 02:02:43'),
(479, 'Assasuni', NULL, 64, '2021-03-09 02:02:43', '2021-03-09 02:02:43'),
(480, 'Debhata', NULL, 64, '2021-03-09 02:02:44', '2021-03-09 02:02:44'),
(481, 'kalaroa', NULL, 64, '2021-03-09 02:02:44', '2021-03-09 02:02:44'),
(482, 'Kaliganj', NULL, 64, '2021-03-09 02:02:45', '2021-03-09 02:02:45'),
(483, 'Nakipur', NULL, 64, '2021-03-09 02:02:45', '2021-03-09 02:02:45'),
(484, 'Satkhira Sadar', NULL, 64, '2021-03-09 02:02:46', '2021-03-09 02:02:46'),
(485, 'Tala', NULL, 64, '2021-03-09 02:02:47', '2021-03-09 02:02:47');

--
-- Indexes for dumped tables
--

--
-- Indexes for table `districts`
--
ALTER TABLE `districts`
  ADD PRIMARY KEY (`id`),
  ADD KEY `districts_division_id_foreign` (`division_id`);

--
-- Indexes for table `divisions`
--
ALTER TABLE `divisions`
  ADD PRIMARY KEY (`id`);

--
-- Indexes for table `migrations`
--
ALTER TABLE `migrations`
  ADD PRIMARY KEY (`id`);

--
-- Indexes for table `post_offices`
--
ALTER TABLE `post_offices`
  ADD PRIMARY KEY (`id`),
  ADD KEY `post_offices_thana_id_foreign` (`thana_id`);

--
-- Indexes for table `thanas`
--
ALTER TABLE `thanas`
  ADD PRIMARY KEY (`id`),
  ADD KEY `thanas_district_id_foreign` (`district_id`);

--
-- AUTO_INCREMENT for dumped tables
--

--
-- AUTO_INCREMENT for table `districts`
--
ALTER TABLE `districts`
  MODIFY `id` bigint UNSIGNED NOT NULL AUTO_INCREMENT, AUTO_INCREMENT=65;

--
-- AUTO_INCREMENT for table `divisions`
--
ALTER TABLE `divisions`
  MODIFY `id` bigint UNSIGNED NOT NULL AUTO_INCREMENT, AUTO_INCREMENT=9;

--
-- AUTO_INCREMENT for table `migrations`
--
ALTER TABLE `migrations`
  MODIFY `id` int UNSIGNED NOT NULL AUTO_INCREMENT, AUTO_INCREMENT=5;

--
-- AUTO_INCREMENT for table `post_offices`
--
ALTER TABLE `post_offices`
  MODIFY `id` bigint UNSIGNED NOT NULL AUTO_INCREMENT, AUTO_INCREMENT=1351;

--
-- AUTO_INCREMENT for table `thanas`
--
ALTER TABLE `thanas`
  MODIFY `id` bigint UNSIGNED NOT NULL AUTO_INCREMENT, AUTO_INCREMENT=486;

--
-- Constraints for dumped tables
--

--
-- Constraints for table `districts`
--
ALTER TABLE `districts`
  ADD CONSTRAINT `districts_division_id_foreign` FOREIGN KEY (`division_id`) REFERENCES `divisions` (`id`);

--
-- Constraints for table `post_offices`
--
ALTER TABLE `post_offices`
  ADD CONSTRAINT `post_offices_thana_id_foreign` FOREIGN KEY (`thana_id`) REFERENCES `thanas` (`id`);

--
-- Constraints for table `thanas`
--
ALTER TABLE `thanas`
  ADD CONSTRAINT `thanas_district_id_foreign` FOREIGN KEY (`district_id`) REFERENCES `districts` (`id`);
COMMIT;

/*!40101 SET CHARACTER_SET_CLIENT=@OLD_CHARACTER_SET_CLIENT */;
/*!40101 SET CHARACTER_SET_RESULTS=@OLD_CHARACTER_SET_RESULTS */;
/*!40101 SET COLLATION_CONNECTION=@OLD_COLLATION_CONNECTION */;
